solid OpenSCAD_Model
  facet normal 0.997851 0.0655224 0
    outer loop
      vertex -10.45 -10.375 3
      vertex -10.474 -10.0095 0
      vertex -10.474 -10.0095 3
    endloop
  endfacet
  facet normal 0.997851 0.0655224 0
    outer loop
      vertex -10.474 -10.0095 0
      vertex -10.45 -10.375 3
      vertex -10.45 -10.375 0
    endloop
  endfacet
  facet normal -0.997851 0.0655224 0
    outer loop
      vertex -16.05 -10.375 0
      vertex -16.026 -10.0095 3
      vertex -16.026 -10.0095 0
    endloop
  endfacet
  facet normal -0.997851 0.0655224 0
    outer loop
      vertex -16.026 -10.0095 3
      vertex -16.05 -10.375 0
      vertex -16.05 -10.375 3
    endloop
  endfacet
  facet normal 0.0653864 0.99786 -0
    outer loop
      vertex -12.8845 -7.59895 0
      vertex -13.25 -7.575 3
      vertex -12.8845 -7.59895 3
    endloop
  endfacet
  facet normal 0.0653864 0.99786 0
    outer loop
      vertex -13.25 -7.575 3
      vertex -12.8845 -7.59895 0
      vertex -13.25 -7.575 0
    endloop
  endfacet
  facet normal 0.0655224 -0.997851 0
    outer loop
      vertex -13.25 -13.175 0
      vertex -12.8845 -13.151 3
      vertex -13.25 -13.175 3
    endloop
  endfacet
  facet normal 0.0655224 -0.997851 0
    outer loop
      vertex -12.8845 -13.151 3
      vertex -13.25 -13.175 0
      vertex -12.8845 -13.151 0
    endloop
  endfacet
  facet normal 0.659301 0.751879 -0
    outer loop
      vertex -11.2701 -8.3951 0
      vertex -11.5455 -8.15361 3
      vertex -11.2701 -8.3951 3
    endloop
  endfacet
  facet normal 0.659301 0.751879 0
    outer loop
      vertex -11.5455 -8.15361 3
      vertex -11.2701 -8.3951 0
      vertex -11.5455 -8.15361 0
    endloop
  endfacet
  facet normal -0.659301 0.751879 0
    outer loop
      vertex -14.9545 -8.15361 0
      vertex -15.2299 -8.3951 3
      vertex -14.9545 -8.15361 3
    endloop
  endfacet
  facet normal -0.659301 0.751879 0
    outer loop
      vertex -15.2299 -8.3951 3
      vertex -14.9545 -8.15361 0
      vertex -15.2299 -8.3951 0
    endloop
  endfacet
  facet normal -0.321457 0.946924 0
    outer loop
      vertex -13.9747 -7.67041 0
      vertex -14.3215 -7.78814 3
      vertex -13.9747 -7.67041 3
    endloop
  endfacet
  facet normal -0.321457 0.946924 0
    outer loop
      vertex -14.3215 -7.78814 3
      vertex -13.9747 -7.67041 0
      vertex -14.3215 -7.78814 0
    endloop
  endfacet
  facet normal 0.896866 0.442303 0
    outer loop
      vertex -10.6631 -9.30349 3
      vertex -10.8251 -8.975 0
      vertex -10.8251 -8.975 3
    endloop
  endfacet
  facet normal 0.896866 0.442303 0
    outer loop
      vertex -10.8251 -8.975 0
      vertex -10.6631 -9.30349 3
      vertex -10.6631 -9.30349 0
    endloop
  endfacet
  facet normal 0.831445 0.555607 0
    outer loop
      vertex -10.8251 -8.975 3
      vertex -11.0286 -8.67047 0
      vertex -11.0286 -8.67047 3
    endloop
  endfacet
  facet normal 0.831445 0.555607 0
    outer loop
      vertex -11.0286 -8.67047 0
      vertex -10.8251 -8.975 3
      vertex -10.8251 -8.975 0
    endloop
  endfacet
  facet normal 0.442271 0.896882 -0
    outer loop
      vertex -11.85 -7.95013 0
      vertex -12.1785 -7.78814 3
      vertex -11.85 -7.95013 3
    endloop
  endfacet
  facet normal 0.442271 0.896882 0
    outer loop
      vertex -12.1785 -7.78814 3
      vertex -11.85 -7.95013 0
      vertex -12.1785 -7.78814 0
    endloop
  endfacet
  facet normal 0.321457 0.946924 -0
    outer loop
      vertex -12.1785 -7.78814 0
      vertex -12.5253 -7.67041 3
      vertex -12.1785 -7.78814 3
    endloop
  endfacet
  facet normal 0.321457 0.946924 0
    outer loop
      vertex -12.5253 -7.67041 3
      vertex -12.1785 -7.78814 0
      vertex -12.5253 -7.67041 0
    endloop
  endfacet
  facet normal 0.555607 0.831445 -0
    outer loop
      vertex -11.5455 -8.15361 0
      vertex -11.85 -7.95013 3
      vertex -11.5455 -8.15361 3
    endloop
  endfacet
  facet normal 0.555607 0.831445 0
    outer loop
      vertex -11.85 -7.95013 3
      vertex -11.5455 -8.15361 0
      vertex -11.85 -7.95013 0
    endloop
  endfacet
  facet normal -0.896866 0.442303 0
    outer loop
      vertex -15.8369 -9.30349 0
      vertex -15.6749 -8.975 3
      vertex -15.6749 -8.975 0
    endloop
  endfacet
  facet normal -0.896866 0.442303 0
    outer loop
      vertex -15.6749 -8.975 3
      vertex -15.8369 -9.30349 0
      vertex -15.8369 -9.30349 3
    endloop
  endfacet
  facet normal -0.75183 0.659357 0
    outer loop
      vertex -15.4714 -8.67047 0
      vertex -15.2299 -8.3951 3
      vertex -15.2299 -8.3951 0
    endloop
  endfacet
  facet normal -0.75183 0.659357 0
    outer loop
      vertex -15.2299 -8.3951 3
      vertex -15.4714 -8.67047 0
      vertex -15.4714 -8.67047 3
    endloop
  endfacet
  facet normal -0.946955 0.321367 0
    outer loop
      vertex -15.9546 -9.65031 0
      vertex -15.8369 -9.30349 3
      vertex -15.8369 -9.30349 0
    endloop
  endfacet
  facet normal -0.946955 0.321367 0
    outer loop
      vertex -15.8369 -9.30349 3
      vertex -15.9546 -9.65031 0
      vertex -15.9546 -9.65031 3
    endloop
  endfacet
  facet normal -0.195118 0.98078 0
    outer loop
      vertex -13.6155 -7.59895 0
      vertex -13.9747 -7.67041 3
      vertex -13.6155 -7.59895 3
    endloop
  endfacet
  facet normal -0.195118 0.98078 0
    outer loop
      vertex -13.9747 -7.67041 3
      vertex -13.6155 -7.59895 0
      vertex -13.9747 -7.67041 0
    endloop
  endfacet
  facet normal 0.442292 -0.896871 0
    outer loop
      vertex -12.1785 -12.9619 0
      vertex -11.85 -12.7999 3
      vertex -12.1785 -12.9619 3
    endloop
  endfacet
  facet normal 0.442292 -0.896871 0
    outer loop
      vertex -11.85 -12.7999 3
      vertex -12.1785 -12.9619 0
      vertex -11.85 -12.7999 0
    endloop
  endfacet
  facet normal 0.946955 0.321367 0
    outer loop
      vertex -10.5454 -9.65031 3
      vertex -10.6631 -9.30349 0
      vertex -10.6631 -9.30349 3
    endloop
  endfacet
  facet normal 0.946955 0.321367 0
    outer loop
      vertex -10.6631 -9.30349 0
      vertex -10.5454 -9.65031 3
      vertex -10.5454 -9.65031 0
    endloop
  endfacet
  facet normal 0.98081 0.194966 0
    outer loop
      vertex -10.474 -10.0095 3
      vertex -10.5454 -9.65031 0
      vertex -10.5454 -9.65031 3
    endloop
  endfacet
  facet normal 0.98081 0.194966 0
    outer loop
      vertex -10.5454 -9.65031 0
      vertex -10.474 -10.0095 3
      vertex -10.474 -10.0095 0
    endloop
  endfacet
  facet normal 0.75183 0.659357 0
    outer loop
      vertex -11.0286 -8.67047 3
      vertex -11.2701 -8.3951 0
      vertex -11.2701 -8.3951 3
    endloop
  endfacet
  facet normal 0.75183 0.659357 0
    outer loop
      vertex -11.2701 -8.3951 0
      vertex -11.0286 -8.67047 3
      vertex -11.0286 -8.67047 0
    endloop
  endfacet
  facet normal 0.195118 0.98078 -0
    outer loop
      vertex -12.5253 -7.67041 0
      vertex -12.8845 -7.59895 3
      vertex -12.5253 -7.67041 3
    endloop
  endfacet
  facet normal 0.195118 0.98078 0
    outer loop
      vertex -12.8845 -7.59895 3
      vertex -12.5253 -7.67041 0
      vertex -12.8845 -7.59895 0
    endloop
  endfacet
  facet normal -0.831445 0.555607 0
    outer loop
      vertex -15.6749 -8.975 0
      vertex -15.4714 -8.67047 3
      vertex -15.4714 -8.67047 0
    endloop
  endfacet
  facet normal -0.831445 0.555607 0
    outer loop
      vertex -15.4714 -8.67047 3
      vertex -15.6749 -8.975 0
      vertex -15.6749 -8.975 3
    endloop
  endfacet
  facet normal -0.98081 0.194966 0
    outer loop
      vertex -16.026 -10.0095 0
      vertex -15.9546 -9.65031 3
      vertex -15.9546 -9.65031 0
    endloop
  endfacet
  facet normal -0.98081 0.194966 0
    outer loop
      vertex -15.9546 -9.65031 3
      vertex -16.026 -10.0095 0
      vertex -16.026 -10.0095 3
    endloop
  endfacet
  facet normal 0 0 -1
    outer loop
      vertex 15.8369 -9.30349 3
      vertex 17 -12 3
      vertex 15.9546 -9.65031 3
    endloop
  endfacet
  facet normal 0 0 -1
    outer loop
      vertex 17 12 3
      vertex 16.026 10.0095 3
      vertex 16.05 10.375 3
    endloop
  endfacet
  facet normal 0 0 -1
    outer loop
      vertex 17 -12 3
      vertex 15.8369 -9.30349 3
      vertex 17 12 3
    endloop
  endfacet
  facet normal 0 0 -1
    outer loop
      vertex 17 12 3
      vertex 15.9546 9.65031 3
      vertex 16.026 10.0095 3
    endloop
  endfacet
  facet normal 0 0 -1
    outer loop
      vertex 15.8369 9.30349 3
      vertex 17 12 3
      vertex 15.8369 -9.30349 3
    endloop
  endfacet
  facet normal 0 0 -1
    outer loop
      vertex 17 12 3
      vertex 15.8369 9.30349 3
      vertex 15.9546 9.65031 3
    endloop
  endfacet
  facet normal 0 0 -1
    outer loop
      vertex 15.6749 -8.975 3
      vertex 15.8369 9.30349 3
      vertex 15.8369 -9.30349 3
    endloop
  endfacet
  facet normal 0 0 -1
    outer loop
      vertex 15.6749 -8.975 3
      vertex 15.6749 8.975 3
      vertex 15.8369 9.30349 3
    endloop
  endfacet
  facet normal 0 0 -1
    outer loop
      vertex 15.4714 -8.67047 3
      vertex 15.6749 8.975 3
      vertex 15.6749 -8.975 3
    endloop
  endfacet
  facet normal 0 0 -1
    outer loop
      vertex 15.4714 -8.67047 3
      vertex 15.4714 8.67047 3
      vertex 15.6749 8.975 3
    endloop
  endfacet
  facet normal 0 0 -1
    outer loop
      vertex 15.2299 -8.3951 3
      vertex 15.4714 8.67047 3
      vertex 15.4714 -8.67047 3
    endloop
  endfacet
  facet normal 0 0 -1
    outer loop
      vertex 15.2299 -8.3951 3
      vertex 15.2299 8.3951 3
      vertex 15.4714 8.67047 3
    endloop
  endfacet
  facet normal 0 0 -1
    outer loop
      vertex 14.9545 -8.15361 3
      vertex 15.2299 8.3951 3
      vertex 15.2299 -8.3951 3
    endloop
  endfacet
  facet normal 0 0 -1
    outer loop
      vertex 14.9545 -8.15361 3
      vertex 14.9545 8.15361 3
      vertex 15.2299 8.3951 3
    endloop
  endfacet
  facet normal 0 0 -1
    outer loop
      vertex 14.65 -7.95013 3
      vertex 14.9545 8.15361 3
      vertex 14.9545 -8.15361 3
    endloop
  endfacet
  facet normal 0 0 -1
    outer loop
      vertex 14.65 -7.95013 3
      vertex 14.65 7.95013 3
      vertex 14.9545 8.15361 3
    endloop
  endfacet
  facet normal 0 0 -1
    outer loop
      vertex 14.3215 -7.78814 3
      vertex 14.65 7.95013 3
      vertex 14.65 -7.95013 3
    endloop
  endfacet
  facet normal 0 0 -1
    outer loop
      vertex 14.3215 -7.78814 3
      vertex 14.3215 7.78814 3
      vertex 14.65 7.95013 3
    endloop
  endfacet
  facet normal 0 0 -1
    outer loop
      vertex 13.9747 -7.67041 3
      vertex 14.3215 7.78814 3
      vertex 14.3215 -7.78814 3
    endloop
  endfacet
  facet normal 0 0 -1
    outer loop
      vertex 13.9747 -7.67041 3
      vertex 13.9747 7.67041 3
      vertex 14.3215 7.78814 3
    endloop
  endfacet
  facet normal 0 0 -1
    outer loop
      vertex 13.6155 -7.59895 3
      vertex 13.9747 7.67041 3
      vertex 13.9747 -7.67041 3
    endloop
  endfacet
  facet normal 0 0 -1
    outer loop
      vertex 13.6155 -7.59895 3
      vertex 13.6155 7.59895 3
      vertex 13.9747 7.67041 3
    endloop
  endfacet
  facet normal 0 0 -1
    outer loop
      vertex 13.25 -7.575 3
      vertex 13.6155 7.59895 3
      vertex 13.6155 -7.59895 3
    endloop
  endfacet
  facet normal 0 0 -1
    outer loop
      vertex 13.25 -7.575 3
      vertex 13.25 7.575 3
      vertex 13.6155 7.59895 3
    endloop
  endfacet
  facet normal 0 0 -1
    outer loop
      vertex 12.8845 -7.59895 3
      vertex 13.25 7.575 3
      vertex 13.25 -7.575 3
    endloop
  endfacet
  facet normal 0 0 -1
    outer loop
      vertex 12.8845 -7.59895 3
      vertex 12.8845 7.59895 3
      vertex 13.25 7.575 3
    endloop
  endfacet
  facet normal 0 0 -1
    outer loop
      vertex 12.5253 -7.67041 3
      vertex 12.8845 7.59895 3
      vertex 12.8845 -7.59895 3
    endloop
  endfacet
  facet normal 0 0 -1
    outer loop
      vertex 12.5253 -7.67041 3
      vertex 12.5253 7.67041 3
      vertex 12.8845 7.59895 3
    endloop
  endfacet
  facet normal 0 0 -1
    outer loop
      vertex 12.1785 -7.78814 3
      vertex 12.5253 7.67041 3
      vertex 12.5253 -7.67041 3
    endloop
  endfacet
  facet normal 0 0 -1
    outer loop
      vertex 12.1785 -7.78814 3
      vertex 12.1785 7.78814 3
      vertex 12.5253 7.67041 3
    endloop
  endfacet
  facet normal 0 0 -1
    outer loop
      vertex 11.85 -7.95013 3
      vertex 12.1785 7.78814 3
      vertex 12.1785 -7.78814 3
    endloop
  endfacet
  facet normal 0 0 -1
    outer loop
      vertex 11.85 -7.95013 3
      vertex 11.85 7.95013 3
      vertex 12.1785 7.78814 3
    endloop
  endfacet
  facet normal 0 0 -1
    outer loop
      vertex 11.75 -8.01695 3
      vertex 11.85 7.95013 3
      vertex 11.85 -7.95013 3
    endloop
  endfacet
  facet normal -0 0 -1
    outer loop
      vertex 11.85 7.95013 3
      vertex 11.75 -8.01695 3
      vertex 11.75 8.01695 3
    endloop
  endfacet
  facet normal 0 0 -1
    outer loop
      vertex 15.6749 -11.775 3
      vertex 17 -12 3
      vertex 16.9914 -12.1305 3
    endloop
  endfacet
  facet normal 0 0 -1
    outer loop
      vertex 16.026 -10.0095 3
      vertex 17 -12 3
      vertex 16.05 -10.375 3
    endloop
  endfacet
  facet normal 0 0 -1
    outer loop
      vertex 15.6749 -11.775 3
      vertex 16.9914 -12.1305 3
      vertex 16.9659 -12.2588 3
    endloop
  endfacet
  facet normal 0 0 -1
    outer loop
      vertex 15.9546 -9.65031 3
      vertex 17 -12 3
      vertex 16.026 -10.0095 3
    endloop
  endfacet
  facet normal 0 0 -1
    outer loop
      vertex 15.6749 -11.775 3
      vertex 16.9659 -12.2588 3
      vertex 16.9239 -12.3827 3
    endloop
  endfacet
  facet normal 0 0 -1
    outer loop
      vertex 16.026 10.7405 3
      vertex 17 12 3
      vertex 16.05 10.375 3
    endloop
  endfacet
  facet normal 0 0 -1
    outer loop
      vertex 15.6749 -11.775 3
      vertex 16.9239 -12.3827 3
      vertex 16.866 -12.5 3
    endloop
  endfacet
  facet normal 0 0 -1
    outer loop
      vertex 15.9546 11.0997 3
      vertex 17 12 3
      vertex 16.026 10.7405 3
    endloop
  endfacet
  facet normal 0 0 -1
    outer loop
      vertex 15.6749 -11.775 3
      vertex 16.866 -12.5 3
      vertex 16.7934 -12.6088 3
    endloop
  endfacet
  facet normal 0 0 -1
    outer loop
      vertex 15.8369 11.4465 3
      vertex 17 12 3
      vertex 15.9546 11.0997 3
    endloop
  endfacet
  facet normal 0 0 -1
    outer loop
      vertex 15.6749 -11.775 3
      vertex 16.7934 -12.6088 3
      vertex 16.7071 -12.7071 3
    endloop
  endfacet
  facet normal 0 0 -1
    outer loop
      vertex 15.6749 11.775 3
      vertex 17 12 3
      vertex 15.8369 11.4465 3
    endloop
  endfacet
  facet normal 0 0 -1
    outer loop
      vertex 15.6749 -11.775 3
      vertex 16.7071 -12.7071 3
      vertex 16.6088 -12.7934 3
    endloop
  endfacet
  facet normal -0 0 -1
    outer loop
      vertex 17 12 3
      vertex 15.6749 11.775 3
      vertex 16.9914 12.1305 3
    endloop
  endfacet
  facet normal 0 0 -1
    outer loop
      vertex 15.6749 -11.775 3
      vertex 16.6088 -12.7934 3
      vertex 16.5 -12.866 3
    endloop
  endfacet
  facet normal -0 0 -1
    outer loop
      vertex 16.9914 12.1305 3
      vertex 15.6749 11.775 3
      vertex 16.9659 12.2588 3
    endloop
  endfacet
  facet normal 0 0 -1
    outer loop
      vertex 15.6749 -11.775 3
      vertex 16.5 -12.866 3
      vertex 16.3827 -12.9239 3
    endloop
  endfacet
  facet normal -0 0 -1
    outer loop
      vertex 16.9659 12.2588 3
      vertex 15.6749 11.775 3
      vertex 16.9239 12.3827 3
    endloop
  endfacet
  facet normal 0 0 -1
    outer loop
      vertex 15.4714 -12.0795 3
      vertex 16.3827 -12.9239 3
      vertex 16.2588 -12.9659 3
    endloop
  endfacet
  facet normal -0 0 -1
    outer loop
      vertex 16.9239 12.3827 3
      vertex 15.6749 11.775 3
      vertex 16.866 12.5 3
    endloop
  endfacet
  facet normal 0 0 -1
    outer loop
      vertex 15.4714 -12.0795 3
      vertex 16.2588 -12.9659 3
      vertex 16.1305 -12.9914 3
    endloop
  endfacet
  facet normal -0 0 -1
    outer loop
      vertex 16.866 12.5 3
      vertex 15.6749 11.775 3
      vertex 16.7934 12.6088 3
    endloop
  endfacet
  facet normal -0 0 -1
    outer loop
      vertex 16.7934 12.6088 3
      vertex 15.6749 11.775 3
      vertex 16.7071 12.7071 3
    endloop
  endfacet
  facet normal 0 0 -1
    outer loop
      vertex 17 -12 3
      vertex 16.026 -10.7405 3
      vertex 16.05 -10.375 3
    endloop
  endfacet
  facet normal 0 0 -1
    outer loop
      vertex 15.4714 -12.0795 3
      vertex 16.1305 -12.9914 3
      vertex 16 -13 3
    endloop
  endfacet
  facet normal 0 0 -1
    outer loop
      vertex 17 -12 3
      vertex 15.9546 -11.0997 3
      vertex 16.026 -10.7405 3
    endloop
  endfacet
  facet normal 0 0 -1
    outer loop
      vertex 17 -12 3
      vertex 15.8369 -11.4465 3
      vertex 15.9546 -11.0997 3
    endloop
  endfacet
  facet normal 0 0 -1
    outer loop
      vertex 17 -12 3
      vertex 15.6749 -11.775 3
      vertex 15.8369 -11.4465 3
    endloop
  endfacet
  facet normal 0 0 -1
    outer loop
      vertex 16.3827 -12.9239 3
      vertex 15.4714 -12.0795 3
      vertex 15.6749 -11.775 3
    endloop
  endfacet
  facet normal 0 0 -1
    outer loop
      vertex 16 -13 3
      vertex 15.2299 -12.3549 3
      vertex 15.4714 -12.0795 3
    endloop
  endfacet
  facet normal 0 0 -1
    outer loop
      vertex 16 -13 3
      vertex 14.9545 -12.5964 3
      vertex 15.2299 -12.3549 3
    endloop
  endfacet
  facet normal 0 0 -1
    outer loop
      vertex 16 -13 3
      vertex 14.65 -12.7999 3
      vertex 14.9545 -12.5964 3
    endloop
  endfacet
  facet normal 0 0 -1
    outer loop
      vertex 16 -13 3
      vertex 14.3215 -12.9619 3
      vertex 14.65 -12.7999 3
    endloop
  endfacet
  facet normal 0 -0 -1
    outer loop
      vertex 14.3215 -12.9619 3
      vertex 16 -13 3
      vertex 14.2092 -13 3
    endloop
  endfacet
  facet normal -0 0 -1
    outer loop
      vertex 16.7071 12.7071 3
      vertex 15.6749 11.775 3
      vertex 16.6088 12.7934 3
    endloop
  endfacet
  facet normal -0 0 -1
    outer loop
      vertex 16.6088 12.7934 3
      vertex 15.6749 11.775 3
      vertex 16.5 12.866 3
    endloop
  endfacet
  facet normal -0 0 -1
    outer loop
      vertex 16.5 12.866 3
      vertex 15.6749 11.775 3
      vertex 16.3827 12.9239 3
    endloop
  endfacet
  facet normal 0 0 -1
    outer loop
      vertex 15.4714 12.0795 3
      vertex 16.3827 12.9239 3
      vertex 15.6749 11.775 3
    endloop
  endfacet
  facet normal -0 0 -1
    outer loop
      vertex 16.3827 12.9239 3
      vertex 15.4714 12.0795 3
      vertex 16.2588 12.9659 3
    endloop
  endfacet
  facet normal -0 0 -1
    outer loop
      vertex 16.2588 12.9659 3
      vertex 15.4714 12.0795 3
      vertex 16.1305 12.9914 3
    endloop
  endfacet
  facet normal -0 0 -1
    outer loop
      vertex 16.1305 12.9914 3
      vertex 15.4714 12.0795 3
      vertex 16 13 3
    endloop
  endfacet
  facet normal 0 0 -1
    outer loop
      vertex 15.2299 12.3549 3
      vertex 16 13 3
      vertex 15.4714 12.0795 3
    endloop
  endfacet
  facet normal 0 0 -1
    outer loop
      vertex 14.9545 12.5964 3
      vertex 16 13 3
      vertex 15.2299 12.3549 3
    endloop
  endfacet
  facet normal 0 0 -1
    outer loop
      vertex 14.65 12.7999 3
      vertex 16 13 3
      vertex 14.9545 12.5964 3
    endloop
  endfacet
  facet normal 0 0 -1
    outer loop
      vertex 14.3215 12.9619 3
      vertex 16 13 3
      vertex 14.65 12.7999 3
    endloop
  endfacet
  facet normal -0 0 -1
    outer loop
      vertex 16 13 3
      vertex 14.3215 12.9619 3
      vertex 14.2092 13 3
    endloop
  endfacet
  facet normal 0 0 -1
    outer loop
      vertex -16 -13 3
      vertex -14.3215 -12.9619 3
      vertex -14.2092 -13 3
    endloop
  endfacet
  facet normal 0 0 -1
    outer loop
      vertex -16 -13 3
      vertex -14.65 -12.7999 3
      vertex -14.3215 -12.9619 3
    endloop
  endfacet
  facet normal 0 0 -1
    outer loop
      vertex -16 -13 3
      vertex -14.9545 -12.5964 3
      vertex -14.65 -12.7999 3
    endloop
  endfacet
  facet normal 0 0 -1
    outer loop
      vertex -16 -13 3
      vertex -15.2299 -12.3549 3
      vertex -14.9545 -12.5964 3
    endloop
  endfacet
  facet normal 0 0 -1
    outer loop
      vertex -16 -13 3
      vertex -15.4714 -12.0795 3
      vertex -15.2299 -12.3549 3
    endloop
  endfacet
  facet normal 0 0 -1
    outer loop
      vertex -16.1305 -12.9914 3
      vertex -15.4714 -12.0795 3
      vertex -16 -13 3
    endloop
  endfacet
  facet normal 0 0 -1
    outer loop
      vertex -16.2588 -12.9659 3
      vertex -15.4714 -12.0795 3
      vertex -16.1305 -12.9914 3
    endloop
  endfacet
  facet normal 0 0 -1
    outer loop
      vertex -16.3827 -12.9239 3
      vertex -15.4714 -12.0795 3
      vertex -16.2588 -12.9659 3
    endloop
  endfacet
  facet normal -0 0 -1
    outer loop
      vertex -15.4714 -12.0795 3
      vertex -16.3827 -12.9239 3
      vertex -15.6749 -11.775 3
    endloop
  endfacet
  facet normal -0 0 -1
    outer loop
      vertex -15.9546 -11.0997 3
      vertex -17 -12 3
      vertex -16.026 -10.7405 3
    endloop
  endfacet
  facet normal -0 0 -1
    outer loop
      vertex -16.026 -10.7405 3
      vertex -17 -12 3
      vertex -16.05 -10.375 3
    endloop
  endfacet
  facet normal 0 0 -1
    outer loop
      vertex -16.5 -12.866 3
      vertex -15.6749 -11.775 3
      vertex -16.3827 -12.9239 3
    endloop
  endfacet
  facet normal 0 0 -1
    outer loop
      vertex -14.3215 12.9619 3
      vertex -16 13 3
      vertex -14.2092 13 3
    endloop
  endfacet
  facet normal 0 0 -1
    outer loop
      vertex -14.65 12.7999 3
      vertex -16 13 3
      vertex -14.3215 12.9619 3
    endloop
  endfacet
  facet normal 0 0 -1
    outer loop
      vertex -14.9545 12.5964 3
      vertex -16 13 3
      vertex -14.65 12.7999 3
    endloop
  endfacet
  facet normal 0 0 -1
    outer loop
      vertex -15.2299 12.3549 3
      vertex -16 13 3
      vertex -14.9545 12.5964 3
    endloop
  endfacet
  facet normal 0 0 -1
    outer loop
      vertex -15.4714 12.0795 3
      vertex -16 13 3
      vertex -15.2299 12.3549 3
    endloop
  endfacet
  facet normal 0 0 -1
    outer loop
      vertex -16.3827 12.9239 3
      vertex -15.4714 12.0795 3
      vertex -15.6749 11.775 3
    endloop
  endfacet
  facet normal 0 0 -1
    outer loop
      vertex -17 12 3
      vertex -15.6749 11.775 3
      vertex -15.8369 11.4465 3
    endloop
  endfacet
  facet normal 0 0 -1
    outer loop
      vertex -17 12 3
      vertex -15.8369 11.4465 3
      vertex -15.9546 11.0997 3
    endloop
  endfacet
  facet normal 0 0 -1
    outer loop
      vertex -17 12 3
      vertex -15.9546 11.0997 3
      vertex -16.026 10.7405 3
    endloop
  endfacet
  facet normal 0 0 -1
    outer loop
      vertex -17 12 3
      vertex -16.026 10.7405 3
      vertex -16.05 10.375 3
    endloop
  endfacet
  facet normal 0 0 -1
    outer loop
      vertex -15.6749 11.775 3
      vertex -17 12 3
      vertex -16.9914 12.1305 3
    endloop
  endfacet
  facet normal -0 0 -1
    outer loop
      vertex -16.05 -10.375 3
      vertex -17 -12 3
      vertex -16.05 10.375 3
    endloop
  endfacet
  facet normal 0 0 -1
    outer loop
      vertex -16.6088 -12.7934 3
      vertex -15.6749 -11.775 3
      vertex -16.5 -12.866 3
    endloop
  endfacet
  facet normal 0 0 -1
    outer loop
      vertex -17 12 3
      vertex -16.05 10.375 3
      vertex -17 -12 3
    endloop
  endfacet
  facet normal 0 0 -1
    outer loop
      vertex -16.7071 -12.7071 3
      vertex -15.6749 -11.775 3
      vertex -16.6088 -12.7934 3
    endloop
  endfacet
  facet normal 0 0 -1
    outer loop
      vertex -15.4714 12.0795 3
      vertex -16.1305 12.9914 3
      vertex -16 13 3
    endloop
  endfacet
  facet normal 0 0 -1
    outer loop
      vertex -16.7934 -12.6088 3
      vertex -15.6749 -11.775 3
      vertex -16.7071 -12.7071 3
    endloop
  endfacet
  facet normal 0 0 -1
    outer loop
      vertex -15.4714 12.0795 3
      vertex -16.2588 12.9659 3
      vertex -16.1305 12.9914 3
    endloop
  endfacet
  facet normal 0 0 -1
    outer loop
      vertex -16.866 -12.5 3
      vertex -15.6749 -11.775 3
      vertex -16.7934 -12.6088 3
    endloop
  endfacet
  facet normal 0 0 -1
    outer loop
      vertex -15.4714 12.0795 3
      vertex -16.3827 12.9239 3
      vertex -16.2588 12.9659 3
    endloop
  endfacet
  facet normal 0 0 -1
    outer loop
      vertex -16.9239 -12.3827 3
      vertex -15.6749 -11.775 3
      vertex -16.866 -12.5 3
    endloop
  endfacet
  facet normal 0 0 -1
    outer loop
      vertex -15.6749 11.775 3
      vertex -16.5 12.866 3
      vertex -16.3827 12.9239 3
    endloop
  endfacet
  facet normal 0 0 -1
    outer loop
      vertex -16.9659 -12.2588 3
      vertex -15.6749 -11.775 3
      vertex -16.9239 -12.3827 3
    endloop
  endfacet
  facet normal 0 0 -1
    outer loop
      vertex -15.6749 11.775 3
      vertex -16.6088 12.7934 3
      vertex -16.5 12.866 3
    endloop
  endfacet
  facet normal 0 0 -1
    outer loop
      vertex -16.9914 -12.1305 3
      vertex -15.6749 -11.775 3
      vertex -16.9659 -12.2588 3
    endloop
  endfacet
  facet normal 0 0 -1
    outer loop
      vertex -15.6749 11.775 3
      vertex -16.7071 12.7071 3
      vertex -16.6088 12.7934 3
    endloop
  endfacet
  facet normal 0 0 -1
    outer loop
      vertex -17 -12 3
      vertex -15.6749 -11.775 3
      vertex -16.9914 -12.1305 3
    endloop
  endfacet
  facet normal 0 0 -1
    outer loop
      vertex -15.6749 11.775 3
      vertex -16.7934 12.6088 3
      vertex -16.7071 12.7071 3
    endloop
  endfacet
  facet normal -0 0 -1
    outer loop
      vertex -15.6749 -11.775 3
      vertex -17 -12 3
      vertex -15.8369 -11.4465 3
    endloop
  endfacet
  facet normal 0 0 -1
    outer loop
      vertex -15.6749 11.775 3
      vertex -16.866 12.5 3
      vertex -16.7934 12.6088 3
    endloop
  endfacet
  facet normal -0 0 -1
    outer loop
      vertex -15.8369 -11.4465 3
      vertex -17 -12 3
      vertex -15.9546 -11.0997 3
    endloop
  endfacet
  facet normal 0 0 -1
    outer loop
      vertex -15.6749 11.775 3
      vertex -16.9239 12.3827 3
      vertex -16.866 12.5 3
    endloop
  endfacet
  facet normal 0 0 -1
    outer loop
      vertex -15.6749 11.775 3
      vertex -16.9659 12.2588 3
      vertex -16.9239 12.3827 3
    endloop
  endfacet
  facet normal 0 0 -1
    outer loop
      vertex -15.6749 11.775 3
      vertex -16.9914 12.1305 3
      vertex -16.9659 12.2588 3
    endloop
  endfacet
  facet normal 0 0 -1
    outer loop
      vertex -15.75 3.8 3
      vertex -15.1 5.69 3
      vertex -15.1 3.8 3
    endloop
  endfacet
  facet normal -0 0 -1
    outer loop
      vertex -15.1 5.69 3
      vertex -15.75 3.8 3
      vertex -15.75 5.69 3
    endloop
  endfacet
  facet normal 0 0 -1
    outer loop
      vertex -15.75 1.26 3
      vertex -15.1 3.15 3
      vertex -15.1 1.26 3
    endloop
  endfacet
  facet normal -0 0 -1
    outer loop
      vertex -15.1 3.15 3
      vertex -15.75 1.26 3
      vertex -15.75 3.15 3
    endloop
  endfacet
  facet normal 0 0 -1
    outer loop
      vertex -15.75 -1.28 3
      vertex -15.1 0.61 3
      vertex -15.1 -1.28 3
    endloop
  endfacet
  facet normal -0 0 -1
    outer loop
      vertex -15.1 0.61 3
      vertex -15.75 -1.28 3
      vertex -15.75 0.61 3
    endloop
  endfacet
  facet normal 0 0 -1
    outer loop
      vertex -15.75 -3.82 3
      vertex -15.1 -1.93 3
      vertex -15.1 -3.82 3
    endloop
  endfacet
  facet normal -0 0 -1
    outer loop
      vertex -15.1 -1.93 3
      vertex -15.75 -3.82 3
      vertex -15.75 -1.93 3
    endloop
  endfacet
  facet normal 0 0 -1
    outer loop
      vertex -10.6631 -9.30349 3
      vertex -4.75 -8.25 3
      vertex -10.5454 -9.65031 3
    endloop
  endfacet
  facet normal 0 0 -1
    outer loop
      vertex -4.75 8.25 3
      vertex -10.474 10.0095 3
      vertex -10.45 10.375 3
    endloop
  endfacet
  facet normal 0 0 -1
    outer loop
      vertex -10.8251 -8.975 3
      vertex -4.75 -8.25 3
      vertex -10.6631 -9.30349 3
    endloop
  endfacet
  facet normal 0 0 -1
    outer loop
      vertex -4.75 8.25 3
      vertex -10.5454 9.65031 3
      vertex -10.474 10.0095 3
    endloop
  endfacet
  facet normal 0 0 -1
    outer loop
      vertex -11.0286 -8.67047 3
      vertex -4.75 -8.25 3
      vertex -10.8251 -8.975 3
    endloop
  endfacet
  facet normal 0 0 -1
    outer loop
      vertex -4.75 8.25 3
      vertex -10.6631 9.30349 3
      vertex -10.5454 9.65031 3
    endloop
  endfacet
  facet normal 0 0 -1
    outer loop
      vertex -11.2701 -8.3951 3
      vertex -4.75 -8.25 3
      vertex -11.0286 -8.67047 3
    endloop
  endfacet
  facet normal 0 0 -1
    outer loop
      vertex -4.75 8.25 3
      vertex -10.8251 8.975 3
      vertex -10.6631 9.30349 3
    endloop
  endfacet
  facet normal 0 0 -1
    outer loop
      vertex -11.5455 -8.15361 3
      vertex -4.75 -8.25 3
      vertex -11.2701 -8.3951 3
    endloop
  endfacet
  facet normal 0 0 -1
    outer loop
      vertex -4.75 8.25 3
      vertex -11.0286 8.67047 3
      vertex -10.8251 8.975 3
    endloop
  endfacet
  facet normal 0 0 -1
    outer loop
      vertex -11.85 -7.95013 3
      vertex -4.75 -8.25 3
      vertex -11.5455 -8.15361 3
    endloop
  endfacet
  facet normal 0 0 -1
    outer loop
      vertex -4.75 8.25 3
      vertex -11.2701 8.3951 3
      vertex -11.0286 8.67047 3
    endloop
  endfacet
  facet normal 0 0 -1
    outer loop
      vertex -15.1 0.61 3
      vertex -4.75 -8.25 3
      vertex -15.1 -1.28 3
    endloop
  endfacet
  facet normal -0 0 -1
    outer loop
      vertex -4.75 8.25 3
      vertex -11.5455 8.15361 3
      vertex -11.2701 8.3951 3
    endloop
  endfacet
  facet normal 0 0 -1
    outer loop
      vertex -15.1 -1.93 3
      vertex -4.75 -8.25 3
      vertex -11.85 -7.95013 3
    endloop
  endfacet
  facet normal 0 0 -1
    outer loop
      vertex -15.1 1.26 3
      vertex -4.75 8.25 3
      vertex -15.1 0.61 3
    endloop
  endfacet
  facet normal 0 0 -1
    outer loop
      vertex -15.1 -1.93 3
      vertex -11.85 -7.95013 3
      vertex -12.1785 -7.78814 3
    endloop
  endfacet
  facet normal 0 -0 -1
    outer loop
      vertex -11.85 7.95013 3
      vertex -4.75 8.25 3
      vertex -15.1 1.26 3
    endloop
  endfacet
  facet normal 0 0 -1
    outer loop
      vertex -15.1 -3.82 3
      vertex -12.1785 -7.78814 3
      vertex -12.5253 -7.67041 3
    endloop
  endfacet
  facet normal 0 0 -1
    outer loop
      vertex -4.75 8.25 3
      vertex -11.85 7.95013 3
      vertex -11.5455 8.15361 3
    endloop
  endfacet
  facet normal 0 0 -1
    outer loop
      vertex -15.1 -4.47 3
      vertex -12.5253 -7.67041 3
      vertex -12.8845 -7.59895 3
    endloop
  endfacet
  facet normal 0 0 -1
    outer loop
      vertex -15.1 3.15 3
      vertex -11.85 7.95013 3
      vertex -15.1 1.26 3
    endloop
  endfacet
  facet normal 0 0 -1
    outer loop
      vertex -15.1 -4.47 3
      vertex -12.8845 -7.59895 3
      vertex -13.25 -7.575 3
    endloop
  endfacet
  facet normal 0 0 -1
    outer loop
      vertex -11.85 7.95013 3
      vertex -15.1 3.15 3
      vertex -12.1785 7.78814 3
    endloop
  endfacet
  facet normal 0 0 -1
    outer loop
      vertex -15.1 -4.47 3
      vertex -13.25 -7.575 3
      vertex -13.6155 -7.59895 3
    endloop
  endfacet
  facet normal 0 0 -1
    outer loop
      vertex -15.1 3.8 3
      vertex -12.1785 7.78814 3
      vertex -15.1 3.15 3
    endloop
  endfacet
  facet normal 0 0 -1
    outer loop
      vertex -15.1 -4.47 3
      vertex -13.6155 -7.59895 3
      vertex -13.9747 -7.67041 3
    endloop
  endfacet
  facet normal 0 0 -1
    outer loop
      vertex -4.75 -8.25 3
      vertex -15.1 0.61 3
      vertex -4.75 8.25 3
    endloop
  endfacet
  facet normal 0 0 -1
    outer loop
      vertex -15.1 -4.47 3
      vertex -13.9747 -7.67041 3
      vertex -14.3215 -7.78814 3
    endloop
  endfacet
  facet normal 0 0 -1
    outer loop
      vertex -12.1785 7.78814 3
      vertex -15.1 3.8 3
      vertex -12.5253 7.67041 3
    endloop
  endfacet
  facet normal 0 0 -1
    outer loop
      vertex -15.1 -4.47 3
      vertex -14.3215 -7.78814 3
      vertex -14.65 -7.95013 3
    endloop
  endfacet
  facet normal 0 0 -1
    outer loop
      vertex -12.5253 7.67041 3
      vertex -15.1 3.8 3
      vertex -12.8845 7.59895 3
    endloop
  endfacet
  facet normal 0 0 -1
    outer loop
      vertex -15.75 -4.47 3
      vertex -14.65 -7.95013 3
      vertex -14.9545 -8.15361 3
    endloop
  endfacet
  facet normal 0 0 -1
    outer loop
      vertex -4.75 -8.25 3
      vertex -15.1 -1.93 3
      vertex -15.1 -1.28 3
    endloop
  endfacet
  facet normal 0 0 -1
    outer loop
      vertex -12.5253 -7.67041 3
      vertex -15.1 -4.47 3
      vertex -15.1 -3.82 3
    endloop
  endfacet
  facet normal 0 0 -1
    outer loop
      vertex -15.75 -4.47 3
      vertex -14.9545 -8.15361 3
      vertex -15.2299 -8.3951 3
    endloop
  endfacet
  facet normal 0 0 -1
    outer loop
      vertex -15.75 -4.47 3
      vertex -15.2299 -8.3951 3
      vertex -15.4714 -8.67047 3
    endloop
  endfacet
  facet normal 0 0 -1
    outer loop
      vertex -15.75 -4.47 3
      vertex -15.4714 -8.67047 3
      vertex -15.6749 -8.975 3
    endloop
  endfacet
  facet normal 0 0 -1
    outer loop
      vertex -14.65 -7.95013 3
      vertex -15.75 -4.47 3
      vertex -15.1 -4.47 3
    endloop
  endfacet
  facet normal 0 0 -1
    outer loop
      vertex -16.026 -10.0095 3
      vertex -15.75 -3.82 3
      vertex -15.75 -4.47 3
    endloop
  endfacet
  facet normal -0 0 -1
    outer loop
      vertex -15.75 -3.82 3
      vertex -16.026 -10.0095 3
      vertex -15.75 -1.93 3
    endloop
  endfacet
  facet normal -0 0 -1
    outer loop
      vertex -15.75 -1.93 3
      vertex -16.026 -10.0095 3
      vertex -15.75 -1.28 3
    endloop
  endfacet
  facet normal -0 0 -1
    outer loop
      vertex -15.75 -1.28 3
      vertex -16.026 -10.0095 3
      vertex -15.75 0.61 3
    endloop
  endfacet
  facet normal -0 0 -1
    outer loop
      vertex -15.75 0.61 3
      vertex -16.026 -10.0095 3
      vertex -15.75 1.26 3
    endloop
  endfacet
  facet normal 0 0 -1
    outer loop
      vertex -15.75 1.26 3
      vertex -16.026 10.0095 3
      vertex -15.75 3.15 3
    endloop
  endfacet
  facet normal 0 0 -1
    outer loop
      vertex -15.75 3.15 3
      vertex -16.026 10.0095 3
      vertex -15.75 3.8 3
    endloop
  endfacet
  facet normal 0 0 -1
    outer loop
      vertex -15.75 3.8 3
      vertex -16.026 10.0095 3
      vertex -15.75 5.69 3
    endloop
  endfacet
  facet normal 0 0 -1
    outer loop
      vertex -15.9546 -9.65031 3
      vertex -15.75 -4.47 3
      vertex -15.8369 -9.30349 3
    endloop
  endfacet
  facet normal 0 0 -1
    outer loop
      vertex -15.8369 -9.30349 3
      vertex -15.75 -4.47 3
      vertex -15.6749 -8.975 3
    endloop
  endfacet
  facet normal 0 0 -1
    outer loop
      vertex 10.474 -10.7405 3
      vertex -4.75 -8.25 3
      vertex 10.45 -10.375 3
    endloop
  endfacet
  facet normal 0 0 -1
    outer loop
      vertex 10.5454 -11.0997 3
      vertex -4.75 -8.25 3
      vertex 10.474 -10.7405 3
    endloop
  endfacet
  facet normal 0 0 -1
    outer loop
      vertex 10.6631 -11.4465 3
      vertex -4.75 -8.25 3
      vertex 10.5454 -11.0997 3
    endloop
  endfacet
  facet normal 0 0 -1
    outer loop
      vertex 10.8251 -11.775 3
      vertex -4.75 -8.25 3
      vertex 10.6631 -11.4465 3
    endloop
  endfacet
  facet normal 0 0 -1
    outer loop
      vertex 11.0286 -12.0795 3
      vertex -4.75 -8.25 3
      vertex 10.8251 -11.775 3
    endloop
  endfacet
  facet normal 0 0 -1
    outer loop
      vertex 11.2701 -12.3549 3
      vertex -4.75 -8.25 3
      vertex 11.0286 -12.0795 3
    endloop
  endfacet
  facet normal 0 0 -1
    outer loop
      vertex -11.2701 -12.3549 3
      vertex 11.2701 -12.3549 3
      vertex 11.5455 -12.5964 3
    endloop
  endfacet
  facet normal 0 0 -1
    outer loop
      vertex -11.5455 -12.5964 3
      vertex 11.5455 -12.5964 3
      vertex 11.85 -12.7999 3
    endloop
  endfacet
  facet normal 0 0 -1
    outer loop
      vertex -11.85 -12.7999 3
      vertex 11.85 -12.7999 3
      vertex 12.1785 -12.9619 3
    endloop
  endfacet
  facet normal 0 0 -1
    outer loop
      vertex -12.1785 -12.9619 3
      vertex 12.1785 -12.9619 3
      vertex 12.2908 -13 3
    endloop
  endfacet
  facet normal 0 0 -1
    outer loop
      vertex -10.474 -10.0095 3
      vertex -4.75 -8.25 3
      vertex -10.45 -10.375 3
    endloop
  endfacet
  facet normal 0 0 -1
    outer loop
      vertex 11.2701 -12.3549 3
      vertex -11.2701 -12.3549 3
      vertex -4.75 -8.25 3
    endloop
  endfacet
  facet normal 0 0 -1
    outer loop
      vertex -4.75 -8.25 3
      vertex -10.474 -10.7405 3
      vertex -10.45 -10.375 3
    endloop
  endfacet
  facet normal 0 0 -1
    outer loop
      vertex -4.75 -8.25 3
      vertex -10.5454 -11.0997 3
      vertex -10.474 -10.7405 3
    endloop
  endfacet
  facet normal 0 0 -1
    outer loop
      vertex -4.75 -8.25 3
      vertex -10.6631 -11.4465 3
      vertex -10.5454 -11.0997 3
    endloop
  endfacet
  facet normal 0 0 -1
    outer loop
      vertex -4.75 -8.25 3
      vertex -10.8251 -11.775 3
      vertex -10.6631 -11.4465 3
    endloop
  endfacet
  facet normal 0 0 -1
    outer loop
      vertex -4.75 -8.25 3
      vertex -11.0286 -12.0795 3
      vertex -10.8251 -11.775 3
    endloop
  endfacet
  facet normal 0 0 -1
    outer loop
      vertex -4.75 -8.25 3
      vertex -11.2701 -12.3549 3
      vertex -11.0286 -12.0795 3
    endloop
  endfacet
  facet normal 0 0 -1
    outer loop
      vertex 11.5455 -12.5964 3
      vertex -11.5455 -12.5964 3
      vertex -11.2701 -12.3549 3
    endloop
  endfacet
  facet normal 0 0 -1
    outer loop
      vertex 11.85 -12.7999 3
      vertex -11.85 -12.7999 3
      vertex -11.5455 -12.5964 3
    endloop
  endfacet
  facet normal 0 0 -1
    outer loop
      vertex 12.1785 -12.9619 3
      vertex -12.1785 -12.9619 3
      vertex -11.85 -12.7999 3
    endloop
  endfacet
  facet normal 0 -0 -1
    outer loop
      vertex -12.1785 -12.9619 3
      vertex 12.2908 -13 3
      vertex -12.2908 -13 3
    endloop
  endfacet
  facet normal 0 0 -1
    outer loop
      vertex 11.2701 -8.3951 3
      vertex -4.75 -8.25 3
      vertex 11.4356 -8.25 3
    endloop
  endfacet
  facet normal 0 0 -1
    outer loop
      vertex 11.0286 -8.67047 3
      vertex -4.75 -8.25 3
      vertex 11.2701 -8.3951 3
    endloop
  endfacet
  facet normal 0 0 -1
    outer loop
      vertex 10.8251 -8.975 3
      vertex -4.75 -8.25 3
      vertex 11.0286 -8.67047 3
    endloop
  endfacet
  facet normal 0 0 -1
    outer loop
      vertex 10.6631 -9.30349 3
      vertex -4.75 -8.25 3
      vertex 10.8251 -8.975 3
    endloop
  endfacet
  facet normal 0 0 -1
    outer loop
      vertex 10.5454 -9.65031 3
      vertex -4.75 -8.25 3
      vertex 10.6631 -9.30349 3
    endloop
  endfacet
  facet normal 0 0 -1
    outer loop
      vertex 10.474 -10.0095 3
      vertex -4.75 -8.25 3
      vertex 10.5454 -9.65031 3
    endloop
  endfacet
  facet normal 0 0 -1
    outer loop
      vertex -4.75 -8.25 3
      vertex 10.474 -10.0095 3
      vertex 10.45 -10.375 3
    endloop
  endfacet
  facet normal -0 0 -1
    outer loop
      vertex 10.474 10.0095 3
      vertex -4.75 8.25 3
      vertex 10.45 10.375 3
    endloop
  endfacet
  facet normal -0 0 -1
    outer loop
      vertex 10.5454 9.65031 3
      vertex -4.75 8.25 3
      vertex 10.474 10.0095 3
    endloop
  endfacet
  facet normal -0 0 -1
    outer loop
      vertex 10.6631 9.30349 3
      vertex -4.75 8.25 3
      vertex 10.5454 9.65031 3
    endloop
  endfacet
  facet normal -0 0 -1
    outer loop
      vertex 10.8251 8.975 3
      vertex -4.75 8.25 3
      vertex 10.6631 9.30349 3
    endloop
  endfacet
  facet normal -0 0 -1
    outer loop
      vertex 11.0286 8.67047 3
      vertex -4.75 8.25 3
      vertex 10.8251 8.975 3
    endloop
  endfacet
  facet normal -0 0 -1
    outer loop
      vertex 11.2701 8.3951 3
      vertex -4.75 8.25 3
      vertex 11.0286 8.67047 3
    endloop
  endfacet
  facet normal 0 0 -1
    outer loop
      vertex -4.75 8.25 3
      vertex 11.2701 8.3951 3
      vertex 11.4356 8.25 3
    endloop
  endfacet
  facet normal 0 0 -1
    outer loop
      vertex -4.75 8.25 3
      vertex 10.474 10.7405 3
      vertex 10.45 10.375 3
    endloop
  endfacet
  facet normal 0 0 -1
    outer loop
      vertex -4.75 8.25 3
      vertex 10.5454 11.0997 3
      vertex 10.474 10.7405 3
    endloop
  endfacet
  facet normal 0 0 -1
    outer loop
      vertex -4.75 8.25 3
      vertex 10.6631 11.4465 3
      vertex 10.5454 11.0997 3
    endloop
  endfacet
  facet normal 0 0 -1
    outer loop
      vertex -4.75 8.25 3
      vertex 10.8251 11.775 3
      vertex 10.6631 11.4465 3
    endloop
  endfacet
  facet normal 0 0 -1
    outer loop
      vertex -4.75 8.25 3
      vertex 11.0286 12.0795 3
      vertex 10.8251 11.775 3
    endloop
  endfacet
  facet normal 0 0 -1
    outer loop
      vertex -4.75 8.25 3
      vertex 11.2701 12.3549 3
      vertex 11.0286 12.0795 3
    endloop
  endfacet
  facet normal 0 0 -1
    outer loop
      vertex -11.2701 12.3549 3
      vertex 11.2701 12.3549 3
      vertex -4.75 8.25 3
    endloop
  endfacet
  facet normal 0 0 -1
    outer loop
      vertex 11.2701 12.3549 3
      vertex -11.2701 12.3549 3
      vertex 11.5455 12.5964 3
    endloop
  endfacet
  facet normal 0 0 -1
    outer loop
      vertex -11.5455 12.5964 3
      vertex 11.5455 12.5964 3
      vertex -11.2701 12.3549 3
    endloop
  endfacet
  facet normal 0 0 -1
    outer loop
      vertex 11.5455 12.5964 3
      vertex -11.5455 12.5964 3
      vertex 11.85 12.7999 3
    endloop
  endfacet
  facet normal 0 0 -1
    outer loop
      vertex -10.5454 -9.65031 3
      vertex -4.75 -8.25 3
      vertex -10.474 -10.0095 3
    endloop
  endfacet
  facet normal 0 0 -1
    outer loop
      vertex -10.474 10.7405 3
      vertex -4.75 8.25 3
      vertex -10.45 10.375 3
    endloop
  endfacet
  facet normal 0 0 -1
    outer loop
      vertex -10.5454 11.0997 3
      vertex -4.75 8.25 3
      vertex -10.474 10.7405 3
    endloop
  endfacet
  facet normal 0 0 -1
    outer loop
      vertex -10.6631 11.4465 3
      vertex -4.75 8.25 3
      vertex -10.5454 11.0997 3
    endloop
  endfacet
  facet normal 0 0 -1
    outer loop
      vertex -10.8251 11.775 3
      vertex -4.75 8.25 3
      vertex -10.6631 11.4465 3
    endloop
  endfacet
  facet normal 0 0 -1
    outer loop
      vertex -11.0286 12.0795 3
      vertex -4.75 8.25 3
      vertex -10.8251 11.775 3
    endloop
  endfacet
  facet normal 0 0 -1
    outer loop
      vertex -11.2701 12.3549 3
      vertex -4.75 8.25 3
      vertex -11.0286 12.0795 3
    endloop
  endfacet
  facet normal 0 0 -1
    outer loop
      vertex -11.85 12.7999 3
      vertex 11.85 12.7999 3
      vertex -11.5455 12.5964 3
    endloop
  endfacet
  facet normal 0 0 -1
    outer loop
      vertex 11.85 12.7999 3
      vertex -11.85 12.7999 3
      vertex 12.1785 12.9619 3
    endloop
  endfacet
  facet normal 0 0 -1
    outer loop
      vertex -12.1785 12.9619 3
      vertex 12.1785 12.9619 3
      vertex -11.85 12.7999 3
    endloop
  endfacet
  facet normal 0 0 -1
    outer loop
      vertex 12.1785 12.9619 3
      vertex -12.1785 12.9619 3
      vertex 12.2908 13 3
    endloop
  endfacet
  facet normal -0 0 -1
    outer loop
      vertex 12.2908 13 3
      vertex -12.1785 12.9619 3
      vertex -12.2908 13 3
    endloop
  endfacet
  facet normal 0 0 -1
    outer loop
      vertex -12.1785 -7.78814 3
      vertex -15.1 -3.82 3
      vertex -15.1 -1.93 3
    endloop
  endfacet
  facet normal 0 0 -1
    outer loop
      vertex -15.1 5.69 3
      vertex -12.8845 7.59895 3
      vertex -15.1 3.8 3
    endloop
  endfacet
  facet normal 0 0 -1
    outer loop
      vertex -12.8845 7.59895 3
      vertex -15.1 5.69 3
      vertex -13.25 7.575 3
    endloop
  endfacet
  facet normal -0 0 -1
    outer loop
      vertex -13.25 7.575 3
      vertex -15.1 5.69 3
      vertex -13.6155 7.59895 3
    endloop
  endfacet
  facet normal 0 0 -1
    outer loop
      vertex -15.1 6.34 3
      vertex -13.6155 7.59895 3
      vertex -15.1 5.69 3
    endloop
  endfacet
  facet normal -0 0 -1
    outer loop
      vertex -13.6155 7.59895 3
      vertex -15.1 6.34 3
      vertex -13.9747 7.67041 3
    endloop
  endfacet
  facet normal -0 0 -1
    outer loop
      vertex -13.9747 7.67041 3
      vertex -15.1 6.34 3
      vertex -14.3215 7.78814 3
    endloop
  endfacet
  facet normal -0 0 -1
    outer loop
      vertex -14.3215 7.78814 3
      vertex -15.1 6.34 3
      vertex -14.65 7.95013 3
    endloop
  endfacet
  facet normal -0 0 -1
    outer loop
      vertex -14.65 7.95013 3
      vertex -15.1 6.34 3
      vertex -14.9545 8.15361 3
    endloop
  endfacet
  facet normal 0 0 -1
    outer loop
      vertex -15.75 6.34 3
      vertex -14.9545 8.15361 3
      vertex -15.1 6.34 3
    endloop
  endfacet
  facet normal -0 0 -1
    outer loop
      vertex -14.9545 8.15361 3
      vertex -15.75 6.34 3
      vertex -15.2299 8.3951 3
    endloop
  endfacet
  facet normal -0 0 -1
    outer loop
      vertex -15.2299 8.3951 3
      vertex -15.75 6.34 3
      vertex -15.4714 8.67047 3
    endloop
  endfacet
  facet normal -0 0 -1
    outer loop
      vertex -15.4714 8.67047 3
      vertex -15.75 6.34 3
      vertex -15.6749 8.975 3
    endloop
  endfacet
  facet normal 0 0 -1
    outer loop
      vertex -15.75 6.34 3
      vertex -15.8369 9.30349 3
      vertex -15.6749 8.975 3
    endloop
  endfacet
  facet normal 0 0 -1
    outer loop
      vertex -16.026 -10.0095 3
      vertex -15.75 -4.47 3
      vertex -15.9546 -9.65031 3
    endloop
  endfacet
  facet normal -0 0 -1
    outer loop
      vertex -15.75 1.26 3
      vertex -16.026 -10.0095 3
      vertex -16.026 10.0095 3
    endloop
  endfacet
  facet normal 0 0 -1
    outer loop
      vertex -15.75 6.34 3
      vertex -15.9546 9.65031 3
      vertex -15.8369 9.30349 3
    endloop
  endfacet
  facet normal 0 0 -1
    outer loop
      vertex -15.75 5.69 3
      vertex -16.026 10.0095 3
      vertex -15.75 6.34 3
    endloop
  endfacet
  facet normal 0 0 -1
    outer loop
      vertex -15.75 6.34 3
      vertex -16.026 10.0095 3
      vertex -15.9546 9.65031 3
    endloop
  endfacet
  facet normal 0 0 -1
    outer loop
      vertex -16.05 -10.375 3
      vertex -16.026 10.0095 3
      vertex -16.026 -10.0095 3
    endloop
  endfacet
  facet normal -0 0 -1
    outer loop
      vertex -16.026 10.0095 3
      vertex -16.05 -10.375 3
      vertex -16.05 10.375 3
    endloop
  endfacet
  facet normal 0 0 1
    outer loop
      vertex -12.2908 -13 3
      vertex -12.8845 -13.151 3
      vertex -12.5253 -13.0796 3
    endloop
  endfacet
  facet normal 0 0 1
    outer loop
      vertex -12.2908 -13 3
      vertex -13.25 -13.175 3
      vertex -12.8845 -13.151 3
    endloop
  endfacet
  facet normal 0 0 1
    outer loop
      vertex -12.2908 -13 3
      vertex -13.6155 -13.151 3
      vertex -13.25 -13.175 3
    endloop
  endfacet
  facet normal -0 0 1
    outer loop
      vertex -14.2092 -13 3
      vertex -13.6155 -13.151 3
      vertex -12.2908 -13 3
    endloop
  endfacet
  facet normal 0 0 1
    outer loop
      vertex -13.6155 -13.151 3
      vertex -14.2092 -13 3
      vertex -13.9747 -13.0796 3
    endloop
  endfacet
  facet normal 0 0 1
    outer loop
      vertex -12.8845 13.151 3
      vertex -12.2908 13 3
      vertex -12.5253 13.0796 3
    endloop
  endfacet
  facet normal 0 0 1
    outer loop
      vertex -13.25 13.175 3
      vertex -12.2908 13 3
      vertex -12.8845 13.151 3
    endloop
  endfacet
  facet normal -0 0 1
    outer loop
      vertex -13.6155 13.151 3
      vertex -12.2908 13 3
      vertex -13.25 13.175 3
    endloop
  endfacet
  facet normal 0 0 1
    outer loop
      vertex -14.2092 13 3
      vertex -13.6155 13.151 3
      vertex -13.9747 13.0796 3
    endloop
  endfacet
  facet normal 0 0 1
    outer loop
      vertex -13.6155 13.151 3
      vertex -14.2092 13 3
      vertex -12.2908 13 3
    endloop
  endfacet
  facet normal 0 0 1
    outer loop
      vertex 14.2092 -13 3
      vertex 13.6155 -13.151 3
      vertex 13.9747 -13.0796 3
    endloop
  endfacet
  facet normal 0 0 1
    outer loop
      vertex 14.2092 -13 3
      vertex 13.25 -13.175 3
      vertex 13.6155 -13.151 3
    endloop
  endfacet
  facet normal 0 0 1
    outer loop
      vertex 14.2092 -13 3
      vertex 12.8845 -13.151 3
      vertex 13.25 -13.175 3
    endloop
  endfacet
  facet normal -0 0 1
    outer loop
      vertex 12.2908 -13 3
      vertex 12.8845 -13.151 3
      vertex 14.2092 -13 3
    endloop
  endfacet
  facet normal 0 0 1
    outer loop
      vertex 12.8845 -13.151 3
      vertex 12.2908 -13 3
      vertex 12.5253 -13.0796 3
    endloop
  endfacet
  facet normal 0 0 1
    outer loop
      vertex 13.6155 13.151 3
      vertex 14.2092 13 3
      vertex 13.9747 13.0796 3
    endloop
  endfacet
  facet normal 0 0 1
    outer loop
      vertex 13.25 13.175 3
      vertex 14.2092 13 3
      vertex 13.6155 13.151 3
    endloop
  endfacet
  facet normal -0 0 1
    outer loop
      vertex 12.8845 13.151 3
      vertex 14.2092 13 3
      vertex 13.25 13.175 3
    endloop
  endfacet
  facet normal 0 0 1
    outer loop
      vertex 12.2908 13 3
      vertex 12.8845 13.151 3
      vertex 12.5253 13.0796 3
    endloop
  endfacet
  facet normal 0 0 1
    outer loop
      vertex 12.8845 13.151 3
      vertex 12.2908 13 3
      vertex 14.2092 13 3
    endloop
  endfacet
  facet normal -0.442271 0.896882 0
    outer loop
      vertex -14.3215 -7.78814 0
      vertex -14.65 -7.95013 3
      vertex -14.3215 -7.78814 3
    endloop
  endfacet
  facet normal -0.442271 0.896882 0
    outer loop
      vertex -14.65 -7.95013 3
      vertex -14.3215 -7.78814 0
      vertex -14.65 -7.95013 0
    endloop
  endfacet
  facet normal -0.555607 0.831445 0
    outer loop
      vertex -14.65 -7.95013 0
      vertex -14.9545 -8.15361 3
      vertex -14.65 -7.95013 3
    endloop
  endfacet
  facet normal -0.555607 0.831445 0
    outer loop
      vertex -14.9545 -8.15361 3
      vertex -14.65 -7.95013 0
      vertex -14.9545 -8.15361 0
    endloop
  endfacet
  facet normal -0.0653864 0.99786 0
    outer loop
      vertex -13.25 -7.575 0
      vertex -13.6155 -7.59895 3
      vertex -13.25 -7.575 3
    endloop
  endfacet
  facet normal -0.0653864 0.99786 0
    outer loop
      vertex -13.6155 -7.59895 3
      vertex -13.25 -7.575 0
      vertex -13.6155 -7.59895 0
    endloop
  endfacet
  facet normal 0.997851 -0.0655224 0
    outer loop
      vertex -10.474 -10.7405 3
      vertex -10.45 -10.375 0
      vertex -10.45 -10.375 3
    endloop
  endfacet
  facet normal 0.997851 -0.0655224 0
    outer loop
      vertex -10.45 -10.375 0
      vertex -10.474 -10.7405 3
      vertex -10.474 -10.7405 0
    endloop
  endfacet
  facet normal 0.946949 -0.321384 0
    outer loop
      vertex -10.6631 -11.4465 3
      vertex -10.5454 -11.0997 0
      vertex -10.5454 -11.0997 3
    endloop
  endfacet
  facet normal 0.946949 -0.321384 0
    outer loop
      vertex -10.5454 -11.0997 0
      vertex -10.6631 -11.4465 3
      vertex -10.6631 -11.4465 0
    endloop
  endfacet
  facet normal 0.980811 -0.194961 0
    outer loop
      vertex -10.5454 -11.0997 3
      vertex -10.474 -10.7405 0
      vertex -10.474 -10.7405 3
    endloop
  endfacet
  facet normal 0.980811 -0.194961 0
    outer loop
      vertex -10.474 -10.7405 0
      vertex -10.5454 -11.0997 3
      vertex -10.5454 -11.0997 0
    endloop
  endfacet
  facet normal -0.896871 -0.442292 0
    outer loop
      vertex -15.6749 -11.775 0
      vertex -15.8369 -11.4465 3
      vertex -15.8369 -11.4465 0
    endloop
  endfacet
  facet normal -0.896871 -0.442292 0
    outer loop
      vertex -15.8369 -11.4465 3
      vertex -15.6749 -11.775 0
      vertex -15.6749 -11.775 3
    endloop
  endfacet
  facet normal 0 0 -1
    outer loop
      vertex -11.55 -10.375 0
      vertex -10.45 -10.375 0
      vertex -10.474 -10.7405 0
    endloop
  endfacet
  facet normal 0 0 -1
    outer loop
      vertex -11.5645 -10.5969 0
      vertex -10.474 -10.7405 0
      vertex -10.5454 -11.0997 0
    endloop
  endfacet
  facet normal 0 0 -1
    outer loop
      vertex -10.45 -10.375 0
      vertex -11.55 -10.375 0
      vertex -10.474 -10.0095 0
    endloop
  endfacet
  facet normal 0 0 -1
    outer loop
      vertex -11.6079 -10.815 0
      vertex -10.5454 -11.0997 0
      vertex -10.6631 -11.4465 0
    endloop
  endfacet
  facet normal 0 0 -1
    outer loop
      vertex -11.5645 -10.1531 0
      vertex -10.474 -10.0095 0
      vertex -11.55 -10.375 0
    endloop
  endfacet
  facet normal 0 0 -1
    outer loop
      vertex -11.6794 -11.0256 0
      vertex -10.6631 -11.4465 0
      vertex -10.8251 -11.775 0
    endloop
  endfacet
  facet normal -0 0 -1
    outer loop
      vertex -10.474 -10.0095 0
      vertex -11.5645 -10.1531 0
      vertex -10.5454 -9.65031 0
    endloop
  endfacet
  facet normal 0 0 -1
    outer loop
      vertex -11.7778 -11.225 0
      vertex -10.8251 -11.775 0
      vertex -11.0286 -12.0795 0
    endloop
  endfacet
  facet normal 0 0 -1
    outer loop
      vertex -11.6079 -9.93501 0
      vertex -10.5454 -9.65031 0
      vertex -11.5645 -10.1531 0
    endloop
  endfacet
  facet normal 0 0 -1
    outer loop
      vertex -11.9013 -11.4099 0
      vertex -11.0286 -12.0795 0
      vertex -11.2701 -12.3549 0
    endloop
  endfacet
  facet normal -0 0 -1
    outer loop
      vertex -10.5454 -9.65031 0
      vertex -11.6079 -9.93501 0
      vertex -10.6631 -9.30349 0
    endloop
  endfacet
  facet normal 0 0 -1
    outer loop
      vertex -12.0479 -11.5771 0
      vertex -11.2701 -12.3549 0
      vertex -11.5455 -12.5964 0
    endloop
  endfacet
  facet normal 0 0 -1
    outer loop
      vertex -11.6794 -9.72444 0
      vertex -10.6631 -9.30349 0
      vertex -11.6079 -9.93501 0
    endloop
  endfacet
  facet normal -0 0 -1
    outer loop
      vertex -10.6631 -9.30349 0
      vertex -11.6794 -9.72444 0
      vertex -10.8251 -8.975 0
    endloop
  endfacet
  facet normal 0 0 -1
    outer loop
      vertex -10.474 -10.7405 0
      vertex -11.5645 -10.5969 0
      vertex -11.55 -10.375 0
    endloop
  endfacet
  facet normal 0 0 -1
    outer loop
      vertex -10.5454 -11.0997 0
      vertex -11.6079 -10.815 0
      vertex -11.5645 -10.5969 0
    endloop
  endfacet
  facet normal 0 0 -1
    outer loop
      vertex -10.6631 -11.4465 0
      vertex -11.6794 -11.0256 0
      vertex -11.6079 -10.815 0
    endloop
  endfacet
  facet normal 0 0 -1
    outer loop
      vertex -10.8251 -11.775 0
      vertex -11.7778 -11.225 0
      vertex -11.6794 -11.0256 0
    endloop
  endfacet
  facet normal 0 0 -1
    outer loop
      vertex -12.2151 -11.7237 0
      vertex -11.5455 -12.5964 0
      vertex -11.85 -12.7999 0
    endloop
  endfacet
  facet normal 0 0 -1
    outer loop
      vertex -11.0286 -12.0795 0
      vertex -11.9013 -11.4099 0
      vertex -11.7778 -11.225 0
    endloop
  endfacet
  facet normal 0 0 -1
    outer loop
      vertex -11.2701 -12.3549 0
      vertex -12.0479 -11.5771 0
      vertex -11.9013 -11.4099 0
    endloop
  endfacet
  facet normal 0 0 -1
    outer loop
      vertex -12.4 -11.8472 0
      vertex -11.85 -12.7999 0
      vertex -12.1785 -12.9619 0
    endloop
  endfacet
  facet normal 0 0 -1
    outer loop
      vertex -11.5455 -12.5964 0
      vertex -12.2151 -11.7237 0
      vertex -12.0479 -11.5771 0
    endloop
  endfacet
  facet normal 0 0 -1
    outer loop
      vertex -11.85 -12.7999 0
      vertex -12.4 -11.8472 0
      vertex -12.2151 -11.7237 0
    endloop
  endfacet
  facet normal 0 0 -1
    outer loop
      vertex -12.5994 -11.9456 0
      vertex -12.1785 -12.9619 0
      vertex -12.5253 -13.0796 0
    endloop
  endfacet
  facet normal 0 0 -1
    outer loop
      vertex -12.1785 -12.9619 0
      vertex -12.5994 -11.9456 0
      vertex -12.4 -11.8472 0
    endloop
  endfacet
  facet normal 0 0 -1
    outer loop
      vertex -12.5253 -13.0796 0
      vertex -12.81 -12.0171 0
      vertex -12.5994 -11.9456 0
    endloop
  endfacet
  facet normal 0 0 -1
    outer loop
      vertex -12.8845 -13.151 0
      vertex -12.81 -12.0171 0
      vertex -12.5253 -13.0796 0
    endloop
  endfacet
  facet normal 0 0 -1
    outer loop
      vertex -12.8845 -13.151 0
      vertex -13.0281 -12.0605 0
      vertex -12.81 -12.0171 0
    endloop
  endfacet
  facet normal 0 0 -1
    outer loop
      vertex -13.25 -13.175 0
      vertex -13.0281 -12.0605 0
      vertex -12.8845 -13.151 0
    endloop
  endfacet
  facet normal 0 0 -1
    outer loop
      vertex -13.25 -13.175 0
      vertex -13.25 -12.075 0
      vertex -13.0281 -12.0605 0
    endloop
  endfacet
  facet normal 0 0 -1
    outer loop
      vertex -13.25 -13.175 0
      vertex -13.4719 -12.0605 0
      vertex -13.25 -12.075 0
    endloop
  endfacet
  facet normal 0 0 -1
    outer loop
      vertex -13.6155 -13.151 0
      vertex -13.4719 -12.0605 0
      vertex -13.25 -13.175 0
    endloop
  endfacet
  facet normal 0 0 -1
    outer loop
      vertex -13.6155 -13.151 0
      vertex -13.69 -12.0171 0
      vertex -13.4719 -12.0605 0
    endloop
  endfacet
  facet normal 0 0 -1
    outer loop
      vertex -13.9747 -13.0796 0
      vertex -13.69 -12.0171 0
      vertex -13.6155 -13.151 0
    endloop
  endfacet
  facet normal -0 0 -1
    outer loop
      vertex -13.69 -12.0171 0
      vertex -13.9747 -13.0796 0
      vertex -13.9006 -11.9456 0
    endloop
  endfacet
  facet normal 0 0 -1
    outer loop
      vertex -14.3215 -12.9619 0
      vertex -13.9006 -11.9456 0
      vertex -13.9747 -13.0796 0
    endloop
  endfacet
  facet normal -0 0 -1
    outer loop
      vertex -13.9006 -11.9456 0
      vertex -14.3215 -12.9619 0
      vertex -14.1 -11.8472 0
    endloop
  endfacet
  facet normal 0 0 -1
    outer loop
      vertex -14.65 -12.7999 0
      vertex -14.1 -11.8472 0
      vertex -14.3215 -12.9619 0
    endloop
  endfacet
  facet normal -0 0 -1
    outer loop
      vertex -14.1 -11.8472 0
      vertex -14.65 -12.7999 0
      vertex -14.2849 -11.7237 0
    endloop
  endfacet
  facet normal 0 0 -1
    outer loop
      vertex -14.9545 -12.5964 0
      vertex -14.2849 -11.7237 0
      vertex -14.65 -12.7999 0
    endloop
  endfacet
  facet normal -0 0 -1
    outer loop
      vertex -14.2849 -11.7237 0
      vertex -14.9545 -12.5964 0
      vertex -14.4521 -11.5771 0
    endloop
  endfacet
  facet normal 0 0 -1
    outer loop
      vertex -15.2299 -12.3549 0
      vertex -14.4521 -11.5771 0
      vertex -14.9545 -12.5964 0
    endloop
  endfacet
  facet normal -0 0 -1
    outer loop
      vertex -14.4521 -11.5771 0
      vertex -15.2299 -12.3549 0
      vertex -14.5987 -11.4099 0
    endloop
  endfacet
  facet normal 0 0 -1
    outer loop
      vertex -15.4714 -12.0795 0
      vertex -14.5987 -11.4099 0
      vertex -15.2299 -12.3549 0
    endloop
  endfacet
  facet normal -0 0 -1
    outer loop
      vertex -14.5987 -11.4099 0
      vertex -15.4714 -12.0795 0
      vertex -14.7222 -11.225 0
    endloop
  endfacet
  facet normal -0 0 -1
    outer loop
      vertex -14.7222 -11.225 0
      vertex -15.6749 -11.775 0
      vertex -14.8206 -11.0256 0
    endloop
  endfacet
  facet normal 0 0 -1
    outer loop
      vertex -15.6749 -11.775 0
      vertex -14.7222 -11.225 0
      vertex -15.4714 -12.0795 0
    endloop
  endfacet
  facet normal 0 0 -1
    outer loop
      vertex -11.7778 -9.525 0
      vertex -10.8251 -8.975 0
      vertex -11.6794 -9.72444 0
    endloop
  endfacet
  facet normal -0 0 -1
    outer loop
      vertex -10.8251 -8.975 0
      vertex -11.7778 -9.525 0
      vertex -11.0286 -8.67047 0
    endloop
  endfacet
  facet normal 0 0 -1
    outer loop
      vertex -11.9013 -9.34011 0
      vertex -11.0286 -8.67047 0
      vertex -11.7778 -9.525 0
    endloop
  endfacet
  facet normal -0 0 -1
    outer loop
      vertex -11.0286 -8.67047 0
      vertex -11.9013 -9.34011 0
      vertex -11.2701 -8.3951 0
    endloop
  endfacet
  facet normal 0 0 -1
    outer loop
      vertex -12.0479 -9.17292 0
      vertex -11.2701 -8.3951 0
      vertex -11.9013 -9.34011 0
    endloop
  endfacet
  facet normal -0 0 -1
    outer loop
      vertex -11.2701 -8.3951 0
      vertex -12.0479 -9.17292 0
      vertex -11.5455 -8.15361 0
    endloop
  endfacet
  facet normal 0 0 -1
    outer loop
      vertex -12.2151 -9.0263 0
      vertex -11.5455 -8.15361 0
      vertex -12.0479 -9.17292 0
    endloop
  endfacet
  facet normal -0 0 -1
    outer loop
      vertex -11.5455 -8.15361 0
      vertex -12.2151 -9.0263 0
      vertex -11.85 -7.95013 0
    endloop
  endfacet
  facet normal 0 0 -1
    outer loop
      vertex -12.4 -8.90276 0
      vertex -11.85 -7.95013 0
      vertex -12.2151 -9.0263 0
    endloop
  endfacet
  facet normal -0 0 -1
    outer loop
      vertex -11.85 -7.95013 0
      vertex -12.4 -8.90276 0
      vertex -12.1785 -7.78814 0
    endloop
  endfacet
  facet normal 0 0 -1
    outer loop
      vertex -12.5994 -8.8044 0
      vertex -12.1785 -7.78814 0
      vertex -12.4 -8.90276 0
    endloop
  endfacet
  facet normal -0 0 -1
    outer loop
      vertex -12.1785 -7.78814 0
      vertex -12.5994 -8.8044 0
      vertex -12.5253 -7.67041 0
    endloop
  endfacet
  facet normal 0 0 -1
    outer loop
      vertex -12.81 -8.73293 0
      vertex -12.5253 -7.67041 0
      vertex -12.5994 -8.8044 0
    endloop
  endfacet
  facet normal 0 0 -1
    outer loop
      vertex -12.81 -8.73293 0
      vertex -12.8845 -7.59895 0
      vertex -12.5253 -7.67041 0
    endloop
  endfacet
  facet normal 0 0 -1
    outer loop
      vertex -13.0281 -8.68954 0
      vertex -12.8845 -7.59895 0
      vertex -12.81 -8.73293 0
    endloop
  endfacet
  facet normal 0 0 -1
    outer loop
      vertex -13.25 -8.675 0
      vertex -12.8845 -7.59895 0
      vertex -13.0281 -8.68954 0
    endloop
  endfacet
  facet normal 0 0 -1
    outer loop
      vertex -13.25 -8.675 0
      vertex -13.25 -7.575 0
      vertex -12.8845 -7.59895 0
    endloop
  endfacet
  facet normal 0 0 -1
    outer loop
      vertex -13.4719 -8.68954 0
      vertex -13.25 -7.575 0
      vertex -13.25 -8.675 0
    endloop
  endfacet
  facet normal 0 0 -1
    outer loop
      vertex -13.4719 -8.68954 0
      vertex -13.6155 -7.59895 0
      vertex -13.25 -7.575 0
    endloop
  endfacet
  facet normal 0 0 -1
    outer loop
      vertex -13.69 -8.73293 0
      vertex -13.6155 -7.59895 0
      vertex -13.4719 -8.68954 0
    endloop
  endfacet
  facet normal 0 0 -1
    outer loop
      vertex -13.9747 -7.67041 0
      vertex -13.69 -8.73293 0
      vertex -13.9006 -8.8044 0
    endloop
  endfacet
  facet normal 0 0 -1
    outer loop
      vertex -13.69 -8.73293 0
      vertex -13.9747 -7.67041 0
      vertex -13.6155 -7.59895 0
    endloop
  endfacet
  facet normal 0 0 -1
    outer loop
      vertex -14.3215 -7.78814 0
      vertex -13.9006 -8.8044 0
      vertex -14.1 -8.90276 0
    endloop
  endfacet
  facet normal 0 0 -1
    outer loop
      vertex -14.65 -7.95013 0
      vertex -14.1 -8.90276 0
      vertex -14.2849 -9.0263 0
    endloop
  endfacet
  facet normal 0 0 -1
    outer loop
      vertex -13.9006 -8.8044 0
      vertex -14.3215 -7.78814 0
      vertex -13.9747 -7.67041 0
    endloop
  endfacet
  facet normal 0 0 -1
    outer loop
      vertex -14.9545 -8.15361 0
      vertex -14.2849 -9.0263 0
      vertex -14.4521 -9.17292 0
    endloop
  endfacet
  facet normal 0 0 -1
    outer loop
      vertex -15.2299 -8.3951 0
      vertex -14.4521 -9.17292 0
      vertex -14.5987 -9.34011 0
    endloop
  endfacet
  facet normal 0 0 -1
    outer loop
      vertex -14.1 -8.90276 0
      vertex -14.65 -7.95013 0
      vertex -14.3215 -7.78814 0
    endloop
  endfacet
  facet normal 0 0 -1
    outer loop
      vertex -15.4714 -8.67047 0
      vertex -14.5987 -9.34011 0
      vertex -14.7222 -9.525 0
    endloop
  endfacet
  facet normal 0 0 -1
    outer loop
      vertex -15.6749 -8.975 0
      vertex -14.7222 -9.525 0
      vertex -14.8206 -9.72444 0
    endloop
  endfacet
  facet normal 0 0 -1
    outer loop
      vertex -15.8369 -9.30349 0
      vertex -14.8206 -9.72444 0
      vertex -14.8921 -9.93501 0
    endloop
  endfacet
  facet normal 0 0 -1
    outer loop
      vertex -15.9546 -9.65031 0
      vertex -14.8921 -9.93501 0
      vertex -14.9355 -10.1531 0
    endloop
  endfacet
  facet normal 0 0 -1
    outer loop
      vertex -14.2849 -9.0263 0
      vertex -14.9545 -8.15361 0
      vertex -14.65 -7.95013 0
    endloop
  endfacet
  facet normal 0 0 -1
    outer loop
      vertex -16.026 -10.0095 0
      vertex -14.9355 -10.1531 0
      vertex -14.95 -10.375 0
    endloop
  endfacet
  facet normal 0 0 -1
    outer loop
      vertex -15.8369 -11.4465 0
      vertex -14.8206 -11.0256 0
      vertex -15.6749 -11.775 0
    endloop
  endfacet
  facet normal -0 0 -1
    outer loop
      vertex -14.8206 -11.0256 0
      vertex -15.8369 -11.4465 0
      vertex -14.8921 -10.815 0
    endloop
  endfacet
  facet normal 0 0 -1
    outer loop
      vertex -14.4521 -9.17292 0
      vertex -15.2299 -8.3951 0
      vertex -14.9545 -8.15361 0
    endloop
  endfacet
  facet normal 0 0 -1
    outer loop
      vertex -15.9546 -11.0997 0
      vertex -14.8921 -10.815 0
      vertex -15.8369 -11.4465 0
    endloop
  endfacet
  facet normal 0 0 -1
    outer loop
      vertex -14.5987 -9.34011 0
      vertex -15.4714 -8.67047 0
      vertex -15.2299 -8.3951 0
    endloop
  endfacet
  facet normal -0 0 -1
    outer loop
      vertex -14.8921 -10.815 0
      vertex -15.9546 -11.0997 0
      vertex -14.9355 -10.5969 0
    endloop
  endfacet
  facet normal 0 0 -1
    outer loop
      vertex -14.7222 -9.525 0
      vertex -15.6749 -8.975 0
      vertex -15.4714 -8.67047 0
    endloop
  endfacet
  facet normal 0 0 -1
    outer loop
      vertex -16.026 -10.7405 0
      vertex -14.9355 -10.5969 0
      vertex -15.9546 -11.0997 0
    endloop
  endfacet
  facet normal 0 0 -1
    outer loop
      vertex -14.8206 -9.72444 0
      vertex -15.8369 -9.30349 0
      vertex -15.6749 -8.975 0
    endloop
  endfacet
  facet normal -0 0 -1
    outer loop
      vertex -14.9355 -10.5969 0
      vertex -16.026 -10.7405 0
      vertex -14.95 -10.375 0
    endloop
  endfacet
  facet normal 0 0 -1
    outer loop
      vertex -14.8921 -9.93501 0
      vertex -15.9546 -9.65031 0
      vertex -15.8369 -9.30349 0
    endloop
  endfacet
  facet normal 0 0 -1
    outer loop
      vertex -16.05 -10.375 0
      vertex -14.95 -10.375 0
      vertex -16.026 -10.7405 0
    endloop
  endfacet
  facet normal 0 0 -1
    outer loop
      vertex -14.9355 -10.1531 0
      vertex -16.026 -10.0095 0
      vertex -15.9546 -9.65031 0
    endloop
  endfacet
  facet normal 0 0 -1
    outer loop
      vertex -14.95 -10.375 0
      vertex -16.05 -10.375 0
      vertex -16.026 -10.0095 0
    endloop
  endfacet
  facet normal 0.555645 -0.83142 0
    outer loop
      vertex -11.85 -12.7999 0
      vertex -11.5455 -12.5964 3
      vertex -11.85 -12.7999 3
    endloop
  endfacet
  facet normal 0.555645 -0.83142 0
    outer loop
      vertex -11.5455 -12.5964 3
      vertex -11.85 -12.7999 0
      vertex -11.5455 -12.5964 0
    endloop
  endfacet
  facet normal -0.946949 -0.321384 0
    outer loop
      vertex -15.8369 -11.4465 0
      vertex -15.9546 -11.0997 3
      vertex -15.9546 -11.0997 0
    endloop
  endfacet
  facet normal -0.946949 -0.321384 0
    outer loop
      vertex -15.9546 -11.0997 3
      vertex -15.8369 -11.4465 0
      vertex -15.8369 -11.4465 3
    endloop
  endfacet
  facet normal 0.659316 -0.751866 0
    outer loop
      vertex -11.5455 -12.5964 0
      vertex -11.2701 -12.3549 3
      vertex -11.5455 -12.5964 3
    endloop
  endfacet
  facet normal 0.659316 -0.751866 0
    outer loop
      vertex -11.2701 -12.3549 3
      vertex -11.5455 -12.5964 0
      vertex -11.2701 -12.3549 0
    endloop
  endfacet
  facet normal 0.321432 -0.946933 0
    outer loop
      vertex -12.5253 -13.0796 0
      vertex -12.2908 -13 3
      vertex -12.5253 -13.0796 3
    endloop
  endfacet
  facet normal 0.321384 -0.946949 4.21412e-06
    outer loop
      vertex -12.1785 -12.9619 0
      vertex -12.2908 -13 3
      vertex -12.5253 -13.0796 0
    endloop
  endfacet
  facet normal 0.321283 -0.946983 0
    outer loop
      vertex -12.2908 -13 3
      vertex -12.1785 -12.9619 0
      vertex -12.1785 -12.9619 3
    endloop
  endfacet
  facet normal 0.194961 -0.980811 0
    outer loop
      vertex -12.8845 -13.151 0
      vertex -12.5253 -13.0796 3
      vertex -12.8845 -13.151 3
    endloop
  endfacet
  facet normal 0.194961 -0.980811 0
    outer loop
      vertex -12.5253 -13.0796 3
      vertex -12.8845 -13.151 0
      vertex -12.5253 -13.0796 0
    endloop
  endfacet
  facet normal 0.896871 -0.442292 0
    outer loop
      vertex -10.8251 -11.775 3
      vertex -10.6631 -11.4465 0
      vertex -10.6631 -11.4465 3
    endloop
  endfacet
  facet normal 0.896871 -0.442292 0
    outer loop
      vertex -10.6631 -11.4465 0
      vertex -10.8251 -11.775 3
      vertex -10.8251 -11.775 0
    endloop
  endfacet
  facet normal 0.83142 -0.555645 0
    outer loop
      vertex -11.0286 -12.0795 3
      vertex -10.8251 -11.775 0
      vertex -10.8251 -11.775 3
    endloop
  endfacet
  facet normal 0.83142 -0.555645 0
    outer loop
      vertex -10.8251 -11.775 0
      vertex -11.0286 -12.0795 3
      vertex -11.0286 -12.0795 0
    endloop
  endfacet
  facet normal -0.0655224 -0.997851 0
    outer loop
      vertex -13.6155 -13.151 0
      vertex -13.25 -13.175 3
      vertex -13.6155 -13.151 3
    endloop
  endfacet
  facet normal -0.0655224 -0.997851 -0
    outer loop
      vertex -13.25 -13.175 3
      vertex -13.6155 -13.151 0
      vertex -13.25 -13.175 0
    endloop
  endfacet
  facet normal -0.321283 -0.946983 0
    outer loop
      vertex -14.3215 -12.9619 0
      vertex -14.2092 -13 3
      vertex -14.3215 -12.9619 3
    endloop
  endfacet
  facet normal -0.321384 -0.946949 4.21412e-06
    outer loop
      vertex -13.9747 -13.0796 0
      vertex -14.2092 -13 3
      vertex -14.3215 -12.9619 0
    endloop
  endfacet
  facet normal -0.321432 -0.946933 0
    outer loop
      vertex -14.2092 -13 3
      vertex -13.9747 -13.0796 0
      vertex -13.9747 -13.0796 3
    endloop
  endfacet
  facet normal -0.194961 -0.980811 0
    outer loop
      vertex -13.9747 -13.0796 0
      vertex -13.6155 -13.151 3
      vertex -13.9747 -13.0796 3
    endloop
  endfacet
  facet normal -0.194961 -0.980811 -0
    outer loop
      vertex -13.6155 -13.151 3
      vertex -13.9747 -13.0796 0
      vertex -13.6155 -13.151 0
    endloop
  endfacet
  facet normal -0.751866 -0.659316 0
    outer loop
      vertex -15.2299 -12.3549 0
      vertex -15.4714 -12.0795 3
      vertex -15.4714 -12.0795 0
    endloop
  endfacet
  facet normal -0.751866 -0.659316 0
    outer loop
      vertex -15.4714 -12.0795 3
      vertex -15.2299 -12.3549 0
      vertex -15.2299 -12.3549 3
    endloop
  endfacet
  facet normal -0.659316 -0.751866 0
    outer loop
      vertex -15.2299 -12.3549 0
      vertex -14.9545 -12.5964 3
      vertex -15.2299 -12.3549 3
    endloop
  endfacet
  facet normal -0.659316 -0.751866 -0
    outer loop
      vertex -14.9545 -12.5964 3
      vertex -15.2299 -12.3549 0
      vertex -14.9545 -12.5964 0
    endloop
  endfacet
  facet normal -0.980811 -0.194961 0
    outer loop
      vertex -15.9546 -11.0997 0
      vertex -16.026 -10.7405 3
      vertex -16.026 -10.7405 0
    endloop
  endfacet
  facet normal -0.980811 -0.194961 0
    outer loop
      vertex -16.026 -10.7405 3
      vertex -15.9546 -11.0997 0
      vertex -15.9546 -11.0997 3
    endloop
  endfacet
  facet normal -0.997851 -0.0655224 0
    outer loop
      vertex -16.026 -10.7405 0
      vertex -16.05 -10.375 3
      vertex -16.05 -10.375 0
    endloop
  endfacet
  facet normal -0.997851 -0.0655224 0
    outer loop
      vertex -16.05 -10.375 3
      vertex -16.026 -10.7405 0
      vertex -16.026 -10.7405 3
    endloop
  endfacet
  facet normal 0.751866 -0.659316 0
    outer loop
      vertex -11.2701 -12.3549 3
      vertex -11.0286 -12.0795 0
      vertex -11.0286 -12.0795 3
    endloop
  endfacet
  facet normal 0.751866 -0.659316 0
    outer loop
      vertex -11.0286 -12.0795 0
      vertex -11.2701 -12.3549 3
      vertex -11.2701 -12.3549 0
    endloop
  endfacet
  facet normal -0.83142 -0.555645 0
    outer loop
      vertex -15.4714 -12.0795 0
      vertex -15.6749 -11.775 3
      vertex -15.6749 -11.775 0
    endloop
  endfacet
  facet normal -0.83142 -0.555645 0
    outer loop
      vertex -15.6749 -11.775 3
      vertex -15.4714 -12.0795 0
      vertex -15.4714 -12.0795 3
    endloop
  endfacet
  facet normal -0.442292 -0.896871 0
    outer loop
      vertex -14.65 -12.7999 0
      vertex -14.3215 -12.9619 3
      vertex -14.65 -12.7999 3
    endloop
  endfacet
  facet normal -0.442292 -0.896871 -0
    outer loop
      vertex -14.3215 -12.9619 3
      vertex -14.65 -12.7999 0
      vertex -14.3215 -12.9619 0
    endloop
  endfacet
  facet normal -0.555645 -0.83142 0
    outer loop
      vertex -14.9545 -12.5964 0
      vertex -14.65 -12.7999 3
      vertex -14.9545 -12.5964 3
    endloop
  endfacet
  facet normal -0.555645 -0.83142 -0
    outer loop
      vertex -14.65 -12.7999 3
      vertex -14.9545 -12.5964 0
      vertex -14.65 -12.7999 0
    endloop
  endfacet
  facet normal 0.946949 0.321384 0
    outer loop
      vertex -10.5454 11.0997 3
      vertex -10.6631 11.4465 0
      vertex -10.6631 11.4465 3
    endloop
  endfacet
  facet normal 0.946949 0.321384 0
    outer loop
      vertex -10.6631 11.4465 0
      vertex -10.5454 11.0997 3
      vertex -10.5454 11.0997 0
    endloop
  endfacet
  facet normal 0.997851 0.0655224 0
    outer loop
      vertex -10.45 10.375 3
      vertex -10.474 10.7405 0
      vertex -10.474 10.7405 3
    endloop
  endfacet
  facet normal 0.997851 0.0655224 0
    outer loop
      vertex -10.474 10.7405 0
      vertex -10.45 10.375 3
      vertex -10.45 10.375 0
    endloop
  endfacet
  facet normal -0.0655224 0.997851 0
    outer loop
      vertex -13.25 13.175 0
      vertex -13.6155 13.151 3
      vertex -13.25 13.175 3
    endloop
  endfacet
  facet normal -0.0655224 0.997851 0
    outer loop
      vertex -13.6155 13.151 3
      vertex -13.25 13.175 0
      vertex -13.6155 13.151 0
    endloop
  endfacet
  facet normal 0.659316 0.751866 -0
    outer loop
      vertex -11.2701 12.3549 0
      vertex -11.5455 12.5964 3
      vertex -11.2701 12.3549 3
    endloop
  endfacet
  facet normal 0.659316 0.751866 0
    outer loop
      vertex -11.5455 12.5964 3
      vertex -11.2701 12.3549 0
      vertex -11.5455 12.5964 0
    endloop
  endfacet
  facet normal -0.751866 0.659316 0
    outer loop
      vertex -15.4714 12.0795 0
      vertex -15.2299 12.3549 3
      vertex -15.2299 12.3549 0
    endloop
  endfacet
  facet normal -0.751866 0.659316 0
    outer loop
      vertex -15.2299 12.3549 3
      vertex -15.4714 12.0795 0
      vertex -15.4714 12.0795 3
    endloop
  endfacet
  facet normal -0.442292 0.896871 0
    outer loop
      vertex -14.3215 12.9619 0
      vertex -14.65 12.7999 3
      vertex -14.3215 12.9619 3
    endloop
  endfacet
  facet normal -0.442292 0.896871 0
    outer loop
      vertex -14.65 12.7999 3
      vertex -14.3215 12.9619 0
      vertex -14.65 12.7999 0
    endloop
  endfacet
  facet normal -0.75183 -0.659357 0
    outer loop
      vertex -15.2299 8.3951 0
      vertex -15.4714 8.67047 3
      vertex -15.4714 8.67047 0
    endloop
  endfacet
  facet normal -0.75183 -0.659357 0
    outer loop
      vertex -15.4714 8.67047 3
      vertex -15.2299 8.3951 0
      vertex -15.2299 8.3951 3
    endloop
  endfacet
  facet normal 0.896871 0.442292 0
    outer loop
      vertex -10.6631 11.4465 3
      vertex -10.8251 11.775 0
      vertex -10.8251 11.775 3
    endloop
  endfacet
  facet normal 0.896871 0.442292 0
    outer loop
      vertex -10.8251 11.775 0
      vertex -10.6631 11.4465 3
      vertex -10.6631 11.4465 0
    endloop
  endfacet
  facet normal 0.83142 0.555645 0
    outer loop
      vertex -10.8251 11.775 3
      vertex -11.0286 12.0795 0
      vertex -11.0286 12.0795 3
    endloop
  endfacet
  facet normal 0.83142 0.555645 0
    outer loop
      vertex -11.0286 12.0795 0
      vertex -10.8251 11.775 3
      vertex -10.8251 11.775 0
    endloop
  endfacet
  facet normal 0.321283 0.946983 -0
    outer loop
      vertex -12.1785 12.9619 0
      vertex -12.2908 13 3
      vertex -12.1785 12.9619 3
    endloop
  endfacet
  facet normal 0.321384 0.946949 4.21412e-06
    outer loop
      vertex -12.5253 13.0796 0
      vertex -12.2908 13 3
      vertex -12.1785 12.9619 0
    endloop
  endfacet
  facet normal 0.321432 0.946933 0
    outer loop
      vertex -12.2908 13 3
      vertex -12.5253 13.0796 0
      vertex -12.5253 13.0796 3
    endloop
  endfacet
  facet normal 0.0655224 0.997851 -0
    outer loop
      vertex -12.8845 13.151 0
      vertex -13.25 13.175 3
      vertex -12.8845 13.151 3
    endloop
  endfacet
  facet normal 0.0655224 0.997851 0
    outer loop
      vertex -13.25 13.175 3
      vertex -12.8845 13.151 0
      vertex -13.25 13.175 0
    endloop
  endfacet
  facet normal 0.555645 0.83142 -0
    outer loop
      vertex -11.5455 12.5964 0
      vertex -11.85 12.7999 3
      vertex -11.5455 12.5964 3
    endloop
  endfacet
  facet normal 0.555645 0.83142 0
    outer loop
      vertex -11.85 12.7999 3
      vertex -11.5455 12.5964 0
      vertex -11.85 12.7999 0
    endloop
  endfacet
  facet normal -0.946949 0.321384 0
    outer loop
      vertex -15.9546 11.0997 0
      vertex -15.8369 11.4465 3
      vertex -15.8369 11.4465 0
    endloop
  endfacet
  facet normal -0.946949 0.321384 0
    outer loop
      vertex -15.8369 11.4465 3
      vertex -15.9546 11.0997 0
      vertex -15.9546 11.0997 3
    endloop
  endfacet
  facet normal 0 0 -1
    outer loop
      vertex -11.55 10.375 0
      vertex -10.45 10.375 0
      vertex -10.474 10.0095 0
    endloop
  endfacet
  facet normal 0 0 -1
    outer loop
      vertex -11.5645 10.1531 0
      vertex -10.474 10.0095 0
      vertex -10.5454 9.65031 0
    endloop
  endfacet
  facet normal 0 0 -1
    outer loop
      vertex -10.45 10.375 0
      vertex -11.55 10.375 0
      vertex -10.474 10.7405 0
    endloop
  endfacet
  facet normal 0 0 -1
    outer loop
      vertex -11.6079 9.93501 0
      vertex -10.5454 9.65031 0
      vertex -10.6631 9.30349 0
    endloop
  endfacet
  facet normal 0 0 -1
    outer loop
      vertex -11.5645 10.5969 0
      vertex -10.474 10.7405 0
      vertex -11.55 10.375 0
    endloop
  endfacet
  facet normal 0 0 -1
    outer loop
      vertex -11.6794 9.72444 0
      vertex -10.6631 9.30349 0
      vertex -10.8251 8.975 0
    endloop
  endfacet
  facet normal -0 0 -1
    outer loop
      vertex -10.474 10.7405 0
      vertex -11.5645 10.5969 0
      vertex -10.5454 11.0997 0
    endloop
  endfacet
  facet normal 0 0 -1
    outer loop
      vertex -11.7778 9.525 0
      vertex -10.8251 8.975 0
      vertex -11.0286 8.67047 0
    endloop
  endfacet
  facet normal 0 0 -1
    outer loop
      vertex -11.6079 10.815 0
      vertex -10.5454 11.0997 0
      vertex -11.5645 10.5969 0
    endloop
  endfacet
  facet normal 0 0 -1
    outer loop
      vertex -11.9013 9.34011 0
      vertex -11.0286 8.67047 0
      vertex -11.2701 8.3951 0
    endloop
  endfacet
  facet normal -0 0 -1
    outer loop
      vertex -10.5454 11.0997 0
      vertex -11.6079 10.815 0
      vertex -10.6631 11.4465 0
    endloop
  endfacet
  facet normal 0 0 -1
    outer loop
      vertex -12.0479 9.17292 0
      vertex -11.2701 8.3951 0
      vertex -11.5455 8.15361 0
    endloop
  endfacet
  facet normal 0 0 -1
    outer loop
      vertex -11.6794 11.0256 0
      vertex -10.6631 11.4465 0
      vertex -11.6079 10.815 0
    endloop
  endfacet
  facet normal -0 0 -1
    outer loop
      vertex -10.6631 11.4465 0
      vertex -11.6794 11.0256 0
      vertex -10.8251 11.775 0
    endloop
  endfacet
  facet normal 0 0 -1
    outer loop
      vertex -10.474 10.0095 0
      vertex -11.5645 10.1531 0
      vertex -11.55 10.375 0
    endloop
  endfacet
  facet normal 0 0 -1
    outer loop
      vertex -10.5454 9.65031 0
      vertex -11.6079 9.93501 0
      vertex -11.5645 10.1531 0
    endloop
  endfacet
  facet normal 0 0 -1
    outer loop
      vertex -10.6631 9.30349 0
      vertex -11.6794 9.72444 0
      vertex -11.6079 9.93501 0
    endloop
  endfacet
  facet normal 0 0 -1
    outer loop
      vertex -10.8251 8.975 0
      vertex -11.7778 9.525 0
      vertex -11.6794 9.72444 0
    endloop
  endfacet
  facet normal 0 0 -1
    outer loop
      vertex -12.2151 9.0263 0
      vertex -11.5455 8.15361 0
      vertex -11.85 7.95013 0
    endloop
  endfacet
  facet normal 0 0 -1
    outer loop
      vertex -11.0286 8.67047 0
      vertex -11.9013 9.34011 0
      vertex -11.7778 9.525 0
    endloop
  endfacet
  facet normal 0 0 -1
    outer loop
      vertex -11.2701 8.3951 0
      vertex -12.0479 9.17292 0
      vertex -11.9013 9.34011 0
    endloop
  endfacet
  facet normal 0 0 -1
    outer loop
      vertex -12.4 8.90276 0
      vertex -11.85 7.95013 0
      vertex -12.1785 7.78814 0
    endloop
  endfacet
  facet normal 0 0 -1
    outer loop
      vertex -11.5455 8.15361 0
      vertex -12.2151 9.0263 0
      vertex -12.0479 9.17292 0
    endloop
  endfacet
  facet normal 0 0 -1
    outer loop
      vertex -11.85 7.95013 0
      vertex -12.4 8.90276 0
      vertex -12.2151 9.0263 0
    endloop
  endfacet
  facet normal 0 0 -1
    outer loop
      vertex -12.5994 8.8044 0
      vertex -12.1785 7.78814 0
      vertex -12.5253 7.67041 0
    endloop
  endfacet
  facet normal 0 0 -1
    outer loop
      vertex -12.1785 7.78814 0
      vertex -12.5994 8.8044 0
      vertex -12.4 8.90276 0
    endloop
  endfacet
  facet normal 0 0 -1
    outer loop
      vertex -12.5253 7.67041 0
      vertex -12.81 8.73293 0
      vertex -12.5994 8.8044 0
    endloop
  endfacet
  facet normal 0 0 -1
    outer loop
      vertex -12.8845 7.59895 0
      vertex -12.81 8.73293 0
      vertex -12.5253 7.67041 0
    endloop
  endfacet
  facet normal 0 0 -1
    outer loop
      vertex -12.8845 7.59895 0
      vertex -13.0281 8.68954 0
      vertex -12.81 8.73293 0
    endloop
  endfacet
  facet normal 0 0 -1
    outer loop
      vertex -13.25 7.575 0
      vertex -13.0281 8.68954 0
      vertex -12.8845 7.59895 0
    endloop
  endfacet
  facet normal 0 0 -1
    outer loop
      vertex -13.25 7.575 0
      vertex -13.25 8.675 0
      vertex -13.0281 8.68954 0
    endloop
  endfacet
  facet normal 0 0 -1
    outer loop
      vertex -13.25 7.575 0
      vertex -13.4719 8.68954 0
      vertex -13.25 8.675 0
    endloop
  endfacet
  facet normal 0 0 -1
    outer loop
      vertex -13.6155 7.59895 0
      vertex -13.4719 8.68954 0
      vertex -13.25 7.575 0
    endloop
  endfacet
  facet normal 0 0 -1
    outer loop
      vertex -13.6155 7.59895 0
      vertex -13.69 8.73293 0
      vertex -13.4719 8.68954 0
    endloop
  endfacet
  facet normal 0 0 -1
    outer loop
      vertex -13.9747 7.67041 0
      vertex -13.69 8.73293 0
      vertex -13.6155 7.59895 0
    endloop
  endfacet
  facet normal -0 0 -1
    outer loop
      vertex -13.69 8.73293 0
      vertex -13.9747 7.67041 0
      vertex -13.9006 8.8044 0
    endloop
  endfacet
  facet normal 0 0 -1
    outer loop
      vertex -14.3215 7.78814 0
      vertex -13.9006 8.8044 0
      vertex -13.9747 7.67041 0
    endloop
  endfacet
  facet normal -0 0 -1
    outer loop
      vertex -13.9006 8.8044 0
      vertex -14.3215 7.78814 0
      vertex -14.1 8.90276 0
    endloop
  endfacet
  facet normal 0 0 -1
    outer loop
      vertex -14.65 7.95013 0
      vertex -14.1 8.90276 0
      vertex -14.3215 7.78814 0
    endloop
  endfacet
  facet normal -0 0 -1
    outer loop
      vertex -14.1 8.90276 0
      vertex -14.65 7.95013 0
      vertex -14.2849 9.0263 0
    endloop
  endfacet
  facet normal 0 0 -1
    outer loop
      vertex -14.9545 8.15361 0
      vertex -14.2849 9.0263 0
      vertex -14.65 7.95013 0
    endloop
  endfacet
  facet normal -0 0 -1
    outer loop
      vertex -14.2849 9.0263 0
      vertex -14.9545 8.15361 0
      vertex -14.4521 9.17292 0
    endloop
  endfacet
  facet normal 0 0 -1
    outer loop
      vertex -15.2299 8.3951 0
      vertex -14.4521 9.17292 0
      vertex -14.9545 8.15361 0
    endloop
  endfacet
  facet normal -0 0 -1
    outer loop
      vertex -14.4521 9.17292 0
      vertex -15.2299 8.3951 0
      vertex -14.5987 9.34011 0
    endloop
  endfacet
  facet normal 0 0 -1
    outer loop
      vertex -15.4714 8.67047 0
      vertex -14.5987 9.34011 0
      vertex -15.2299 8.3951 0
    endloop
  endfacet
  facet normal -0 0 -1
    outer loop
      vertex -14.5987 9.34011 0
      vertex -15.4714 8.67047 0
      vertex -14.7222 9.525 0
    endloop
  endfacet
  facet normal -0 0 -1
    outer loop
      vertex -14.7222 9.525 0
      vertex -15.6749 8.975 0
      vertex -14.8206 9.72444 0
    endloop
  endfacet
  facet normal 0 0 -1
    outer loop
      vertex -15.6749 8.975 0
      vertex -14.7222 9.525 0
      vertex -15.4714 8.67047 0
    endloop
  endfacet
  facet normal 0 0 -1
    outer loop
      vertex -11.7778 11.225 0
      vertex -10.8251 11.775 0
      vertex -11.6794 11.0256 0
    endloop
  endfacet
  facet normal -0 0 -1
    outer loop
      vertex -10.8251 11.775 0
      vertex -11.7778 11.225 0
      vertex -11.0286 12.0795 0
    endloop
  endfacet
  facet normal 0 0 -1
    outer loop
      vertex -11.9013 11.4099 0
      vertex -11.0286 12.0795 0
      vertex -11.7778 11.225 0
    endloop
  endfacet
  facet normal -0 0 -1
    outer loop
      vertex -11.0286 12.0795 0
      vertex -11.9013 11.4099 0
      vertex -11.2701 12.3549 0
    endloop
  endfacet
  facet normal 0 0 -1
    outer loop
      vertex -12.0479 11.5771 0
      vertex -11.2701 12.3549 0
      vertex -11.9013 11.4099 0
    endloop
  endfacet
  facet normal -0 0 -1
    outer loop
      vertex -11.2701 12.3549 0
      vertex -12.0479 11.5771 0
      vertex -11.5455 12.5964 0
    endloop
  endfacet
  facet normal 0 0 -1
    outer loop
      vertex -12.2151 11.7237 0
      vertex -11.5455 12.5964 0
      vertex -12.0479 11.5771 0
    endloop
  endfacet
  facet normal -0 0 -1
    outer loop
      vertex -11.5455 12.5964 0
      vertex -12.2151 11.7237 0
      vertex -11.85 12.7999 0
    endloop
  endfacet
  facet normal 0 0 -1
    outer loop
      vertex -12.4 11.8472 0
      vertex -11.85 12.7999 0
      vertex -12.2151 11.7237 0
    endloop
  endfacet
  facet normal -0 0 -1
    outer loop
      vertex -11.85 12.7999 0
      vertex -12.4 11.8472 0
      vertex -12.1785 12.9619 0
    endloop
  endfacet
  facet normal 0 0 -1
    outer loop
      vertex -12.5994 11.9456 0
      vertex -12.1785 12.9619 0
      vertex -12.4 11.8472 0
    endloop
  endfacet
  facet normal -0 0 -1
    outer loop
      vertex -12.1785 12.9619 0
      vertex -12.5994 11.9456 0
      vertex -12.5253 13.0796 0
    endloop
  endfacet
  facet normal 0 0 -1
    outer loop
      vertex -12.81 12.0171 0
      vertex -12.5253 13.0796 0
      vertex -12.5994 11.9456 0
    endloop
  endfacet
  facet normal 0 0 -1
    outer loop
      vertex -12.81 12.0171 0
      vertex -12.8845 13.151 0
      vertex -12.5253 13.0796 0
    endloop
  endfacet
  facet normal 0 0 -1
    outer loop
      vertex -13.0281 12.0605 0
      vertex -12.8845 13.151 0
      vertex -12.81 12.0171 0
    endloop
  endfacet
  facet normal 0 0 -1
    outer loop
      vertex -13.25 12.075 0
      vertex -12.8845 13.151 0
      vertex -13.0281 12.0605 0
    endloop
  endfacet
  facet normal 0 0 -1
    outer loop
      vertex -13.25 12.075 0
      vertex -13.25 13.175 0
      vertex -12.8845 13.151 0
    endloop
  endfacet
  facet normal 0 0 -1
    outer loop
      vertex -13.4719 12.0605 0
      vertex -13.25 13.175 0
      vertex -13.25 12.075 0
    endloop
  endfacet
  facet normal 0 0 -1
    outer loop
      vertex -13.4719 12.0605 0
      vertex -13.6155 13.151 0
      vertex -13.25 13.175 0
    endloop
  endfacet
  facet normal 0 0 -1
    outer loop
      vertex -13.69 12.0171 0
      vertex -13.6155 13.151 0
      vertex -13.4719 12.0605 0
    endloop
  endfacet
  facet normal 0 0 -1
    outer loop
      vertex -13.9747 13.0796 0
      vertex -13.69 12.0171 0
      vertex -13.9006 11.9456 0
    endloop
  endfacet
  facet normal 0 0 -1
    outer loop
      vertex -13.69 12.0171 0
      vertex -13.9747 13.0796 0
      vertex -13.6155 13.151 0
    endloop
  endfacet
  facet normal 0 0 -1
    outer loop
      vertex -14.3215 12.9619 0
      vertex -13.9006 11.9456 0
      vertex -14.1 11.8472 0
    endloop
  endfacet
  facet normal 0 0 -1
    outer loop
      vertex -14.65 12.7999 0
      vertex -14.1 11.8472 0
      vertex -14.2849 11.7237 0
    endloop
  endfacet
  facet normal 0 0 -1
    outer loop
      vertex -13.9006 11.9456 0
      vertex -14.3215 12.9619 0
      vertex -13.9747 13.0796 0
    endloop
  endfacet
  facet normal 0 0 -1
    outer loop
      vertex -14.9545 12.5964 0
      vertex -14.2849 11.7237 0
      vertex -14.4521 11.5771 0
    endloop
  endfacet
  facet normal 0 0 -1
    outer loop
      vertex -15.2299 12.3549 0
      vertex -14.4521 11.5771 0
      vertex -14.5987 11.4099 0
    endloop
  endfacet
  facet normal 0 0 -1
    outer loop
      vertex -14.1 11.8472 0
      vertex -14.65 12.7999 0
      vertex -14.3215 12.9619 0
    endloop
  endfacet
  facet normal 0 0 -1
    outer loop
      vertex -15.4714 12.0795 0
      vertex -14.5987 11.4099 0
      vertex -14.7222 11.225 0
    endloop
  endfacet
  facet normal 0 0 -1
    outer loop
      vertex -15.6749 11.775 0
      vertex -14.7222 11.225 0
      vertex -14.8206 11.0256 0
    endloop
  endfacet
  facet normal 0 0 -1
    outer loop
      vertex -15.8369 11.4465 0
      vertex -14.8206 11.0256 0
      vertex -14.8921 10.815 0
    endloop
  endfacet
  facet normal 0 0 -1
    outer loop
      vertex -15.9546 11.0997 0
      vertex -14.8921 10.815 0
      vertex -14.9355 10.5969 0
    endloop
  endfacet
  facet normal 0 0 -1
    outer loop
      vertex -14.2849 11.7237 0
      vertex -14.9545 12.5964 0
      vertex -14.65 12.7999 0
    endloop
  endfacet
  facet normal 0 0 -1
    outer loop
      vertex -16.026 10.7405 0
      vertex -14.9355 10.5969 0
      vertex -14.95 10.375 0
    endloop
  endfacet
  facet normal 0 0 -1
    outer loop
      vertex -15.8369 9.30349 0
      vertex -14.8206 9.72444 0
      vertex -15.6749 8.975 0
    endloop
  endfacet
  facet normal -0 0 -1
    outer loop
      vertex -14.8206 9.72444 0
      vertex -15.8369 9.30349 0
      vertex -14.8921 9.93501 0
    endloop
  endfacet
  facet normal 0 0 -1
    outer loop
      vertex -14.4521 11.5771 0
      vertex -15.2299 12.3549 0
      vertex -14.9545 12.5964 0
    endloop
  endfacet
  facet normal 0 0 -1
    outer loop
      vertex -15.9546 9.65031 0
      vertex -14.8921 9.93501 0
      vertex -15.8369 9.30349 0
    endloop
  endfacet
  facet normal 0 0 -1
    outer loop
      vertex -14.5987 11.4099 0
      vertex -15.4714 12.0795 0
      vertex -15.2299 12.3549 0
    endloop
  endfacet
  facet normal -0 0 -1
    outer loop
      vertex -14.8921 9.93501 0
      vertex -15.9546 9.65031 0
      vertex -14.9355 10.1531 0
    endloop
  endfacet
  facet normal 0 0 -1
    outer loop
      vertex -14.7222 11.225 0
      vertex -15.6749 11.775 0
      vertex -15.4714 12.0795 0
    endloop
  endfacet
  facet normal 0 0 -1
    outer loop
      vertex -16.026 10.0095 0
      vertex -14.9355 10.1531 0
      vertex -15.9546 9.65031 0
    endloop
  endfacet
  facet normal 0 0 -1
    outer loop
      vertex -14.8206 11.0256 0
      vertex -15.8369 11.4465 0
      vertex -15.6749 11.775 0
    endloop
  endfacet
  facet normal -0 0 -1
    outer loop
      vertex -14.9355 10.1531 0
      vertex -16.026 10.0095 0
      vertex -14.95 10.375 0
    endloop
  endfacet
  facet normal 0 0 -1
    outer loop
      vertex -14.8921 10.815 0
      vertex -15.9546 11.0997 0
      vertex -15.8369 11.4465 0
    endloop
  endfacet
  facet normal 0 0 -1
    outer loop
      vertex -16.05 10.375 0
      vertex -14.95 10.375 0
      vertex -16.026 10.0095 0
    endloop
  endfacet
  facet normal 0 0 -1
    outer loop
      vertex -14.9355 10.5969 0
      vertex -16.026 10.7405 0
      vertex -15.9546 11.0997 0
    endloop
  endfacet
  facet normal 0 0 -1
    outer loop
      vertex -14.95 10.375 0
      vertex -16.05 10.375 0
      vertex -16.026 10.7405 0
    endloop
  endfacet
  facet normal -0.896871 0.442292 0
    outer loop
      vertex -15.8369 11.4465 0
      vertex -15.6749 11.775 3
      vertex -15.6749 11.775 0
    endloop
  endfacet
  facet normal -0.896871 0.442292 0
    outer loop
      vertex -15.6749 11.775 3
      vertex -15.8369 11.4465 0
      vertex -15.8369 11.4465 3
    endloop
  endfacet
  facet normal -0.997851 0.0655224 0
    outer loop
      vertex -16.05 10.375 0
      vertex -16.026 10.7405 3
      vertex -16.026 10.7405 0
    endloop
  endfacet
  facet normal -0.997851 0.0655224 0
    outer loop
      vertex -16.026 10.7405 3
      vertex -16.05 10.375 0
      vertex -16.05 10.375 3
    endloop
  endfacet
  facet normal -0.555645 0.83142 0
    outer loop
      vertex -14.65 12.7999 0
      vertex -14.9545 12.5964 3
      vertex -14.65 12.7999 3
    endloop
  endfacet
  facet normal -0.555645 0.83142 0
    outer loop
      vertex -14.9545 12.5964 3
      vertex -14.65 12.7999 0
      vertex -14.9545 12.5964 0
    endloop
  endfacet
  facet normal -0.194961 0.980811 0
    outer loop
      vertex -13.6155 13.151 0
      vertex -13.9747 13.0796 3
      vertex -13.6155 13.151 3
    endloop
  endfacet
  facet normal -0.194961 0.980811 0
    outer loop
      vertex -13.9747 13.0796 3
      vertex -13.6155 13.151 0
      vertex -13.9747 13.0796 0
    endloop
  endfacet
  facet normal 0.75183 -0.659357 0
    outer loop
      vertex -11.2701 8.3951 3
      vertex -11.0286 8.67047 0
      vertex -11.0286 8.67047 3
    endloop
  endfacet
  facet normal 0.75183 -0.659357 0
    outer loop
      vertex -11.0286 8.67047 0
      vertex -11.2701 8.3951 3
      vertex -11.2701 8.3951 0
    endloop
  endfacet
  facet normal 0.555607 -0.831445 0
    outer loop
      vertex -11.85 7.95013 0
      vertex -11.5455 8.15361 3
      vertex -11.85 7.95013 3
    endloop
  endfacet
  facet normal 0.555607 -0.831445 0
    outer loop
      vertex -11.5455 8.15361 3
      vertex -11.85 7.95013 0
      vertex -11.5455 8.15361 0
    endloop
  endfacet
  facet normal 0.831445 -0.555607 0
    outer loop
      vertex -11.0286 8.67047 3
      vertex -10.8251 8.975 0
      vertex -10.8251 8.975 3
    endloop
  endfacet
  facet normal 0.831445 -0.555607 0
    outer loop
      vertex -10.8251 8.975 0
      vertex -11.0286 8.67047 3
      vertex -11.0286 8.67047 0
    endloop
  endfacet
  facet normal -0.195118 -0.98078 0
    outer loop
      vertex -13.9747 7.67041 0
      vertex -13.6155 7.59895 3
      vertex -13.9747 7.67041 3
    endloop
  endfacet
  facet normal -0.195118 -0.98078 -0
    outer loop
      vertex -13.6155 7.59895 3
      vertex -13.9747 7.67041 0
      vertex -13.6155 7.59895 0
    endloop
  endfacet
  facet normal -0.831445 -0.555607 0
    outer loop
      vertex -15.4714 8.67047 0
      vertex -15.6749 8.975 3
      vertex -15.6749 8.975 0
    endloop
  endfacet
  facet normal -0.831445 -0.555607 0
    outer loop
      vertex -15.6749 8.975 3
      vertex -15.4714 8.67047 0
      vertex -15.4714 8.67047 3
    endloop
  endfacet
  facet normal 0.980811 0.194961 0
    outer loop
      vertex -10.474 10.7405 3
      vertex -10.5454 11.0997 0
      vertex -10.5454 11.0997 3
    endloop
  endfacet
  facet normal 0.980811 0.194961 0
    outer loop
      vertex -10.5454 11.0997 0
      vertex -10.474 10.7405 3
      vertex -10.474 10.7405 0
    endloop
  endfacet
  facet normal 0.751866 0.659316 0
    outer loop
      vertex -11.0286 12.0795 3
      vertex -11.2701 12.3549 0
      vertex -11.2701 12.3549 3
    endloop
  endfacet
  facet normal 0.751866 0.659316 0
    outer loop
      vertex -11.2701 12.3549 0
      vertex -11.0286 12.0795 3
      vertex -11.0286 12.0795 0
    endloop
  endfacet
  facet normal 0.194961 0.980811 -0
    outer loop
      vertex -12.5253 13.0796 0
      vertex -12.8845 13.151 3
      vertex -12.5253 13.0796 3
    endloop
  endfacet
  facet normal 0.194961 0.980811 0
    outer loop
      vertex -12.8845 13.151 3
      vertex -12.5253 13.0796 0
      vertex -12.8845 13.151 0
    endloop
  endfacet
  facet normal 0.442292 0.896871 -0
    outer loop
      vertex -11.85 12.7999 0
      vertex -12.1785 12.9619 3
      vertex -11.85 12.7999 3
    endloop
  endfacet
  facet normal 0.442292 0.896871 0
    outer loop
      vertex -12.1785 12.9619 3
      vertex -11.85 12.7999 0
      vertex -12.1785 12.9619 0
    endloop
  endfacet
  facet normal -0.83142 0.555645 0
    outer loop
      vertex -15.6749 11.775 0
      vertex -15.4714 12.0795 3
      vertex -15.4714 12.0795 0
    endloop
  endfacet
  facet normal -0.83142 0.555645 0
    outer loop
      vertex -15.4714 12.0795 3
      vertex -15.6749 11.775 0
      vertex -15.6749 11.775 3
    endloop
  endfacet
  facet normal -0.997851 -0.0655224 0
    outer loop
      vertex -16.026 10.0095 0
      vertex -16.05 10.375 3
      vertex -16.05 10.375 0
    endloop
  endfacet
  facet normal -0.997851 -0.0655224 0
    outer loop
      vertex -16.05 10.375 3
      vertex -16.026 10.0095 0
      vertex -16.026 10.0095 3
    endloop
  endfacet
  facet normal -0.980811 0.194961 0
    outer loop
      vertex -16.026 10.7405 0
      vertex -15.9546 11.0997 3
      vertex -15.9546 11.0997 0
    endloop
  endfacet
  facet normal -0.980811 0.194961 0
    outer loop
      vertex -15.9546 11.0997 3
      vertex -16.026 10.7405 0
      vertex -16.026 10.7405 3
    endloop
  endfacet
  facet normal -0.659316 0.751866 0
    outer loop
      vertex -14.9545 12.5964 0
      vertex -15.2299 12.3549 3
      vertex -14.9545 12.5964 3
    endloop
  endfacet
  facet normal -0.659316 0.751866 0
    outer loop
      vertex -15.2299 12.3549 3
      vertex -14.9545 12.5964 0
      vertex -15.2299 12.3549 0
    endloop
  endfacet
  facet normal -0.321432 0.946933 0
    outer loop
      vertex -13.9747 13.0796 0
      vertex -14.2092 13 3
      vertex -13.9747 13.0796 3
    endloop
  endfacet
  facet normal -0.321384 0.946949 4.21412e-06
    outer loop
      vertex -14.3215 12.9619 0
      vertex -14.2092 13 3
      vertex -13.9747 13.0796 0
    endloop
  endfacet
  facet normal -0.321283 0.946983 0
    outer loop
      vertex -14.2092 13 3
      vertex -14.3215 12.9619 0
      vertex -14.3215 12.9619 3
    endloop
  endfacet
  facet normal 0.442271 -0.896882 0
    outer loop
      vertex -12.1785 7.78814 0
      vertex -11.85 7.95013 3
      vertex -12.1785 7.78814 3
    endloop
  endfacet
  facet normal 0.442271 -0.896882 0
    outer loop
      vertex -11.85 7.95013 3
      vertex -12.1785 7.78814 0
      vertex -11.85 7.95013 0
    endloop
  endfacet
  facet normal 0.195118 -0.98078 0
    outer loop
      vertex -12.8845 7.59895 0
      vertex -12.5253 7.67041 3
      vertex -12.8845 7.59895 3
    endloop
  endfacet
  facet normal 0.195118 -0.98078 0
    outer loop
      vertex -12.5253 7.67041 3
      vertex -12.8845 7.59895 0
      vertex -12.5253 7.67041 0
    endloop
  endfacet
  facet normal 0.321457 -0.946924 0
    outer loop
      vertex -12.5253 7.67041 0
      vertex -12.1785 7.78814 3
      vertex -12.5253 7.67041 3
    endloop
  endfacet
  facet normal 0.321457 -0.946924 0
    outer loop
      vertex -12.1785 7.78814 3
      vertex -12.5253 7.67041 0
      vertex -12.1785 7.78814 0
    endloop
  endfacet
  facet normal 0.659301 -0.751879 0
    outer loop
      vertex -11.5455 8.15361 0
      vertex -11.2701 8.3951 3
      vertex -11.5455 8.15361 3
    endloop
  endfacet
  facet normal 0.659301 -0.751879 0
    outer loop
      vertex -11.2701 8.3951 3
      vertex -11.5455 8.15361 0
      vertex -11.2701 8.3951 0
    endloop
  endfacet
  facet normal 0.946955 -0.321367 0
    outer loop
      vertex -10.6631 9.30349 3
      vertex -10.5454 9.65031 0
      vertex -10.5454 9.65031 3
    endloop
  endfacet
  facet normal 0.946955 -0.321367 0
    outer loop
      vertex -10.5454 9.65031 0
      vertex -10.6631 9.30349 3
      vertex -10.6631 9.30349 0
    endloop
  endfacet
  facet normal 0.997851 -0.0655224 0
    outer loop
      vertex -10.474 10.0095 3
      vertex -10.45 10.375 0
      vertex -10.45 10.375 3
    endloop
  endfacet
  facet normal 0.997851 -0.0655224 0
    outer loop
      vertex -10.45 10.375 0
      vertex -10.474 10.0095 3
      vertex -10.474 10.0095 0
    endloop
  endfacet
  facet normal -0.442271 -0.896882 0
    outer loop
      vertex -14.65 7.95013 0
      vertex -14.3215 7.78814 3
      vertex -14.65 7.95013 3
    endloop
  endfacet
  facet normal -0.442271 -0.896882 -0
    outer loop
      vertex -14.3215 7.78814 3
      vertex -14.65 7.95013 0
      vertex -14.3215 7.78814 0
    endloop
  endfacet
  facet normal -0.555607 -0.831445 0
    outer loop
      vertex -14.9545 8.15361 0
      vertex -14.65 7.95013 3
      vertex -14.9545 8.15361 3
    endloop
  endfacet
  facet normal -0.555607 -0.831445 -0
    outer loop
      vertex -14.65 7.95013 3
      vertex -14.9545 8.15361 0
      vertex -14.65 7.95013 0
    endloop
  endfacet
  facet normal -0.321457 -0.946924 0
    outer loop
      vertex -14.3215 7.78814 0
      vertex -13.9747 7.67041 3
      vertex -14.3215 7.78814 3
    endloop
  endfacet
  facet normal -0.321457 -0.946924 -0
    outer loop
      vertex -13.9747 7.67041 3
      vertex -14.3215 7.78814 0
      vertex -13.9747 7.67041 0
    endloop
  endfacet
  facet normal 0.0653864 -0.99786 0
    outer loop
      vertex -13.25 7.575 0
      vertex -12.8845 7.59895 3
      vertex -13.25 7.575 3
    endloop
  endfacet
  facet normal 0.0653864 -0.99786 0
    outer loop
      vertex -12.8845 7.59895 3
      vertex -13.25 7.575 0
      vertex -12.8845 7.59895 0
    endloop
  endfacet
  facet normal -0.659301 -0.751879 0
    outer loop
      vertex -15.2299 8.3951 0
      vertex -14.9545 8.15361 3
      vertex -15.2299 8.3951 3
    endloop
  endfacet
  facet normal -0.659301 -0.751879 -0
    outer loop
      vertex -14.9545 8.15361 3
      vertex -15.2299 8.3951 0
      vertex -14.9545 8.15361 0
    endloop
  endfacet
  facet normal -0.896866 -0.442303 0
    outer loop
      vertex -15.6749 8.975 0
      vertex -15.8369 9.30349 3
      vertex -15.8369 9.30349 0
    endloop
  endfacet
  facet normal -0.896866 -0.442303 0
    outer loop
      vertex -15.8369 9.30349 3
      vertex -15.6749 8.975 0
      vertex -15.6749 8.975 3
    endloop
  endfacet
  facet normal -0.98081 -0.194966 0
    outer loop
      vertex -15.9546 9.65031 0
      vertex -16.026 10.0095 3
      vertex -16.026 10.0095 0
    endloop
  endfacet
  facet normal -0.98081 -0.194966 0
    outer loop
      vertex -16.026 10.0095 3
      vertex -15.9546 9.65031 0
      vertex -15.9546 9.65031 3
    endloop
  endfacet
  facet normal 0.98081 -0.194966 0
    outer loop
      vertex -10.5454 9.65031 3
      vertex -10.474 10.0095 0
      vertex -10.474 10.0095 3
    endloop
  endfacet
  facet normal 0.98081 -0.194966 0
    outer loop
      vertex -10.474 10.0095 0
      vertex -10.5454 9.65031 3
      vertex -10.5454 9.65031 0
    endloop
  endfacet
  facet normal 0.896866 -0.442303 0
    outer loop
      vertex -10.8251 8.975 3
      vertex -10.6631 9.30349 0
      vertex -10.6631 9.30349 3
    endloop
  endfacet
  facet normal 0.896866 -0.442303 0
    outer loop
      vertex -10.6631 9.30349 0
      vertex -10.8251 8.975 3
      vertex -10.8251 8.975 0
    endloop
  endfacet
  facet normal -0.0653864 -0.99786 0
    outer loop
      vertex -13.6155 7.59895 0
      vertex -13.25 7.575 3
      vertex -13.6155 7.59895 3
    endloop
  endfacet
  facet normal -0.0653864 -0.99786 -0
    outer loop
      vertex -13.25 7.575 3
      vertex -13.6155 7.59895 0
      vertex -13.25 7.575 0
    endloop
  endfacet
  facet normal -0.946955 -0.321367 0
    outer loop
      vertex -15.8369 9.30349 0
      vertex -15.9546 9.65031 3
      vertex -15.9546 9.65031 0
    endloop
  endfacet
  facet normal -0.946955 -0.321367 0
    outer loop
      vertex -15.9546 9.65031 3
      vertex -15.8369 9.30349 0
      vertex -15.8369 9.30349 3
    endloop
  endfacet
  facet normal -0.946955 0.321367 0
    outer loop
      vertex 10.5454 -9.65031 0
      vertex 10.6631 -9.30349 3
      vertex 10.6631 -9.30349 0
    endloop
  endfacet
  facet normal -0.946955 0.321367 0
    outer loop
      vertex 10.6631 -9.30349 3
      vertex 10.5454 -9.65031 0
      vertex 10.5454 -9.65031 3
    endloop
  endfacet
  facet normal 0.997851 -0.0655224 0
    outer loop
      vertex 16.026 -10.7405 3
      vertex 16.05 -10.375 0
      vertex 16.05 -10.375 3
    endloop
  endfacet
  facet normal 0.997851 -0.0655224 0
    outer loop
      vertex 16.05 -10.375 0
      vertex 16.026 -10.7405 3
      vertex 16.026 -10.7405 0
    endloop
  endfacet
  facet normal -0.321283 -0.946983 0
    outer loop
      vertex 12.1785 -12.9619 0
      vertex 12.2908 -13 3
      vertex 12.1785 -12.9619 3
    endloop
  endfacet
  facet normal -0.321384 -0.946949 4.21412e-06
    outer loop
      vertex 12.5253 -13.0796 0
      vertex 12.2908 -13 3
      vertex 12.1785 -12.9619 0
    endloop
  endfacet
  facet normal -0.321432 -0.946933 0
    outer loop
      vertex 12.2908 -13 3
      vertex 12.5253 -13.0796 0
      vertex 12.5253 -13.0796 3
    endloop
  endfacet
  facet normal 0.442271 0.896882 -0
    outer loop
      vertex 14.65 -7.95013 0
      vertex 14.3215 -7.78814 3
      vertex 14.65 -7.95013 3
    endloop
  endfacet
  facet normal 0.442271 0.896882 0
    outer loop
      vertex 14.3215 -7.78814 3
      vertex 14.65 -7.95013 0
      vertex 14.3215 -7.78814 0
    endloop
  endfacet
  facet normal -0.442271 0.896882 0
    outer loop
      vertex 12.1785 -7.78814 0
      vertex 11.85 -7.95013 3
      vertex 12.1785 -7.78814 3
    endloop
  endfacet
  facet normal -0.442271 0.896882 0
    outer loop
      vertex 11.85 -7.95013 3
      vertex 12.1785 -7.78814 0
      vertex 11.85 -7.95013 0
    endloop
  endfacet
  facet normal -0.896866 0.442303 0
    outer loop
      vertex 10.6631 -9.30349 0
      vertex 10.8251 -8.975 3
      vertex 10.8251 -8.975 0
    endloop
  endfacet
  facet normal -0.896866 0.442303 0
    outer loop
      vertex 10.8251 -8.975 3
      vertex 10.6631 -9.30349 0
      vertex 10.6631 -9.30349 3
    endloop
  endfacet
  facet normal -0.896871 -0.442292 0
    outer loop
      vertex 10.8251 -11.775 0
      vertex 10.6631 -11.4465 3
      vertex 10.6631 -11.4465 0
    endloop
  endfacet
  facet normal -0.896871 -0.442292 0
    outer loop
      vertex 10.6631 -11.4465 3
      vertex 10.8251 -11.775 0
      vertex 10.8251 -11.775 3
    endloop
  endfacet
  facet normal 0.946955 0.321367 0
    outer loop
      vertex 15.9546 -9.65031 3
      vertex 15.8369 -9.30349 0
      vertex 15.8369 -9.30349 3
    endloop
  endfacet
  facet normal 0.946955 0.321367 0
    outer loop
      vertex 15.8369 -9.30349 0
      vertex 15.9546 -9.65031 3
      vertex 15.9546 -9.65031 0
    endloop
  endfacet
  facet normal 0.896866 0.442303 0
    outer loop
      vertex 15.8369 -9.30349 3
      vertex 15.6749 -8.975 0
      vertex 15.6749 -8.975 3
    endloop
  endfacet
  facet normal 0.896866 0.442303 0
    outer loop
      vertex 15.6749 -8.975 0
      vertex 15.8369 -9.30349 3
      vertex 15.8369 -9.30349 0
    endloop
  endfacet
  facet normal 0.831445 0.555607 0
    outer loop
      vertex 15.6749 -8.975 3
      vertex 15.4714 -8.67047 0
      vertex 15.4714 -8.67047 3
    endloop
  endfacet
  facet normal 0.831445 0.555607 0
    outer loop
      vertex 15.4714 -8.67047 0
      vertex 15.6749 -8.975 3
      vertex 15.6749 -8.975 0
    endloop
  endfacet
  facet normal 0.75183 0.659357 0
    outer loop
      vertex 15.4714 -8.67047 3
      vertex 15.2299 -8.3951 0
      vertex 15.2299 -8.3951 3
    endloop
  endfacet
  facet normal 0.75183 0.659357 0
    outer loop
      vertex 15.2299 -8.3951 0
      vertex 15.4714 -8.67047 3
      vertex 15.4714 -8.67047 0
    endloop
  endfacet
  facet normal 0.321457 0.946924 -0
    outer loop
      vertex 14.3215 -7.78814 0
      vertex 13.9747 -7.67041 3
      vertex 14.3215 -7.78814 3
    endloop
  endfacet
  facet normal 0.321457 0.946924 0
    outer loop
      vertex 13.9747 -7.67041 3
      vertex 14.3215 -7.78814 0
      vertex 13.9747 -7.67041 0
    endloop
  endfacet
  facet normal -0.0653864 0.99786 0
    outer loop
      vertex 13.25 -7.575 0
      vertex 12.8845 -7.59895 3
      vertex 13.25 -7.575 3
    endloop
  endfacet
  facet normal -0.0653864 0.99786 0
    outer loop
      vertex 12.8845 -7.59895 3
      vertex 13.25 -7.575 0
      vertex 12.8845 -7.59895 0
    endloop
  endfacet
  facet normal 0.0653864 0.99786 -0
    outer loop
      vertex 13.6155 -7.59895 0
      vertex 13.25 -7.575 3
      vertex 13.6155 -7.59895 3
    endloop
  endfacet
  facet normal 0.0653864 0.99786 0
    outer loop
      vertex 13.25 -7.575 3
      vertex 13.6155 -7.59895 0
      vertex 13.25 -7.575 0
    endloop
  endfacet
  facet normal -0.831445 0.555607 0
    outer loop
      vertex 10.8251 -8.975 0
      vertex 11.0286 -8.67047 3
      vertex 11.0286 -8.67047 0
    endloop
  endfacet
  facet normal -0.831445 0.555607 0
    outer loop
      vertex 11.0286 -8.67047 3
      vertex 10.8251 -8.975 0
      vertex 10.8251 -8.975 3
    endloop
  endfacet
  facet normal -0.555583 0.831461 0
    outer loop
      vertex 11.85 -7.95013 3
      vertex 11.75 -8.01695 1.7
      vertex 11.75 -8.01695 3
    endloop
  endfacet
  facet normal -0.555583 0.831461 0
    outer loop
      vertex 11.85 -7.95013 0
      vertex 11.75 -8.01695 1.7
      vertex 11.85 -7.95013 3
    endloop
  endfacet
  facet normal -0.555607 0.831445 -2.10411e-06
    outer loop
      vertex 11.5455 -8.15361 0
      vertex 11.75 -8.01695 1.7
      vertex 11.85 -7.95013 0
    endloop
  endfacet
  facet normal -0.555619 0.831437 0
    outer loop
      vertex 11.75 -8.01695 1.7
      vertex 11.5455 -8.15361 0
      vertex 11.5455 -8.15361 1.7
    endloop
  endfacet
  facet normal -0.659386 0.751805 0
    outer loop
      vertex 11.5455 -8.15361 1.7
      vertex 11.5455 -8.15361 0
      vertex 11.4356 -8.25 1.7
    endloop
  endfacet
  facet normal -0.659244 0.751929 0
    outer loop
      vertex 11.4356 -8.25 1.7
      vertex 11.2701 -8.3951 3
      vertex 11.4356 -8.25 3
    endloop
  endfacet
  facet normal -0.659301 0.751879 9.7241e-06
    outer loop
      vertex 11.2701 -8.3951 0
      vertex 11.4356 -8.25 1.7
      vertex 11.5455 -8.15361 0
    endloop
  endfacet
  facet normal -0.659244 0.751929 0
    outer loop
      vertex 11.4356 -8.25 1.7
      vertex 11.2701 -8.3951 0
      vertex 11.2701 -8.3951 3
    endloop
  endfacet
  facet normal 0.997851 0.0655224 0
    outer loop
      vertex 16.05 -10.375 3
      vertex 16.026 -10.0095 0
      vertex 16.026 -10.0095 3
    endloop
  endfacet
  facet normal 0.997851 0.0655224 0
    outer loop
      vertex 16.026 -10.0095 0
      vertex 16.05 -10.375 3
      vertex 16.05 -10.375 0
    endloop
  endfacet
  facet normal 0.321432 -0.946933 0
    outer loop
      vertex 13.9747 -13.0796 0
      vertex 14.2092 -13 3
      vertex 13.9747 -13.0796 3
    endloop
  endfacet
  facet normal 0.321384 -0.946949 4.21412e-06
    outer loop
      vertex 14.3215 -12.9619 0
      vertex 14.2092 -13 3
      vertex 13.9747 -13.0796 0
    endloop
  endfacet
  facet normal 0.321283 -0.946983 0
    outer loop
      vertex 14.2092 -13 3
      vertex 14.3215 -12.9619 0
      vertex 14.3215 -12.9619 3
    endloop
  endfacet
  facet normal 0.83142 -0.555645 0
    outer loop
      vertex 15.4714 -12.0795 3
      vertex 15.6749 -11.775 0
      vertex 15.6749 -11.775 3
    endloop
  endfacet
  facet normal 0.83142 -0.555645 0
    outer loop
      vertex 15.6749 -11.775 0
      vertex 15.4714 -12.0795 3
      vertex 15.4714 -12.0795 0
    endloop
  endfacet
  facet normal 0.751866 -0.659316 0
    outer loop
      vertex 15.2299 -12.3549 3
      vertex 15.4714 -12.0795 0
      vertex 15.4714 -12.0795 3
    endloop
  endfacet
  facet normal 0.751866 -0.659316 0
    outer loop
      vertex 15.4714 -12.0795 0
      vertex 15.2299 -12.3549 3
      vertex 15.2299 -12.3549 0
    endloop
  endfacet
  facet normal -0.0655224 -0.997851 0
    outer loop
      vertex 12.8845 -13.151 0
      vertex 13.25 -13.175 3
      vertex 12.8845 -13.151 3
    endloop
  endfacet
  facet normal -0.0655224 -0.997851 -0
    outer loop
      vertex 13.25 -13.175 3
      vertex 12.8845 -13.151 0
      vertex 13.25 -13.175 0
    endloop
  endfacet
  facet normal -0.555645 -0.83142 0
    outer loop
      vertex 11.5455 -12.5964 0
      vertex 11.85 -12.7999 3
      vertex 11.5455 -12.5964 3
    endloop
  endfacet
  facet normal -0.555645 -0.83142 -0
    outer loop
      vertex 11.85 -12.7999 3
      vertex 11.5455 -12.5964 0
      vertex 11.85 -12.7999 0
    endloop
  endfacet
  facet normal -0.659316 -0.751866 0
    outer loop
      vertex 11.2701 -12.3549 0
      vertex 11.5455 -12.5964 3
      vertex 11.2701 -12.3549 3
    endloop
  endfacet
  facet normal -0.659316 -0.751866 -0
    outer loop
      vertex 11.5455 -12.5964 3
      vertex 11.2701 -12.3549 0
      vertex 11.5455 -12.5964 0
    endloop
  endfacet
  facet normal -0.980811 -0.194961 0
    outer loop
      vertex 10.5454 -11.0997 0
      vertex 10.474 -10.7405 3
      vertex 10.474 -10.7405 0
    endloop
  endfacet
  facet normal -0.980811 -0.194961 0
    outer loop
      vertex 10.474 -10.7405 3
      vertex 10.5454 -11.0997 0
      vertex 10.5454 -11.0997 3
    endloop
  endfacet
  facet normal 0 0 -1
    outer loop
      vertex 14.95 -10.375 0
      vertex 16.05 -10.375 0
      vertex 16.026 -10.7405 0
    endloop
  endfacet
  facet normal 0 0 -1
    outer loop
      vertex 14.9355 -10.5969 0
      vertex 16.026 -10.7405 0
      vertex 15.9546 -11.0997 0
    endloop
  endfacet
  facet normal 0 0 -1
    outer loop
      vertex 16.05 -10.375 0
      vertex 14.95 -10.375 0
      vertex 16.026 -10.0095 0
    endloop
  endfacet
  facet normal 0 0 -1
    outer loop
      vertex 14.8921 -10.815 0
      vertex 15.9546 -11.0997 0
      vertex 15.8369 -11.4465 0
    endloop
  endfacet
  facet normal 0 0 -1
    outer loop
      vertex 14.9355 -10.1531 0
      vertex 16.026 -10.0095 0
      vertex 14.95 -10.375 0
    endloop
  endfacet
  facet normal 0 0 -1
    outer loop
      vertex 14.8206 -11.0256 0
      vertex 15.8369 -11.4465 0
      vertex 15.6749 -11.775 0
    endloop
  endfacet
  facet normal -0 0 -1
    outer loop
      vertex 16.026 -10.0095 0
      vertex 14.9355 -10.1531 0
      vertex 15.9546 -9.65031 0
    endloop
  endfacet
  facet normal 0 0 -1
    outer loop
      vertex 14.7222 -11.225 0
      vertex 15.6749 -11.775 0
      vertex 15.4714 -12.0795 0
    endloop
  endfacet
  facet normal 0 0 -1
    outer loop
      vertex 14.8921 -9.93501 0
      vertex 15.9546 -9.65031 0
      vertex 14.9355 -10.1531 0
    endloop
  endfacet
  facet normal 0 0 -1
    outer loop
      vertex 14.5987 -11.4099 0
      vertex 15.4714 -12.0795 0
      vertex 15.2299 -12.3549 0
    endloop
  endfacet
  facet normal -0 0 -1
    outer loop
      vertex 15.9546 -9.65031 0
      vertex 14.8921 -9.93501 0
      vertex 15.8369 -9.30349 0
    endloop
  endfacet
  facet normal 0 0 -1
    outer loop
      vertex 14.4521 -11.5771 0
      vertex 15.2299 -12.3549 0
      vertex 14.9545 -12.5964 0
    endloop
  endfacet
  facet normal 0 0 -1
    outer loop
      vertex 14.8206 -9.72444 0
      vertex 15.8369 -9.30349 0
      vertex 14.8921 -9.93501 0
    endloop
  endfacet
  facet normal -0 0 -1
    outer loop
      vertex 15.8369 -9.30349 0
      vertex 14.8206 -9.72444 0
      vertex 15.6749 -8.975 0
    endloop
  endfacet
  facet normal 0 0 -1
    outer loop
      vertex 16.026 -10.7405 0
      vertex 14.9355 -10.5969 0
      vertex 14.95 -10.375 0
    endloop
  endfacet
  facet normal 0 0 -1
    outer loop
      vertex 15.9546 -11.0997 0
      vertex 14.8921 -10.815 0
      vertex 14.9355 -10.5969 0
    endloop
  endfacet
  facet normal 0 0 -1
    outer loop
      vertex 15.8369 -11.4465 0
      vertex 14.8206 -11.0256 0
      vertex 14.8921 -10.815 0
    endloop
  endfacet
  facet normal 0 0 -1
    outer loop
      vertex 15.6749 -11.775 0
      vertex 14.7222 -11.225 0
      vertex 14.8206 -11.0256 0
    endloop
  endfacet
  facet normal 0 0 -1
    outer loop
      vertex 14.2849 -11.7237 0
      vertex 14.9545 -12.5964 0
      vertex 14.65 -12.7999 0
    endloop
  endfacet
  facet normal 0 0 -1
    outer loop
      vertex 15.4714 -12.0795 0
      vertex 14.5987 -11.4099 0
      vertex 14.7222 -11.225 0
    endloop
  endfacet
  facet normal 0 0 -1
    outer loop
      vertex 15.2299 -12.3549 0
      vertex 14.4521 -11.5771 0
      vertex 14.5987 -11.4099 0
    endloop
  endfacet
  facet normal 0 0 -1
    outer loop
      vertex 14.1 -11.8472 0
      vertex 14.65 -12.7999 0
      vertex 14.3215 -12.9619 0
    endloop
  endfacet
  facet normal 0 0 -1
    outer loop
      vertex 14.9545 -12.5964 0
      vertex 14.2849 -11.7237 0
      vertex 14.4521 -11.5771 0
    endloop
  endfacet
  facet normal 0 0 -1
    outer loop
      vertex 14.65 -12.7999 0
      vertex 14.1 -11.8472 0
      vertex 14.2849 -11.7237 0
    endloop
  endfacet
  facet normal 0 0 -1
    outer loop
      vertex 13.9006 -11.9456 0
      vertex 14.3215 -12.9619 0
      vertex 13.9747 -13.0796 0
    endloop
  endfacet
  facet normal 0 0 -1
    outer loop
      vertex 14.3215 -12.9619 0
      vertex 13.9006 -11.9456 0
      vertex 14.1 -11.8472 0
    endloop
  endfacet
  facet normal 0 0 -1
    outer loop
      vertex 13.9747 -13.0796 0
      vertex 13.69 -12.0171 0
      vertex 13.9006 -11.9456 0
    endloop
  endfacet
  facet normal 0 0 -1
    outer loop
      vertex 13.6155 -13.151 0
      vertex 13.69 -12.0171 0
      vertex 13.9747 -13.0796 0
    endloop
  endfacet
  facet normal 0 0 -1
    outer loop
      vertex 13.6155 -13.151 0
      vertex 13.4719 -12.0605 0
      vertex 13.69 -12.0171 0
    endloop
  endfacet
  facet normal 0 0 -1
    outer loop
      vertex 13.25 -13.175 0
      vertex 13.4719 -12.0605 0
      vertex 13.6155 -13.151 0
    endloop
  endfacet
  facet normal 0 0 -1
    outer loop
      vertex 13.25 -13.175 0
      vertex 13.25 -12.075 0
      vertex 13.4719 -12.0605 0
    endloop
  endfacet
  facet normal 0 0 -1
    outer loop
      vertex 13.25 -13.175 0
      vertex 13.0281 -12.0605 0
      vertex 13.25 -12.075 0
    endloop
  endfacet
  facet normal 0 0 -1
    outer loop
      vertex 12.8845 -13.151 0
      vertex 13.0281 -12.0605 0
      vertex 13.25 -13.175 0
    endloop
  endfacet
  facet normal 0 0 -1
    outer loop
      vertex 12.8845 -13.151 0
      vertex 12.81 -12.0171 0
      vertex 13.0281 -12.0605 0
    endloop
  endfacet
  facet normal 0 0 -1
    outer loop
      vertex 12.5253 -13.0796 0
      vertex 12.81 -12.0171 0
      vertex 12.8845 -13.151 0
    endloop
  endfacet
  facet normal -0 0 -1
    outer loop
      vertex 12.81 -12.0171 0
      vertex 12.5253 -13.0796 0
      vertex 12.5994 -11.9456 0
    endloop
  endfacet
  facet normal 0 0 -1
    outer loop
      vertex 12.1785 -12.9619 0
      vertex 12.5994 -11.9456 0
      vertex 12.5253 -13.0796 0
    endloop
  endfacet
  facet normal -0 0 -1
    outer loop
      vertex 12.5994 -11.9456 0
      vertex 12.1785 -12.9619 0
      vertex 12.4 -11.8472 0
    endloop
  endfacet
  facet normal 0 0 -1
    outer loop
      vertex 11.85 -12.7999 0
      vertex 12.4 -11.8472 0
      vertex 12.1785 -12.9619 0
    endloop
  endfacet
  facet normal -0 0 -1
    outer loop
      vertex 12.4 -11.8472 0
      vertex 11.85 -12.7999 0
      vertex 12.2151 -11.7237 0
    endloop
  endfacet
  facet normal 0 0 -1
    outer loop
      vertex 11.5455 -12.5964 0
      vertex 12.2151 -11.7237 0
      vertex 11.85 -12.7999 0
    endloop
  endfacet
  facet normal -0 0 -1
    outer loop
      vertex 12.2151 -11.7237 0
      vertex 11.5455 -12.5964 0
      vertex 12.0479 -11.5771 0
    endloop
  endfacet
  facet normal 0 0 -1
    outer loop
      vertex 11.2701 -12.3549 0
      vertex 12.0479 -11.5771 0
      vertex 11.5455 -12.5964 0
    endloop
  endfacet
  facet normal -0 0 -1
    outer loop
      vertex 12.0479 -11.5771 0
      vertex 11.2701 -12.3549 0
      vertex 11.9013 -11.4099 0
    endloop
  endfacet
  facet normal 0 0 -1
    outer loop
      vertex 11.0286 -12.0795 0
      vertex 11.9013 -11.4099 0
      vertex 11.2701 -12.3549 0
    endloop
  endfacet
  facet normal -0 0 -1
    outer loop
      vertex 11.9013 -11.4099 0
      vertex 11.0286 -12.0795 0
      vertex 11.7778 -11.225 0
    endloop
  endfacet
  facet normal -0 0 -1
    outer loop
      vertex 11.7778 -11.225 0
      vertex 10.8251 -11.775 0
      vertex 11.6794 -11.0256 0
    endloop
  endfacet
  facet normal 0 0 -1
    outer loop
      vertex 10.8251 -11.775 0
      vertex 11.7778 -11.225 0
      vertex 11.0286 -12.0795 0
    endloop
  endfacet
  facet normal 0 0 -1
    outer loop
      vertex 14.7222 -9.525 0
      vertex 15.6749 -8.975 0
      vertex 14.8206 -9.72444 0
    endloop
  endfacet
  facet normal -0 0 -1
    outer loop
      vertex 15.6749 -8.975 0
      vertex 14.7222 -9.525 0
      vertex 15.4714 -8.67047 0
    endloop
  endfacet
  facet normal 0 0 -1
    outer loop
      vertex 14.5987 -9.34011 0
      vertex 15.4714 -8.67047 0
      vertex 14.7222 -9.525 0
    endloop
  endfacet
  facet normal -0 0 -1
    outer loop
      vertex 15.4714 -8.67047 0
      vertex 14.5987 -9.34011 0
      vertex 15.2299 -8.3951 0
    endloop
  endfacet
  facet normal 0 0 -1
    outer loop
      vertex 14.4521 -9.17292 0
      vertex 15.2299 -8.3951 0
      vertex 14.5987 -9.34011 0
    endloop
  endfacet
  facet normal -0 0 -1
    outer loop
      vertex 15.2299 -8.3951 0
      vertex 14.4521 -9.17292 0
      vertex 14.9545 -8.15361 0
    endloop
  endfacet
  facet normal 0 0 -1
    outer loop
      vertex 14.2849 -9.0263 0
      vertex 14.9545 -8.15361 0
      vertex 14.4521 -9.17292 0
    endloop
  endfacet
  facet normal -0 0 -1
    outer loop
      vertex 14.9545 -8.15361 0
      vertex 14.2849 -9.0263 0
      vertex 14.65 -7.95013 0
    endloop
  endfacet
  facet normal 0 0 -1
    outer loop
      vertex 14.1 -8.90276 0
      vertex 14.65 -7.95013 0
      vertex 14.2849 -9.0263 0
    endloop
  endfacet
  facet normal -0 0 -1
    outer loop
      vertex 14.65 -7.95013 0
      vertex 14.1 -8.90276 0
      vertex 14.3215 -7.78814 0
    endloop
  endfacet
  facet normal 0 0 -1
    outer loop
      vertex 13.9006 -8.8044 0
      vertex 14.3215 -7.78814 0
      vertex 14.1 -8.90276 0
    endloop
  endfacet
  facet normal -0 0 -1
    outer loop
      vertex 14.3215 -7.78814 0
      vertex 13.9006 -8.8044 0
      vertex 13.9747 -7.67041 0
    endloop
  endfacet
  facet normal 0 0 -1
    outer loop
      vertex 13.69 -8.73293 0
      vertex 13.9747 -7.67041 0
      vertex 13.9006 -8.8044 0
    endloop
  endfacet
  facet normal 0 0 -1
    outer loop
      vertex 13.69 -8.73293 0
      vertex 13.6155 -7.59895 0
      vertex 13.9747 -7.67041 0
    endloop
  endfacet
  facet normal 0 0 -1
    outer loop
      vertex 13.4719 -8.68954 0
      vertex 13.6155 -7.59895 0
      vertex 13.69 -8.73293 0
    endloop
  endfacet
  facet normal 0 0 -1
    outer loop
      vertex 13.25 -8.675 0
      vertex 13.6155 -7.59895 0
      vertex 13.4719 -8.68954 0
    endloop
  endfacet
  facet normal 0 0 -1
    outer loop
      vertex 13.25 -8.675 0
      vertex 13.25 -7.575 0
      vertex 13.6155 -7.59895 0
    endloop
  endfacet
  facet normal 0 0 -1
    outer loop
      vertex 13.0281 -8.68954 0
      vertex 13.25 -7.575 0
      vertex 13.25 -8.675 0
    endloop
  endfacet
  facet normal 0 0 -1
    outer loop
      vertex 13.0281 -8.68954 0
      vertex 12.8845 -7.59895 0
      vertex 13.25 -7.575 0
    endloop
  endfacet
  facet normal 0 0 -1
    outer loop
      vertex 12.81 -8.73293 0
      vertex 12.8845 -7.59895 0
      vertex 13.0281 -8.68954 0
    endloop
  endfacet
  facet normal 0 0 -1
    outer loop
      vertex 12.5253 -7.67041 0
      vertex 12.81 -8.73293 0
      vertex 12.5994 -8.8044 0
    endloop
  endfacet
  facet normal 0 0 -1
    outer loop
      vertex 12.81 -8.73293 0
      vertex 12.5253 -7.67041 0
      vertex 12.8845 -7.59895 0
    endloop
  endfacet
  facet normal 0 0 -1
    outer loop
      vertex 12.1785 -7.78814 0
      vertex 12.5994 -8.8044 0
      vertex 12.4 -8.90276 0
    endloop
  endfacet
  facet normal 0 0 -1
    outer loop
      vertex 11.85 -7.95013 0
      vertex 12.4 -8.90276 0
      vertex 12.2151 -9.0263 0
    endloop
  endfacet
  facet normal 0 0 -1
    outer loop
      vertex 12.5994 -8.8044 0
      vertex 12.1785 -7.78814 0
      vertex 12.5253 -7.67041 0
    endloop
  endfacet
  facet normal 0 0 -1
    outer loop
      vertex 11.5455 -8.15361 0
      vertex 12.2151 -9.0263 0
      vertex 12.0479 -9.17292 0
    endloop
  endfacet
  facet normal 0 0 -1
    outer loop
      vertex 11.2701 -8.3951 0
      vertex 12.0479 -9.17292 0
      vertex 11.9013 -9.34011 0
    endloop
  endfacet
  facet normal 0 0 -1
    outer loop
      vertex 12.4 -8.90276 0
      vertex 11.85 -7.95013 0
      vertex 12.1785 -7.78814 0
    endloop
  endfacet
  facet normal 0 0 -1
    outer loop
      vertex 11.0286 -8.67047 0
      vertex 11.9013 -9.34011 0
      vertex 11.7778 -9.525 0
    endloop
  endfacet
  facet normal 0 0 -1
    outer loop
      vertex 10.8251 -8.975 0
      vertex 11.7778 -9.525 0
      vertex 11.6794 -9.72444 0
    endloop
  endfacet
  facet normal 0 0 -1
    outer loop
      vertex 10.6631 -9.30349 0
      vertex 11.6794 -9.72444 0
      vertex 11.6079 -9.93501 0
    endloop
  endfacet
  facet normal 0 0 -1
    outer loop
      vertex 10.5454 -9.65031 0
      vertex 11.6079 -9.93501 0
      vertex 11.5645 -10.1531 0
    endloop
  endfacet
  facet normal 0 0 -1
    outer loop
      vertex 12.2151 -9.0263 0
      vertex 11.5455 -8.15361 0
      vertex 11.85 -7.95013 0
    endloop
  endfacet
  facet normal 0 0 -1
    outer loop
      vertex 10.474 -10.0095 0
      vertex 11.5645 -10.1531 0
      vertex 11.55 -10.375 0
    endloop
  endfacet
  facet normal 0 0 -1
    outer loop
      vertex 10.6631 -11.4465 0
      vertex 11.6794 -11.0256 0
      vertex 10.8251 -11.775 0
    endloop
  endfacet
  facet normal -0 0 -1
    outer loop
      vertex 11.6794 -11.0256 0
      vertex 10.6631 -11.4465 0
      vertex 11.6079 -10.815 0
    endloop
  endfacet
  facet normal 0 0 -1
    outer loop
      vertex 12.0479 -9.17292 0
      vertex 11.2701 -8.3951 0
      vertex 11.5455 -8.15361 0
    endloop
  endfacet
  facet normal 0 0 -1
    outer loop
      vertex 10.5454 -11.0997 0
      vertex 11.6079 -10.815 0
      vertex 10.6631 -11.4465 0
    endloop
  endfacet
  facet normal 0 0 -1
    outer loop
      vertex 11.9013 -9.34011 0
      vertex 11.0286 -8.67047 0
      vertex 11.2701 -8.3951 0
    endloop
  endfacet
  facet normal -0 0 -1
    outer loop
      vertex 11.6079 -10.815 0
      vertex 10.5454 -11.0997 0
      vertex 11.5645 -10.5969 0
    endloop
  endfacet
  facet normal 0 0 -1
    outer loop
      vertex 11.7778 -9.525 0
      vertex 10.8251 -8.975 0
      vertex 11.0286 -8.67047 0
    endloop
  endfacet
  facet normal 0 0 -1
    outer loop
      vertex 10.474 -10.7405 0
      vertex 11.5645 -10.5969 0
      vertex 10.5454 -11.0997 0
    endloop
  endfacet
  facet normal 0 0 -1
    outer loop
      vertex 11.6794 -9.72444 0
      vertex 10.6631 -9.30349 0
      vertex 10.8251 -8.975 0
    endloop
  endfacet
  facet normal -0 0 -1
    outer loop
      vertex 11.5645 -10.5969 0
      vertex 10.474 -10.7405 0
      vertex 11.55 -10.375 0
    endloop
  endfacet
  facet normal 0 0 -1
    outer loop
      vertex 11.6079 -9.93501 0
      vertex 10.5454 -9.65031 0
      vertex 10.6631 -9.30349 0
    endloop
  endfacet
  facet normal 0 0 -1
    outer loop
      vertex 10.45 -10.375 0
      vertex 11.55 -10.375 0
      vertex 10.474 -10.7405 0
    endloop
  endfacet
  facet normal 0 0 -1
    outer loop
      vertex 11.5645 -10.1531 0
      vertex 10.474 -10.0095 0
      vertex 10.5454 -9.65031 0
    endloop
  endfacet
  facet normal 0 0 -1
    outer loop
      vertex 11.55 -10.375 0
      vertex 10.45 -10.375 0
      vertex 10.474 -10.0095 0
    endloop
  endfacet
  facet normal 0.659301 0.751879 -0
    outer loop
      vertex 15.2299 -8.3951 0
      vertex 14.9545 -8.15361 3
      vertex 15.2299 -8.3951 3
    endloop
  endfacet
  facet normal 0.659301 0.751879 0
    outer loop
      vertex 14.9545 -8.15361 3
      vertex 15.2299 -8.3951 0
      vertex 14.9545 -8.15361 0
    endloop
  endfacet
  facet normal -0.997851 0.0655224 0
    outer loop
      vertex 10.45 -10.375 0
      vertex 10.474 -10.0095 3
      vertex 10.474 -10.0095 0
    endloop
  endfacet
  facet normal -0.997851 0.0655224 0
    outer loop
      vertex 10.474 -10.0095 3
      vertex 10.45 -10.375 0
      vertex 10.45 -10.375 3
    endloop
  endfacet
  facet normal -0.195118 0.98078 0
    outer loop
      vertex 12.8845 -7.59895 0
      vertex 12.5253 -7.67041 3
      vertex 12.8845 -7.59895 3
    endloop
  endfacet
  facet normal -0.195118 0.98078 0
    outer loop
      vertex 12.5253 -7.67041 3
      vertex 12.8845 -7.59895 0
      vertex 12.5253 -7.67041 0
    endloop
  endfacet
  facet normal -0.321457 0.946924 0
    outer loop
      vertex 12.5253 -7.67041 0
      vertex 12.1785 -7.78814 3
      vertex 12.5253 -7.67041 3
    endloop
  endfacet
  facet normal -0.321457 0.946924 0
    outer loop
      vertex 12.1785 -7.78814 3
      vertex 12.5253 -7.67041 0
      vertex 12.1785 -7.78814 0
    endloop
  endfacet
  facet normal -0.75183 0.659357 0
    outer loop
      vertex 11.0286 -8.67047 0
      vertex 11.2701 -8.3951 3
      vertex 11.2701 -8.3951 0
    endloop
  endfacet
  facet normal -0.75183 0.659357 0
    outer loop
      vertex 11.2701 -8.3951 3
      vertex 11.0286 -8.67047 0
      vertex 11.0286 -8.67047 3
    endloop
  endfacet
  facet normal 0.0655224 -0.997851 0
    outer loop
      vertex 13.25 -13.175 0
      vertex 13.6155 -13.151 3
      vertex 13.25 -13.175 3
    endloop
  endfacet
  facet normal 0.0655224 -0.997851 0
    outer loop
      vertex 13.6155 -13.151 3
      vertex 13.25 -13.175 0
      vertex 13.6155 -13.151 0
    endloop
  endfacet
  facet normal 0.980811 -0.194961 0
    outer loop
      vertex 15.9546 -11.0997 3
      vertex 16.026 -10.7405 0
      vertex 16.026 -10.7405 3
    endloop
  endfacet
  facet normal 0.980811 -0.194961 0
    outer loop
      vertex 16.026 -10.7405 0
      vertex 15.9546 -11.0997 3
      vertex 15.9546 -11.0997 0
    endloop
  endfacet
  facet normal 0.946949 -0.321384 0
    outer loop
      vertex 15.8369 -11.4465 3
      vertex 15.9546 -11.0997 0
      vertex 15.9546 -11.0997 3
    endloop
  endfacet
  facet normal 0.946949 -0.321384 0
    outer loop
      vertex 15.9546 -11.0997 0
      vertex 15.8369 -11.4465 3
      vertex 15.8369 -11.4465 0
    endloop
  endfacet
  facet normal 0.194961 -0.980811 0
    outer loop
      vertex 13.6155 -13.151 0
      vertex 13.9747 -13.0796 3
      vertex 13.6155 -13.151 3
    endloop
  endfacet
  facet normal 0.194961 -0.980811 0
    outer loop
      vertex 13.9747 -13.0796 3
      vertex 13.6155 -13.151 0
      vertex 13.9747 -13.0796 0
    endloop
  endfacet
  facet normal 0.442292 -0.896871 0
    outer loop
      vertex 14.3215 -12.9619 0
      vertex 14.65 -12.7999 3
      vertex 14.3215 -12.9619 3
    endloop
  endfacet
  facet normal 0.442292 -0.896871 0
    outer loop
      vertex 14.65 -12.7999 3
      vertex 14.3215 -12.9619 0
      vertex 14.65 -12.7999 0
    endloop
  endfacet
  facet normal 0.659316 -0.751866 0
    outer loop
      vertex 14.9545 -12.5964 0
      vertex 15.2299 -12.3549 3
      vertex 14.9545 -12.5964 3
    endloop
  endfacet
  facet normal 0.659316 -0.751866 0
    outer loop
      vertex 15.2299 -12.3549 3
      vertex 14.9545 -12.5964 0
      vertex 15.2299 -12.3549 0
    endloop
  endfacet
  facet normal -0.194961 -0.980811 0
    outer loop
      vertex 12.5253 -13.0796 0
      vertex 12.8845 -13.151 3
      vertex 12.5253 -13.0796 3
    endloop
  endfacet
  facet normal -0.194961 -0.980811 -0
    outer loop
      vertex 12.8845 -13.151 3
      vertex 12.5253 -13.0796 0
      vertex 12.8845 -13.151 0
    endloop
  endfacet
  facet normal -0.442292 -0.896871 0
    outer loop
      vertex 11.85 -12.7999 0
      vertex 12.1785 -12.9619 3
      vertex 11.85 -12.7999 3
    endloop
  endfacet
  facet normal -0.442292 -0.896871 -0
    outer loop
      vertex 12.1785 -12.9619 3
      vertex 11.85 -12.7999 0
      vertex 12.1785 -12.9619 0
    endloop
  endfacet
  facet normal -0.946949 -0.321384 0
    outer loop
      vertex 10.6631 -11.4465 0
      vertex 10.5454 -11.0997 3
      vertex 10.5454 -11.0997 0
    endloop
  endfacet
  facet normal -0.946949 -0.321384 0
    outer loop
      vertex 10.5454 -11.0997 3
      vertex 10.6631 -11.4465 0
      vertex 10.6631 -11.4465 3
    endloop
  endfacet
  facet normal -0.997851 -0.0655224 0
    outer loop
      vertex 10.474 -10.7405 0
      vertex 10.45 -10.375 3
      vertex 10.45 -10.375 0
    endloop
  endfacet
  facet normal -0.997851 -0.0655224 0
    outer loop
      vertex 10.45 -10.375 3
      vertex 10.474 -10.7405 0
      vertex 10.474 -10.7405 3
    endloop
  endfacet
  facet normal -0.751866 -0.659316 0
    outer loop
      vertex 11.2701 -12.3549 0
      vertex 11.0286 -12.0795 3
      vertex 11.0286 -12.0795 0
    endloop
  endfacet
  facet normal -0.751866 -0.659316 0
    outer loop
      vertex 11.0286 -12.0795 3
      vertex 11.2701 -12.3549 0
      vertex 11.2701 -12.3549 3
    endloop
  endfacet
  facet normal 0.98081 0.194966 0
    outer loop
      vertex 16.026 -10.0095 3
      vertex 15.9546 -9.65031 0
      vertex 15.9546 -9.65031 3
    endloop
  endfacet
  facet normal 0.98081 0.194966 0
    outer loop
      vertex 15.9546 -9.65031 0
      vertex 16.026 -10.0095 3
      vertex 16.026 -10.0095 0
    endloop
  endfacet
  facet normal 0.555607 0.831445 -0
    outer loop
      vertex 14.9545 -8.15361 0
      vertex 14.65 -7.95013 3
      vertex 14.9545 -8.15361 3
    endloop
  endfacet
  facet normal 0.555607 0.831445 0
    outer loop
      vertex 14.65 -7.95013 3
      vertex 14.9545 -8.15361 0
      vertex 14.65 -7.95013 0
    endloop
  endfacet
  facet normal 0.195118 0.98078 -0
    outer loop
      vertex 13.9747 -7.67041 0
      vertex 13.6155 -7.59895 3
      vertex 13.9747 -7.67041 3
    endloop
  endfacet
  facet normal 0.195118 0.98078 0
    outer loop
      vertex 13.6155 -7.59895 3
      vertex 13.9747 -7.67041 0
      vertex 13.6155 -7.59895 0
    endloop
  endfacet
  facet normal -0.98081 0.194966 0
    outer loop
      vertex 10.474 -10.0095 0
      vertex 10.5454 -9.65031 3
      vertex 10.5454 -9.65031 0
    endloop
  endfacet
  facet normal -0.98081 0.194966 0
    outer loop
      vertex 10.5454 -9.65031 3
      vertex 10.474 -10.0095 0
      vertex 10.474 -10.0095 3
    endloop
  endfacet
  facet normal 0.896871 -0.442292 0
    outer loop
      vertex 15.6749 -11.775 3
      vertex 15.8369 -11.4465 0
      vertex 15.8369 -11.4465 3
    endloop
  endfacet
  facet normal 0.896871 -0.442292 0
    outer loop
      vertex 15.8369 -11.4465 0
      vertex 15.6749 -11.775 3
      vertex 15.6749 -11.775 0
    endloop
  endfacet
  facet normal 0.555645 -0.83142 0
    outer loop
      vertex 14.65 -12.7999 0
      vertex 14.9545 -12.5964 3
      vertex 14.65 -12.7999 3
    endloop
  endfacet
  facet normal 0.555645 -0.83142 0
    outer loop
      vertex 14.9545 -12.5964 3
      vertex 14.65 -12.7999 0
      vertex 14.9545 -12.5964 0
    endloop
  endfacet
  facet normal -0.83142 -0.555645 0
    outer loop
      vertex 11.0286 -12.0795 0
      vertex 10.8251 -11.775 3
      vertex 10.8251 -11.775 0
    endloop
  endfacet
  facet normal -0.83142 -0.555645 0
    outer loop
      vertex 10.8251 -11.775 3
      vertex 11.0286 -12.0795 0
      vertex 11.0286 -12.0795 3
    endloop
  endfacet
  facet normal 0.896871 0.442292 0
    outer loop
      vertex 15.8369 11.4465 3
      vertex 15.6749 11.775 0
      vertex 15.6749 11.775 3
    endloop
  endfacet
  facet normal 0.896871 0.442292 0
    outer loop
      vertex 15.6749 11.775 0
      vertex 15.8369 11.4465 3
      vertex 15.8369 11.4465 0
    endloop
  endfacet
  facet normal 0 0 -1
    outer loop
      vertex 14.95 10.375 0
      vertex 16.05 10.375 0
      vertex 16.026 10.0095 0
    endloop
  endfacet
  facet normal 0 0 -1
    outer loop
      vertex 14.9355 10.1531 0
      vertex 16.026 10.0095 0
      vertex 15.9546 9.65031 0
    endloop
  endfacet
  facet normal 0 0 -1
    outer loop
      vertex 16.05 10.375 0
      vertex 14.95 10.375 0
      vertex 16.026 10.7405 0
    endloop
  endfacet
  facet normal 0 0 -1
    outer loop
      vertex 14.8921 9.93501 0
      vertex 15.9546 9.65031 0
      vertex 15.8369 9.30349 0
    endloop
  endfacet
  facet normal 0 0 -1
    outer loop
      vertex 14.9355 10.5969 0
      vertex 16.026 10.7405 0
      vertex 14.95 10.375 0
    endloop
  endfacet
  facet normal 0 0 -1
    outer loop
      vertex 14.8206 9.72444 0
      vertex 15.8369 9.30349 0
      vertex 15.6749 8.975 0
    endloop
  endfacet
  facet normal -0 0 -1
    outer loop
      vertex 16.026 10.7405 0
      vertex 14.9355 10.5969 0
      vertex 15.9546 11.0997 0
    endloop
  endfacet
  facet normal 0 0 -1
    outer loop
      vertex 14.7222 9.525 0
      vertex 15.6749 8.975 0
      vertex 15.4714 8.67047 0
    endloop
  endfacet
  facet normal 0 0 -1
    outer loop
      vertex 14.8921 10.815 0
      vertex 15.9546 11.0997 0
      vertex 14.9355 10.5969 0
    endloop
  endfacet
  facet normal 0 0 -1
    outer loop
      vertex 14.5987 9.34011 0
      vertex 15.4714 8.67047 0
      vertex 15.2299 8.3951 0
    endloop
  endfacet
  facet normal -0 0 -1
    outer loop
      vertex 15.9546 11.0997 0
      vertex 14.8921 10.815 0
      vertex 15.8369 11.4465 0
    endloop
  endfacet
  facet normal 0 0 -1
    outer loop
      vertex 14.4521 9.17292 0
      vertex 15.2299 8.3951 0
      vertex 14.9545 8.15361 0
    endloop
  endfacet
  facet normal 0 0 -1
    outer loop
      vertex 14.8206 11.0256 0
      vertex 15.8369 11.4465 0
      vertex 14.8921 10.815 0
    endloop
  endfacet
  facet normal -0 0 -1
    outer loop
      vertex 15.8369 11.4465 0
      vertex 14.8206 11.0256 0
      vertex 15.6749 11.775 0
    endloop
  endfacet
  facet normal 0 0 -1
    outer loop
      vertex 16.026 10.0095 0
      vertex 14.9355 10.1531 0
      vertex 14.95 10.375 0
    endloop
  endfacet
  facet normal 0 0 -1
    outer loop
      vertex 15.9546 9.65031 0
      vertex 14.8921 9.93501 0
      vertex 14.9355 10.1531 0
    endloop
  endfacet
  facet normal 0 0 -1
    outer loop
      vertex 15.8369 9.30349 0
      vertex 14.8206 9.72444 0
      vertex 14.8921 9.93501 0
    endloop
  endfacet
  facet normal 0 0 -1
    outer loop
      vertex 15.6749 8.975 0
      vertex 14.7222 9.525 0
      vertex 14.8206 9.72444 0
    endloop
  endfacet
  facet normal 0 0 -1
    outer loop
      vertex 14.2849 9.0263 0
      vertex 14.9545 8.15361 0
      vertex 14.65 7.95013 0
    endloop
  endfacet
  facet normal 0 0 -1
    outer loop
      vertex 15.4714 8.67047 0
      vertex 14.5987 9.34011 0
      vertex 14.7222 9.525 0
    endloop
  endfacet
  facet normal 0 0 -1
    outer loop
      vertex 15.2299 8.3951 0
      vertex 14.4521 9.17292 0
      vertex 14.5987 9.34011 0
    endloop
  endfacet
  facet normal 0 0 -1
    outer loop
      vertex 14.1 8.90276 0
      vertex 14.65 7.95013 0
      vertex 14.3215 7.78814 0
    endloop
  endfacet
  facet normal 0 0 -1
    outer loop
      vertex 14.9545 8.15361 0
      vertex 14.2849 9.0263 0
      vertex 14.4521 9.17292 0
    endloop
  endfacet
  facet normal 0 0 -1
    outer loop
      vertex 14.65 7.95013 0
      vertex 14.1 8.90276 0
      vertex 14.2849 9.0263 0
    endloop
  endfacet
  facet normal 0 0 -1
    outer loop
      vertex 13.9006 8.8044 0
      vertex 14.3215 7.78814 0
      vertex 13.9747 7.67041 0
    endloop
  endfacet
  facet normal 0 0 -1
    outer loop
      vertex 14.3215 7.78814 0
      vertex 13.9006 8.8044 0
      vertex 14.1 8.90276 0
    endloop
  endfacet
  facet normal 0 0 -1
    outer loop
      vertex 13.9747 7.67041 0
      vertex 13.69 8.73293 0
      vertex 13.9006 8.8044 0
    endloop
  endfacet
  facet normal 0 0 -1
    outer loop
      vertex 13.6155 7.59895 0
      vertex 13.69 8.73293 0
      vertex 13.9747 7.67041 0
    endloop
  endfacet
  facet normal 0 0 -1
    outer loop
      vertex 13.6155 7.59895 0
      vertex 13.4719 8.68954 0
      vertex 13.69 8.73293 0
    endloop
  endfacet
  facet normal 0 0 -1
    outer loop
      vertex 13.25 7.575 0
      vertex 13.4719 8.68954 0
      vertex 13.6155 7.59895 0
    endloop
  endfacet
  facet normal 0 0 -1
    outer loop
      vertex 13.25 7.575 0
      vertex 13.25 8.675 0
      vertex 13.4719 8.68954 0
    endloop
  endfacet
  facet normal 0 0 -1
    outer loop
      vertex 13.25 7.575 0
      vertex 13.0281 8.68954 0
      vertex 13.25 8.675 0
    endloop
  endfacet
  facet normal 0 0 -1
    outer loop
      vertex 12.8845 7.59895 0
      vertex 13.0281 8.68954 0
      vertex 13.25 7.575 0
    endloop
  endfacet
  facet normal 0 0 -1
    outer loop
      vertex 12.8845 7.59895 0
      vertex 12.81 8.73293 0
      vertex 13.0281 8.68954 0
    endloop
  endfacet
  facet normal 0 0 -1
    outer loop
      vertex 12.5253 7.67041 0
      vertex 12.81 8.73293 0
      vertex 12.8845 7.59895 0
    endloop
  endfacet
  facet normal -0 0 -1
    outer loop
      vertex 12.81 8.73293 0
      vertex 12.5253 7.67041 0
      vertex 12.5994 8.8044 0
    endloop
  endfacet
  facet normal 0 0 -1
    outer loop
      vertex 12.1785 7.78814 0
      vertex 12.5994 8.8044 0
      vertex 12.5253 7.67041 0
    endloop
  endfacet
  facet normal -0 0 -1
    outer loop
      vertex 12.5994 8.8044 0
      vertex 12.1785 7.78814 0
      vertex 12.4 8.90276 0
    endloop
  endfacet
  facet normal 0 0 -1
    outer loop
      vertex 11.85 7.95013 0
      vertex 12.4 8.90276 0
      vertex 12.1785 7.78814 0
    endloop
  endfacet
  facet normal -0 0 -1
    outer loop
      vertex 12.4 8.90276 0
      vertex 11.85 7.95013 0
      vertex 12.2151 9.0263 0
    endloop
  endfacet
  facet normal 0 0 -1
    outer loop
      vertex 11.5455 8.15361 0
      vertex 12.2151 9.0263 0
      vertex 11.85 7.95013 0
    endloop
  endfacet
  facet normal -0 0 -1
    outer loop
      vertex 12.2151 9.0263 0
      vertex 11.5455 8.15361 0
      vertex 12.0479 9.17292 0
    endloop
  endfacet
  facet normal 0 0 -1
    outer loop
      vertex 11.2701 8.3951 0
      vertex 12.0479 9.17292 0
      vertex 11.5455 8.15361 0
    endloop
  endfacet
  facet normal -0 0 -1
    outer loop
      vertex 12.0479 9.17292 0
      vertex 11.2701 8.3951 0
      vertex 11.9013 9.34011 0
    endloop
  endfacet
  facet normal 0 0 -1
    outer loop
      vertex 11.0286 8.67047 0
      vertex 11.9013 9.34011 0
      vertex 11.2701 8.3951 0
    endloop
  endfacet
  facet normal -0 0 -1
    outer loop
      vertex 11.9013 9.34011 0
      vertex 11.0286 8.67047 0
      vertex 11.7778 9.525 0
    endloop
  endfacet
  facet normal -0 0 -1
    outer loop
      vertex 11.7778 9.525 0
      vertex 10.8251 8.975 0
      vertex 11.6794 9.72444 0
    endloop
  endfacet
  facet normal 0 0 -1
    outer loop
      vertex 10.8251 8.975 0
      vertex 11.7778 9.525 0
      vertex 11.0286 8.67047 0
    endloop
  endfacet
  facet normal 0 0 -1
    outer loop
      vertex 14.7222 11.225 0
      vertex 15.6749 11.775 0
      vertex 14.8206 11.0256 0
    endloop
  endfacet
  facet normal -0 0 -1
    outer loop
      vertex 15.6749 11.775 0
      vertex 14.7222 11.225 0
      vertex 15.4714 12.0795 0
    endloop
  endfacet
  facet normal 0 0 -1
    outer loop
      vertex 14.5987 11.4099 0
      vertex 15.4714 12.0795 0
      vertex 14.7222 11.225 0
    endloop
  endfacet
  facet normal -0 0 -1
    outer loop
      vertex 15.4714 12.0795 0
      vertex 14.5987 11.4099 0
      vertex 15.2299 12.3549 0
    endloop
  endfacet
  facet normal 0 0 -1
    outer loop
      vertex 14.4521 11.5771 0
      vertex 15.2299 12.3549 0
      vertex 14.5987 11.4099 0
    endloop
  endfacet
  facet normal -0 0 -1
    outer loop
      vertex 15.2299 12.3549 0
      vertex 14.4521 11.5771 0
      vertex 14.9545 12.5964 0
    endloop
  endfacet
  facet normal 0 0 -1
    outer loop
      vertex 14.2849 11.7237 0
      vertex 14.9545 12.5964 0
      vertex 14.4521 11.5771 0
    endloop
  endfacet
  facet normal -0 0 -1
    outer loop
      vertex 14.9545 12.5964 0
      vertex 14.2849 11.7237 0
      vertex 14.65 12.7999 0
    endloop
  endfacet
  facet normal 0 0 -1
    outer loop
      vertex 14.1 11.8472 0
      vertex 14.65 12.7999 0
      vertex 14.2849 11.7237 0
    endloop
  endfacet
  facet normal -0 0 -1
    outer loop
      vertex 14.65 12.7999 0
      vertex 14.1 11.8472 0
      vertex 14.3215 12.9619 0
    endloop
  endfacet
  facet normal 0 0 -1
    outer loop
      vertex 13.9006 11.9456 0
      vertex 14.3215 12.9619 0
      vertex 14.1 11.8472 0
    endloop
  endfacet
  facet normal -0 0 -1
    outer loop
      vertex 14.3215 12.9619 0
      vertex 13.9006 11.9456 0
      vertex 13.9747 13.0796 0
    endloop
  endfacet
  facet normal 0 0 -1
    outer loop
      vertex 13.69 12.0171 0
      vertex 13.9747 13.0796 0
      vertex 13.9006 11.9456 0
    endloop
  endfacet
  facet normal 0 0 -1
    outer loop
      vertex 13.69 12.0171 0
      vertex 13.6155 13.151 0
      vertex 13.9747 13.0796 0
    endloop
  endfacet
  facet normal 0 0 -1
    outer loop
      vertex 13.4719 12.0605 0
      vertex 13.6155 13.151 0
      vertex 13.69 12.0171 0
    endloop
  endfacet
  facet normal 0 0 -1
    outer loop
      vertex 13.25 12.075 0
      vertex 13.6155 13.151 0
      vertex 13.4719 12.0605 0
    endloop
  endfacet
  facet normal 0 0 -1
    outer loop
      vertex 13.25 12.075 0
      vertex 13.25 13.175 0
      vertex 13.6155 13.151 0
    endloop
  endfacet
  facet normal 0 0 -1
    outer loop
      vertex 13.0281 12.0605 0
      vertex 13.25 13.175 0
      vertex 13.25 12.075 0
    endloop
  endfacet
  facet normal 0 0 -1
    outer loop
      vertex 13.0281 12.0605 0
      vertex 12.8845 13.151 0
      vertex 13.25 13.175 0
    endloop
  endfacet
  facet normal 0 0 -1
    outer loop
      vertex 12.81 12.0171 0
      vertex 12.8845 13.151 0
      vertex 13.0281 12.0605 0
    endloop
  endfacet
  facet normal 0 0 -1
    outer loop
      vertex 12.5253 13.0796 0
      vertex 12.81 12.0171 0
      vertex 12.5994 11.9456 0
    endloop
  endfacet
  facet normal 0 0 -1
    outer loop
      vertex 12.81 12.0171 0
      vertex 12.5253 13.0796 0
      vertex 12.8845 13.151 0
    endloop
  endfacet
  facet normal 0 0 -1
    outer loop
      vertex 12.1785 12.9619 0
      vertex 12.5994 11.9456 0
      vertex 12.4 11.8472 0
    endloop
  endfacet
  facet normal 0 0 -1
    outer loop
      vertex 11.85 12.7999 0
      vertex 12.4 11.8472 0
      vertex 12.2151 11.7237 0
    endloop
  endfacet
  facet normal 0 0 -1
    outer loop
      vertex 12.5994 11.9456 0
      vertex 12.1785 12.9619 0
      vertex 12.5253 13.0796 0
    endloop
  endfacet
  facet normal 0 0 -1
    outer loop
      vertex 11.5455 12.5964 0
      vertex 12.2151 11.7237 0
      vertex 12.0479 11.5771 0
    endloop
  endfacet
  facet normal 0 0 -1
    outer loop
      vertex 11.2701 12.3549 0
      vertex 12.0479 11.5771 0
      vertex 11.9013 11.4099 0
    endloop
  endfacet
  facet normal 0 0 -1
    outer loop
      vertex 12.4 11.8472 0
      vertex 11.85 12.7999 0
      vertex 12.1785 12.9619 0
    endloop
  endfacet
  facet normal 0 0 -1
    outer loop
      vertex 11.0286 12.0795 0
      vertex 11.9013 11.4099 0
      vertex 11.7778 11.225 0
    endloop
  endfacet
  facet normal 0 0 -1
    outer loop
      vertex 10.8251 11.775 0
      vertex 11.7778 11.225 0
      vertex 11.6794 11.0256 0
    endloop
  endfacet
  facet normal 0 0 -1
    outer loop
      vertex 10.6631 11.4465 0
      vertex 11.6794 11.0256 0
      vertex 11.6079 10.815 0
    endloop
  endfacet
  facet normal 0 0 -1
    outer loop
      vertex 10.5454 11.0997 0
      vertex 11.6079 10.815 0
      vertex 11.5645 10.5969 0
    endloop
  endfacet
  facet normal 0 0 -1
    outer loop
      vertex 12.2151 11.7237 0
      vertex 11.5455 12.5964 0
      vertex 11.85 12.7999 0
    endloop
  endfacet
  facet normal 0 0 -1
    outer loop
      vertex 10.474 10.7405 0
      vertex 11.5645 10.5969 0
      vertex 11.55 10.375 0
    endloop
  endfacet
  facet normal 0 0 -1
    outer loop
      vertex 10.6631 9.30349 0
      vertex 11.6794 9.72444 0
      vertex 10.8251 8.975 0
    endloop
  endfacet
  facet normal -0 0 -1
    outer loop
      vertex 11.6794 9.72444 0
      vertex 10.6631 9.30349 0
      vertex 11.6079 9.93501 0
    endloop
  endfacet
  facet normal 0 0 -1
    outer loop
      vertex 12.0479 11.5771 0
      vertex 11.2701 12.3549 0
      vertex 11.5455 12.5964 0
    endloop
  endfacet
  facet normal 0 0 -1
    outer loop
      vertex 10.5454 9.65031 0
      vertex 11.6079 9.93501 0
      vertex 10.6631 9.30349 0
    endloop
  endfacet
  facet normal 0 0 -1
    outer loop
      vertex 11.9013 11.4099 0
      vertex 11.0286 12.0795 0
      vertex 11.2701 12.3549 0
    endloop
  endfacet
  facet normal -0 0 -1
    outer loop
      vertex 11.6079 9.93501 0
      vertex 10.5454 9.65031 0
      vertex 11.5645 10.1531 0
    endloop
  endfacet
  facet normal 0 0 -1
    outer loop
      vertex 11.7778 11.225 0
      vertex 10.8251 11.775 0
      vertex 11.0286 12.0795 0
    endloop
  endfacet
  facet normal 0 0 -1
    outer loop
      vertex 10.474 10.0095 0
      vertex 11.5645 10.1531 0
      vertex 10.5454 9.65031 0
    endloop
  endfacet
  facet normal 0 0 -1
    outer loop
      vertex 11.6794 11.0256 0
      vertex 10.6631 11.4465 0
      vertex 10.8251 11.775 0
    endloop
  endfacet
  facet normal -0 0 -1
    outer loop
      vertex 11.5645 10.1531 0
      vertex 10.474 10.0095 0
      vertex 11.55 10.375 0
    endloop
  endfacet
  facet normal 0 0 -1
    outer loop
      vertex 11.6079 10.815 0
      vertex 10.5454 11.0997 0
      vertex 10.6631 11.4465 0
    endloop
  endfacet
  facet normal 0 0 -1
    outer loop
      vertex 10.45 10.375 0
      vertex 11.55 10.375 0
      vertex 10.474 10.0095 0
    endloop
  endfacet
  facet normal 0 0 -1
    outer loop
      vertex 11.5645 10.5969 0
      vertex 10.474 10.7405 0
      vertex 10.5454 11.0997 0
    endloop
  endfacet
  facet normal 0 0 -1
    outer loop
      vertex 11.55 10.375 0
      vertex 10.45 10.375 0
      vertex 10.474 10.7405 0
    endloop
  endfacet
  facet normal 0.83142 0.555645 0
    outer loop
      vertex 15.6749 11.775 3
      vertex 15.4714 12.0795 0
      vertex 15.4714 12.0795 3
    endloop
  endfacet
  facet normal 0.83142 0.555645 0
    outer loop
      vertex 15.4714 12.0795 0
      vertex 15.6749 11.775 3
      vertex 15.6749 11.775 0
    endloop
  endfacet
  facet normal 0.321283 0.946983 -0
    outer loop
      vertex 14.3215 12.9619 0
      vertex 14.2092 13 3
      vertex 14.3215 12.9619 3
    endloop
  endfacet
  facet normal 0.321384 0.946949 4.21412e-06
    outer loop
      vertex 13.9747 13.0796 0
      vertex 14.2092 13 3
      vertex 14.3215 12.9619 0
    endloop
  endfacet
  facet normal 0.321432 0.946933 0
    outer loop
      vertex 14.2092 13 3
      vertex 13.9747 13.0796 0
      vertex 13.9747 13.0796 3
    endloop
  endfacet
  facet normal -0.442292 0.896871 0
    outer loop
      vertex 12.1785 12.9619 0
      vertex 11.85 12.7999 3
      vertex 12.1785 12.9619 3
    endloop
  endfacet
  facet normal -0.442292 0.896871 0
    outer loop
      vertex 11.85 12.7999 3
      vertex 12.1785 12.9619 0
      vertex 11.85 12.7999 0
    endloop
  endfacet
  facet normal -0.946949 0.321384 0
    outer loop
      vertex 10.5454 11.0997 0
      vertex 10.6631 11.4465 3
      vertex 10.6631 11.4465 0
    endloop
  endfacet
  facet normal -0.946949 0.321384 0
    outer loop
      vertex 10.6631 11.4465 3
      vertex 10.5454 11.0997 0
      vertex 10.5454 11.0997 3
    endloop
  endfacet
  facet normal 0.997851 -0.0655224 0
    outer loop
      vertex 16.026 10.0095 3
      vertex 16.05 10.375 0
      vertex 16.05 10.375 3
    endloop
  endfacet
  facet normal 0.997851 -0.0655224 0
    outer loop
      vertex 16.05 10.375 0
      vertex 16.026 10.0095 3
      vertex 16.026 10.0095 0
    endloop
  endfacet
  facet normal 0.442271 -0.896882 0
    outer loop
      vertex 14.3215 7.78814 0
      vertex 14.65 7.95013 3
      vertex 14.3215 7.78814 3
    endloop
  endfacet
  facet normal 0.442271 -0.896882 0
    outer loop
      vertex 14.65 7.95013 3
      vertex 14.3215 7.78814 0
      vertex 14.65 7.95013 0
    endloop
  endfacet
  facet normal -0.0655224 0.997851 0
    outer loop
      vertex 13.25 13.175 0
      vertex 12.8845 13.151 3
      vertex 13.25 13.175 3
    endloop
  endfacet
  facet normal -0.0655224 0.997851 0
    outer loop
      vertex 12.8845 13.151 3
      vertex 13.25 13.175 0
      vertex 12.8845 13.151 0
    endloop
  endfacet
  facet normal -0.997851 0.0655224 0
    outer loop
      vertex 10.45 10.375 0
      vertex 10.474 10.7405 3
      vertex 10.474 10.7405 0
    endloop
  endfacet
  facet normal -0.997851 0.0655224 0
    outer loop
      vertex 10.474 10.7405 3
      vertex 10.45 10.375 0
      vertex 10.45 10.375 3
    endloop
  endfacet
  facet normal -0.83142 0.555645 0
    outer loop
      vertex 10.8251 11.775 0
      vertex 11.0286 12.0795 3
      vertex 11.0286 12.0795 0
    endloop
  endfacet
  facet normal -0.83142 0.555645 0
    outer loop
      vertex 11.0286 12.0795 3
      vertex 10.8251 11.775 0
      vertex 10.8251 11.775 3
    endloop
  endfacet
  facet normal -0.555645 0.83142 0
    outer loop
      vertex 11.85 12.7999 0
      vertex 11.5455 12.5964 3
      vertex 11.85 12.7999 3
    endloop
  endfacet
  facet normal -0.555645 0.83142 0
    outer loop
      vertex 11.5455 12.5964 3
      vertex 11.85 12.7999 0
      vertex 11.5455 12.5964 0
    endloop
  endfacet
  facet normal -0.659316 0.751866 0
    outer loop
      vertex 11.5455 12.5964 0
      vertex 11.2701 12.3549 3
      vertex 11.5455 12.5964 3
    endloop
  endfacet
  facet normal -0.659316 0.751866 0
    outer loop
      vertex 11.2701 12.3549 3
      vertex 11.5455 12.5964 0
      vertex 11.2701 12.3549 0
    endloop
  endfacet
  facet normal 0.997851 0.0655224 0
    outer loop
      vertex 16.05 10.375 3
      vertex 16.026 10.7405 0
      vertex 16.026 10.7405 3
    endloop
  endfacet
  facet normal 0.997851 0.0655224 0
    outer loop
      vertex 16.026 10.7405 0
      vertex 16.05 10.375 3
      vertex 16.05 10.375 0
    endloop
  endfacet
  facet normal 0.555607 -0.831445 0
    outer loop
      vertex 14.65 7.95013 0
      vertex 14.9545 8.15361 3
      vertex 14.65 7.95013 3
    endloop
  endfacet
  facet normal 0.555607 -0.831445 0
    outer loop
      vertex 14.9545 8.15361 3
      vertex 14.65 7.95013 0
      vertex 14.9545 8.15361 0
    endloop
  endfacet
  facet normal 0.946955 -0.321367 0
    outer loop
      vertex 15.8369 9.30349 3
      vertex 15.9546 9.65031 0
      vertex 15.9546 9.65031 3
    endloop
  endfacet
  facet normal 0.946955 -0.321367 0
    outer loop
      vertex 15.9546 9.65031 0
      vertex 15.8369 9.30349 3
      vertex 15.8369 9.30349 0
    endloop
  endfacet
  facet normal -0.195118 -0.98078 0
    outer loop
      vertex 12.5253 7.67041 0
      vertex 12.8845 7.59895 3
      vertex 12.5253 7.67041 3
    endloop
  endfacet
  facet normal -0.195118 -0.98078 -0
    outer loop
      vertex 12.8845 7.59895 3
      vertex 12.5253 7.67041 0
      vertex 12.8845 7.59895 0
    endloop
  endfacet
  facet normal 0.321457 -0.946924 0
    outer loop
      vertex 13.9747 7.67041 0
      vertex 14.3215 7.78814 3
      vertex 13.9747 7.67041 3
    endloop
  endfacet
  facet normal 0.321457 -0.946924 0
    outer loop
      vertex 14.3215 7.78814 3
      vertex 13.9747 7.67041 0
      vertex 14.3215 7.78814 0
    endloop
  endfacet
  facet normal 0.946949 0.321384 0
    outer loop
      vertex 15.9546 11.0997 3
      vertex 15.8369 11.4465 0
      vertex 15.8369 11.4465 3
    endloop
  endfacet
  facet normal 0.946949 0.321384 0
    outer loop
      vertex 15.8369 11.4465 0
      vertex 15.9546 11.0997 3
      vertex 15.9546 11.0997 0
    endloop
  endfacet
  facet normal 0.659316 0.751866 -0
    outer loop
      vertex 15.2299 12.3549 0
      vertex 14.9545 12.5964 3
      vertex 15.2299 12.3549 3
    endloop
  endfacet
  facet normal 0.659316 0.751866 0
    outer loop
      vertex 14.9545 12.5964 3
      vertex 15.2299 12.3549 0
      vertex 14.9545 12.5964 0
    endloop
  endfacet
  facet normal 0.751866 0.659316 0
    outer loop
      vertex 15.4714 12.0795 3
      vertex 15.2299 12.3549 0
      vertex 15.2299 12.3549 3
    endloop
  endfacet
  facet normal 0.751866 0.659316 0
    outer loop
      vertex 15.2299 12.3549 0
      vertex 15.4714 12.0795 3
      vertex 15.4714 12.0795 0
    endloop
  endfacet
  facet normal 0.194961 0.980811 -0
    outer loop
      vertex 13.9747 13.0796 0
      vertex 13.6155 13.151 3
      vertex 13.9747 13.0796 3
    endloop
  endfacet
  facet normal 0.194961 0.980811 0
    outer loop
      vertex 13.6155 13.151 3
      vertex 13.9747 13.0796 0
      vertex 13.6155 13.151 0
    endloop
  endfacet
  facet normal 0.0655224 0.997851 -0
    outer loop
      vertex 13.6155 13.151 0
      vertex 13.25 13.175 3
      vertex 13.6155 13.151 3
    endloop
  endfacet
  facet normal 0.0655224 0.997851 0
    outer loop
      vertex 13.25 13.175 3
      vertex 13.6155 13.151 0
      vertex 13.25 13.175 0
    endloop
  endfacet
  facet normal 0.555645 0.83142 -0
    outer loop
      vertex 14.9545 12.5964 0
      vertex 14.65 12.7999 3
      vertex 14.9545 12.5964 3
    endloop
  endfacet
  facet normal 0.555645 0.83142 0
    outer loop
      vertex 14.65 12.7999 3
      vertex 14.9545 12.5964 0
      vertex 14.65 12.7999 0
    endloop
  endfacet
  facet normal 0.442292 0.896871 -0
    outer loop
      vertex 14.65 12.7999 0
      vertex 14.3215 12.9619 3
      vertex 14.65 12.7999 3
    endloop
  endfacet
  facet normal 0.442292 0.896871 0
    outer loop
      vertex 14.3215 12.9619 3
      vertex 14.65 12.7999 0
      vertex 14.3215 12.9619 0
    endloop
  endfacet
  facet normal -0.997851 -0.0655224 0
    outer loop
      vertex 10.474 10.0095 0
      vertex 10.45 10.375 3
      vertex 10.45 10.375 0
    endloop
  endfacet
  facet normal -0.997851 -0.0655224 0
    outer loop
      vertex 10.45 10.375 3
      vertex 10.474 10.0095 0
      vertex 10.474 10.0095 3
    endloop
  endfacet
  facet normal -0.980811 0.194961 0
    outer loop
      vertex 10.474 10.7405 0
      vertex 10.5454 11.0997 3
      vertex 10.5454 11.0997 0
    endloop
  endfacet
  facet normal -0.980811 0.194961 0
    outer loop
      vertex 10.5454 11.0997 3
      vertex 10.474 10.7405 0
      vertex 10.474 10.7405 3
    endloop
  endfacet
  facet normal -0.896871 0.442292 0
    outer loop
      vertex 10.6631 11.4465 0
      vertex 10.8251 11.775 3
      vertex 10.8251 11.775 0
    endloop
  endfacet
  facet normal -0.896871 0.442292 0
    outer loop
      vertex 10.8251 11.775 3
      vertex 10.6631 11.4465 0
      vertex 10.6631 11.4465 3
    endloop
  endfacet
  facet normal -0.194961 0.980811 0
    outer loop
      vertex 12.8845 13.151 0
      vertex 12.5253 13.0796 3
      vertex 12.8845 13.151 3
    endloop
  endfacet
  facet normal -0.194961 0.980811 0
    outer loop
      vertex 12.5253 13.0796 3
      vertex 12.8845 13.151 0
      vertex 12.5253 13.0796 0
    endloop
  endfacet
  facet normal -0.321432 0.946933 0
    outer loop
      vertex 12.5253 13.0796 0
      vertex 12.2908 13 3
      vertex 12.5253 13.0796 3
    endloop
  endfacet
  facet normal -0.321384 0.946949 4.21412e-06
    outer loop
      vertex 12.1785 12.9619 0
      vertex 12.2908 13 3
      vertex 12.5253 13.0796 0
    endloop
  endfacet
  facet normal -0.321283 0.946983 0
    outer loop
      vertex 12.2908 13 3
      vertex 12.1785 12.9619 0
      vertex 12.1785 12.9619 3
    endloop
  endfacet
  facet normal -0.751866 0.659316 0
    outer loop
      vertex 11.0286 12.0795 0
      vertex 11.2701 12.3549 3
      vertex 11.2701 12.3549 0
    endloop
  endfacet
  facet normal -0.751866 0.659316 0
    outer loop
      vertex 11.2701 12.3549 3
      vertex 11.0286 12.0795 0
      vertex 11.0286 12.0795 3
    endloop
  endfacet
  facet normal 0.98081 -0.194966 0
    outer loop
      vertex 15.9546 9.65031 3
      vertex 16.026 10.0095 0
      vertex 16.026 10.0095 3
    endloop
  endfacet
  facet normal 0.98081 -0.194966 0
    outer loop
      vertex 16.026 10.0095 0
      vertex 15.9546 9.65031 3
      vertex 15.9546 9.65031 0
    endloop
  endfacet
  facet normal 0.831445 -0.555607 0
    outer loop
      vertex 15.4714 8.67047 3
      vertex 15.6749 8.975 0
      vertex 15.6749 8.975 3
    endloop
  endfacet
  facet normal 0.831445 -0.555607 0
    outer loop
      vertex 15.6749 8.975 0
      vertex 15.4714 8.67047 3
      vertex 15.4714 8.67047 0
    endloop
  endfacet
  facet normal 0.896866 -0.442303 0
    outer loop
      vertex 15.6749 8.975 3
      vertex 15.8369 9.30349 0
      vertex 15.8369 9.30349 3
    endloop
  endfacet
  facet normal 0.896866 -0.442303 0
    outer loop
      vertex 15.8369 9.30349 0
      vertex 15.6749 8.975 3
      vertex 15.6749 8.975 0
    endloop
  endfacet
  facet normal -0.75183 -0.659357 0
    outer loop
      vertex 11.2701 8.3951 0
      vertex 11.0286 8.67047 3
      vertex 11.0286 8.67047 0
    endloop
  endfacet
  facet normal -0.75183 -0.659357 0
    outer loop
      vertex 11.0286 8.67047 3
      vertex 11.2701 8.3951 0
      vertex 11.2701 8.3951 3
    endloop
  endfacet
  facet normal 0.195118 -0.98078 0
    outer loop
      vertex 13.6155 7.59895 0
      vertex 13.9747 7.67041 3
      vertex 13.6155 7.59895 3
    endloop
  endfacet
  facet normal 0.195118 -0.98078 0
    outer loop
      vertex 13.9747 7.67041 3
      vertex 13.6155 7.59895 0
      vertex 13.9747 7.67041 0
    endloop
  endfacet
  facet normal 0.980811 0.194961 0
    outer loop
      vertex 16.026 10.7405 3
      vertex 15.9546 11.0997 0
      vertex 15.9546 11.0997 3
    endloop
  endfacet
  facet normal 0.980811 0.194961 0
    outer loop
      vertex 15.9546 11.0997 0
      vertex 16.026 10.7405 3
      vertex 16.026 10.7405 0
    endloop
  endfacet
  facet normal 0.0653864 -0.99786 0
    outer loop
      vertex 13.25 7.575 0
      vertex 13.6155 7.59895 3
      vertex 13.25 7.575 3
    endloop
  endfacet
  facet normal 0.0653864 -0.99786 0
    outer loop
      vertex 13.6155 7.59895 3
      vertex 13.25 7.575 0
      vertex 13.6155 7.59895 0
    endloop
  endfacet
  facet normal -0.98081 -0.194966 0
    outer loop
      vertex 10.5454 9.65031 0
      vertex 10.474 10.0095 3
      vertex 10.474 10.0095 0
    endloop
  endfacet
  facet normal -0.98081 -0.194966 0
    outer loop
      vertex 10.474 10.0095 3
      vertex 10.5454 9.65031 0
      vertex 10.5454 9.65031 3
    endloop
  endfacet
  facet normal -0.896866 -0.442303 0
    outer loop
      vertex 10.8251 8.975 0
      vertex 10.6631 9.30349 3
      vertex 10.6631 9.30349 0
    endloop
  endfacet
  facet normal -0.896866 -0.442303 0
    outer loop
      vertex 10.6631 9.30349 3
      vertex 10.8251 8.975 0
      vertex 10.8251 8.975 3
    endloop
  endfacet
  facet normal -0.831445 -0.555607 0
    outer loop
      vertex 11.0286 8.67047 0
      vertex 10.8251 8.975 3
      vertex 10.8251 8.975 0
    endloop
  endfacet
  facet normal -0.831445 -0.555607 0
    outer loop
      vertex 10.8251 8.975 3
      vertex 11.0286 8.67047 0
      vertex 11.0286 8.67047 3
    endloop
  endfacet
  facet normal 0.659301 -0.751879 0
    outer loop
      vertex 14.9545 8.15361 0
      vertex 15.2299 8.3951 3
      vertex 14.9545 8.15361 3
    endloop
  endfacet
  facet normal 0.659301 -0.751879 0
    outer loop
      vertex 15.2299 8.3951 3
      vertex 14.9545 8.15361 0
      vertex 15.2299 8.3951 0
    endloop
  endfacet
  facet normal 0.75183 -0.659357 0
    outer loop
      vertex 15.2299 8.3951 3
      vertex 15.4714 8.67047 0
      vertex 15.4714 8.67047 3
    endloop
  endfacet
  facet normal 0.75183 -0.659357 0
    outer loop
      vertex 15.4714 8.67047 0
      vertex 15.2299 8.3951 3
      vertex 15.2299 8.3951 0
    endloop
  endfacet
  facet normal -0.321457 -0.946924 0
    outer loop
      vertex 12.1785 7.78814 0
      vertex 12.5253 7.67041 3
      vertex 12.1785 7.78814 3
    endloop
  endfacet
  facet normal -0.321457 -0.946924 -0
    outer loop
      vertex 12.5253 7.67041 3
      vertex 12.1785 7.78814 0
      vertex 12.5253 7.67041 0
    endloop
  endfacet
  facet normal -0.555619 -0.831437 -0
    outer loop
      vertex 11.5455 8.15361 1.7
      vertex 11.5455 8.15361 0
      vertex 11.75 8.01695 1.7
    endloop
  endfacet
  facet normal -0.555583 -0.831461 0
    outer loop
      vertex 11.75 8.01695 1.7
      vertex 11.85 7.95013 3
      vertex 11.75 8.01695 3
    endloop
  endfacet
  facet normal -0.555583 -0.831461 0
    outer loop
      vertex 11.75 8.01695 1.7
      vertex 11.85 7.95013 0
      vertex 11.85 7.95013 3
    endloop
  endfacet
  facet normal -0.555607 -0.831445 -2.10411e-06
    outer loop
      vertex 11.85 7.95013 0
      vertex 11.75 8.01695 1.7
      vertex 11.5455 8.15361 0
    endloop
  endfacet
  facet normal -0.946955 -0.321367 0
    outer loop
      vertex 10.6631 9.30349 0
      vertex 10.5454 9.65031 3
      vertex 10.5454 9.65031 0
    endloop
  endfacet
  facet normal -0.946955 -0.321367 0
    outer loop
      vertex 10.5454 9.65031 3
      vertex 10.6631 9.30349 0
      vertex 10.6631 9.30349 3
    endloop
  endfacet
  facet normal -0.659244 -0.751929 0
    outer loop
      vertex 11.2701 8.3951 3
      vertex 11.4356 8.25 1.7
      vertex 11.4356 8.25 3
    endloop
  endfacet
  facet normal -0.659244 -0.751929 0
    outer loop
      vertex 11.2701 8.3951 0
      vertex 11.4356 8.25 1.7
      vertex 11.2701 8.3951 3
    endloop
  endfacet
  facet normal -0.659301 -0.751879 9.7241e-06
    outer loop
      vertex 11.5455 8.15361 0
      vertex 11.4356 8.25 1.7
      vertex 11.2701 8.3951 0
    endloop
  endfacet
  facet normal -0.659386 -0.751805 0
    outer loop
      vertex 11.4356 8.25 1.7
      vertex 11.5455 8.15361 0
      vertex 11.5455 8.15361 1.7
    endloop
  endfacet
  facet normal -0.442271 -0.896882 0
    outer loop
      vertex 11.85 7.95013 0
      vertex 12.1785 7.78814 3
      vertex 11.85 7.95013 3
    endloop
  endfacet
  facet normal -0.442271 -0.896882 -0
    outer loop
      vertex 12.1785 7.78814 3
      vertex 11.85 7.95013 0
      vertex 12.1785 7.78814 0
    endloop
  endfacet
  facet normal -0.0653864 -0.99786 0
    outer loop
      vertex 12.8845 7.59895 0
      vertex 13.25 7.575 3
      vertex 12.8845 7.59895 3
    endloop
  endfacet
  facet normal -0.0653864 -0.99786 -0
    outer loop
      vertex 13.25 7.575 3
      vertex 12.8845 7.59895 0
      vertex 13.25 7.575 0
    endloop
  endfacet
  facet normal 0.946901 -0.321525 0
    outer loop
      vertex -14.8921 -9.93501 4.6
      vertex -14.8206 -9.72444 0
      vertex -14.8206 -9.72444 4.6
    endloop
  endfacet
  facet normal 0.946901 -0.321525 0
    outer loop
      vertex -14.8206 -9.72444 0
      vertex -14.8921 -9.93501 4.6
      vertex -14.8921 -9.93501 0
    endloop
  endfacet
  facet normal 0.321484 0.946915 -0
    outer loop
      vertex -13.69 -12.0171 0
      vertex -13.9006 -11.9456 4.6
      vertex -13.69 -12.0171 4.6
    endloop
  endfacet
  facet normal 0.321484 0.946915 0
    outer loop
      vertex -13.9006 -11.9456 4.6
      vertex -13.69 -12.0171 0
      vertex -13.9006 -11.9456 0
    endloop
  endfacet
  facet normal -0.442386 -0.896825 0
    outer loop
      vertex -12.5994 -8.8044 0
      vertex -12.4 -8.90276 4.6
      vertex -12.5994 -8.8044 4.6
    endloop
  endfacet
  facet normal -0.442386 -0.896825 -0
    outer loop
      vertex -12.4 -8.90276 4.6
      vertex -12.5994 -8.8044 0
      vertex -12.4 -8.90276 0
    endloop
  endfacet
  facet normal 0.321363 -0.946956 0
    outer loop
      vertex -13.9006 -8.8044 0
      vertex -13.69 -8.73293 4.6
      vertex -13.9006 -8.8044 4.6
    endloop
  endfacet
  facet normal 0.321363 -0.946956 0
    outer loop
      vertex -13.69 -8.73293 4.6
      vertex -13.9006 -8.8044 0
      vertex -13.69 -8.73293 0
    endloop
  endfacet
  facet normal 0.896789 -0.442459 0
    outer loop
      vertex -14.8206 -9.72444 4.6
      vertex -14.7222 -9.525 0
      vertex -14.7222 -9.525 4.6
    endloop
  endfacet
  facet normal 0.896789 -0.442459 0
    outer loop
      vertex -14.7222 -9.525 0
      vertex -14.8206 -9.72444 4.6
      vertex -14.8206 -9.72444 0
    endloop
  endfacet
  facet normal 0.896754 0.44253 0
    outer loop
      vertex -14.7222 -11.225 4.6
      vertex -14.8206 -11.0256 0
      vertex -14.8206 -11.0256 4.6
    endloop
  endfacet
  facet normal 0.896754 0.44253 0
    outer loop
      vertex -14.8206 -11.0256 0
      vertex -14.7222 -11.225 4.6
      vertex -14.7222 -11.225 0
    endloop
  endfacet
  facet normal -0.980769 -0.195173 0
    outer loop
      vertex -11.5645 -10.1531 0
      vertex -11.6079 -9.93501 4.6
      vertex -11.6079 -9.93501 0
    endloop
  endfacet
  facet normal -0.980769 -0.195173 0
    outer loop
      vertex -11.6079 -9.93501 4.6
      vertex -11.5645 -10.1531 0
      vertex -11.5645 -10.1531 4.6
    endloop
  endfacet
  facet normal -0.946901 -0.321525 0
    outer loop
      vertex -11.6079 -9.93501 0
      vertex -11.6794 -9.72444 4.6
      vertex -11.6794 -9.72444 0
    endloop
  endfacet
  facet normal -0.946901 -0.321525 0
    outer loop
      vertex -11.6794 -9.72444 4.6
      vertex -11.6079 -9.93501 0
      vertex -11.6079 -9.93501 4.6
    endloop
  endfacet
  facet normal -0.831552 -0.555447 0
    outer loop
      vertex -11.7778 -9.525 0
      vertex -11.9013 -9.34011 4.6
      vertex -11.9013 -9.34011 0
    endloop
  endfacet
  facet normal -0.831552 -0.555447 0
    outer loop
      vertex -11.9013 -9.34011 4.6
      vertex -11.7778 -9.525 0
      vertex -11.7778 -9.525 4.6
    endloop
  endfacet
  facet normal -0.751888 -0.659291 0
    outer loop
      vertex -11.9013 -9.34011 0
      vertex -12.0479 -9.17292 4.6
      vertex -12.0479 -9.17292 0
    endloop
  endfacet
  facet normal -0.751888 -0.659291 0
    outer loop
      vertex -12.0479 -9.17292 4.6
      vertex -11.9013 -9.34011 0
      vertex -11.9013 -9.34011 4.6
    endloop
  endfacet
  facet normal -0.321363 -0.946956 0
    outer loop
      vertex -12.81 -8.73293 0
      vertex -12.5994 -8.8044 4.6
      vertex -12.81 -8.73293 4.6
    endloop
  endfacet
  facet normal -0.321363 -0.946956 -0
    outer loop
      vertex -12.5994 -8.8044 4.6
      vertex -12.81 -8.73293 0
      vertex -12.5994 -8.8044 0
    endloop
  endfacet
  facet normal -0.0653848 -0.99786 0
    outer loop
      vertex -13.25 -8.675 0
      vertex -13.0281 -8.68954 4.6
      vertex -13.25 -8.675 4.6
    endloop
  endfacet
  facet normal -0.0653848 -0.99786 -0
    outer loop
      vertex -13.0281 -8.68954 4.6
      vertex -13.25 -8.675 0
      vertex -13.0281 -8.68954 0
    endloop
  endfacet
  facet normal 0.751888 -0.659291 0
    outer loop
      vertex -14.5987 -9.34011 4.6
      vertex -14.4521 -9.17292 0
      vertex -14.4521 -9.17292 4.6
    endloop
  endfacet
  facet normal 0.751888 -0.659291 0
    outer loop
      vertex -14.4521 -9.17292 0
      vertex -14.5987 -9.34011 4.6
      vertex -14.5987 -9.34011 0
    endloop
  endfacet
  facet normal 0.659319 -0.751863 0
    outer loop
      vertex -14.4521 -9.17292 0
      vertex -14.2849 -9.0263 4.6
      vertex -14.4521 -9.17292 4.6
    endloop
  endfacet
  facet normal 0.659319 -0.751863 0
    outer loop
      vertex -14.2849 -9.0263 4.6
      vertex -14.4521 -9.17292 0
      vertex -14.2849 -9.0263 0
    endloop
  endfacet
  facet normal -0.997872 -0.0652057 0
    outer loop
      vertex -11.55 -10.375 0
      vertex -11.5645 -10.1531 4.6
      vertex -11.5645 -10.1531 0
    endloop
  endfacet
  facet normal -0.997872 -0.0652057 0
    outer loop
      vertex -11.5645 -10.1531 4.6
      vertex -11.55 -10.375 0
      vertex -11.55 -10.375 4.6
    endloop
  endfacet
  facet normal -0.321484 0.946915 0
    outer loop
      vertex -12.5994 -11.9456 0
      vertex -12.81 -12.0171 4.6
      vertex -12.5994 -11.9456 4.6
    endloop
  endfacet
  facet normal -0.321484 0.946915 0
    outer loop
      vertex -12.81 -12.0171 4.6
      vertex -12.5994 -11.9456 0
      vertex -12.81 -12.0171 0
    endloop
  endfacet
  facet normal -0.831566 0.555426 0
    outer loop
      vertex -11.9013 -11.4099 0
      vertex -11.7778 -11.225 4.6
      vertex -11.7778 -11.225 0
    endloop
  endfacet
  facet normal -0.831566 0.555426 0
    outer loop
      vertex -11.7778 -11.225 4.6
      vertex -11.9013 -11.4099 0
      vertex -11.9013 -11.4099 4.6
    endloop
  endfacet
  facet normal -0.751908 0.659268 0
    outer loop
      vertex -12.0479 -11.5771 0
      vertex -11.9013 -11.4099 4.6
      vertex -11.9013 -11.4099 0
    endloop
  endfacet
  facet normal -0.751908 0.659268 0
    outer loop
      vertex -11.9013 -11.4099 4.6
      vertex -12.0479 -11.5771 0
      vertex -12.0479 -11.5771 4.6
    endloop
  endfacet
  facet normal 0.659268 0.751908 -0
    outer loop
      vertex -14.2849 -11.7237 0
      vertex -14.4521 -11.5771 4.6
      vertex -14.2849 -11.7237 4.6
    endloop
  endfacet
  facet normal 0.659268 0.751908 0
    outer loop
      vertex -14.4521 -11.5771 4.6
      vertex -14.2849 -11.7237 0
      vertex -14.4521 -11.5771 0
    endloop
  endfacet
  facet normal 0.98077 0.195165 0
    outer loop
      vertex -14.8921 -10.815 4.6
      vertex -14.9355 -10.5969 0
      vertex -14.9355 -10.5969 4.6
    endloop
  endfacet
  facet normal 0.98077 0.195165 0
    outer loop
      vertex -14.9355 -10.5969 0
      vertex -14.8921 -10.815 4.6
      vertex -14.8921 -10.815 0
    endloop
  endfacet
  facet normal -0.896789 -0.442459 0
    outer loop
      vertex -11.6794 -9.72444 0
      vertex -11.7778 -9.525 4.6
      vertex -11.7778 -9.525 0
    endloop
  endfacet
  facet normal -0.896789 -0.442459 0
    outer loop
      vertex -11.7778 -9.525 4.6
      vertex -11.6794 -9.72444 0
      vertex -11.6794 -9.72444 4.6
    endloop
  endfacet
  facet normal -0.659319 -0.751863 0
    outer loop
      vertex -12.2151 -9.0263 0
      vertex -12.0479 -9.17292 4.6
      vertex -12.2151 -9.0263 4.6
    endloop
  endfacet
  facet normal -0.659319 -0.751863 -0
    outer loop
      vertex -12.0479 -9.17292 4.6
      vertex -12.2151 -9.0263 0
      vertex -12.0479 -9.17292 0
    endloop
  endfacet
  facet normal -0.195122 -0.980779 0
    outer loop
      vertex -13.0281 -8.68954 0
      vertex -12.81 -8.73293 4.6
      vertex -13.0281 -8.68954 4.6
    endloop
  endfacet
  facet normal -0.195122 -0.980779 -0
    outer loop
      vertex -12.81 -8.73293 4.6
      vertex -13.0281 -8.68954 0
      vertex -12.81 -8.73293 0
    endloop
  endfacet
  facet normal 0.997872 -0.0652057 0
    outer loop
      vertex -14.95 -10.375 4.6
      vertex -14.9355 -10.1531 0
      vertex -14.9355 -10.1531 4.6
    endloop
  endfacet
  facet normal 0.997872 -0.0652057 0
    outer loop
      vertex -14.9355 -10.1531 0
      vertex -14.95 -10.375 4.6
      vertex -14.95 -10.375 0
    endloop
  endfacet
  facet normal 0.980769 -0.195173 0
    outer loop
      vertex -14.9355 -10.1531 4.6
      vertex -14.8921 -9.93501 0
      vertex -14.8921 -9.93501 4.6
    endloop
  endfacet
  facet normal 0.980769 -0.195173 0
    outer loop
      vertex -14.8921 -9.93501 0
      vertex -14.9355 -10.1531 4.6
      vertex -14.9355 -10.1531 0
    endloop
  endfacet
  facet normal 0.831552 -0.555447 0
    outer loop
      vertex -14.7222 -9.525 4.6
      vertex -14.5987 -9.34011 0
      vertex -14.5987 -9.34011 4.6
    endloop
  endfacet
  facet normal 0.831552 -0.555447 0
    outer loop
      vertex -14.5987 -9.34011 0
      vertex -14.7222 -9.525 4.6
      vertex -14.7222 -9.525 0
    endloop
  endfacet
  facet normal 0.0653848 -0.99786 0
    outer loop
      vertex -13.4719 -8.68954 0
      vertex -13.25 -8.675 4.6
      vertex -13.4719 -8.68954 4.6
    endloop
  endfacet
  facet normal 0.0653848 -0.99786 0
    outer loop
      vertex -13.25 -8.675 4.6
      vertex -13.4719 -8.68954 0
      vertex -13.25 -8.675 0
    endloop
  endfacet
  facet normal 0.195122 -0.980779 0
    outer loop
      vertex -13.69 -8.73293 0
      vertex -13.4719 -8.68954 4.6
      vertex -13.69 -8.73293 4.6
    endloop
  endfacet
  facet normal 0.195122 -0.980779 0
    outer loop
      vertex -13.4719 -8.68954 4.6
      vertex -13.69 -8.73293 0
      vertex -13.4719 -8.68954 0
    endloop
  endfacet
  facet normal 0.442386 -0.896825 0
    outer loop
      vertex -14.1 -8.90276 0
      vertex -13.9006 -8.8044 4.6
      vertex -14.1 -8.90276 4.6
    endloop
  endfacet
  facet normal 0.442386 -0.896825 0
    outer loop
      vertex -13.9006 -8.8044 4.6
      vertex -14.1 -8.90276 0
      vertex -13.9006 -8.8044 0
    endloop
  endfacet
  facet normal 0.555551 -0.831483 0
    outer loop
      vertex -14.2849 -9.0263 0
      vertex -14.1 -8.90276 4.6
      vertex -14.2849 -9.0263 4.6
    endloop
  endfacet
  facet normal 0.555551 -0.831483 0
    outer loop
      vertex -14.1 -8.90276 4.6
      vertex -14.2849 -9.0263 0
      vertex -14.1 -8.90276 0
    endloop
  endfacet
  facet normal -0.997872 0.0652057 0
    outer loop
      vertex -11.5645 -10.5969 0
      vertex -11.55 -10.375 4.6
      vertex -11.55 -10.375 0
    endloop
  endfacet
  facet normal -0.997872 0.0652057 0
    outer loop
      vertex -11.55 -10.375 4.6
      vertex -11.5645 -10.5969 0
      vertex -11.5645 -10.5969 4.6
    endloop
  endfacet
  facet normal -0.98077 0.195165 0
    outer loop
      vertex -11.6079 -10.815 0
      vertex -11.5645 -10.5969 4.6
      vertex -11.5645 -10.5969 0
    endloop
  endfacet
  facet normal -0.98077 0.195165 0
    outer loop
      vertex -11.5645 -10.5969 4.6
      vertex -11.6079 -10.815 0
      vertex -11.6079 -10.815 4.6
    endloop
  endfacet
  facet normal -0.0652057 0.997872 0
    outer loop
      vertex -13.0281 -12.0605 0
      vertex -13.25 -12.075 4.6
      vertex -13.0281 -12.0605 4.6
    endloop
  endfacet
  facet normal -0.0652057 0.997872 0
    outer loop
      vertex -13.25 -12.075 4.6
      vertex -13.0281 -12.0605 0
      vertex -13.25 -12.075 0
    endloop
  endfacet
  facet normal -0.195165 0.98077 0
    outer loop
      vertex -12.81 -12.0171 0
      vertex -13.0281 -12.0605 4.6
      vertex -12.81 -12.0171 4.6
    endloop
  endfacet
  facet normal -0.195165 0.98077 0
    outer loop
      vertex -13.0281 -12.0605 4.6
      vertex -12.81 -12.0171 0
      vertex -13.0281 -12.0605 0
    endloop
  endfacet
  facet normal -0.44253 0.896754 0
    outer loop
      vertex -12.4 -11.8472 0
      vertex -12.5994 -11.9456 4.6
      vertex -12.4 -11.8472 4.6
    endloop
  endfacet
  facet normal -0.44253 0.896754 0
    outer loop
      vertex -12.5994 -11.9456 4.6
      vertex -12.4 -11.8472 0
      vertex -12.5994 -11.9456 0
    endloop
  endfacet
  facet normal -0.659268 0.751908 0
    outer loop
      vertex -12.0479 -11.5771 0
      vertex -12.2151 -11.7237 4.6
      vertex -12.0479 -11.5771 4.6
    endloop
  endfacet
  facet normal -0.659268 0.751908 0
    outer loop
      vertex -12.2151 -11.7237 4.6
      vertex -12.0479 -11.5771 0
      vertex -12.2151 -11.7237 0
    endloop
  endfacet
  facet normal -0.946915 0.321484 0
    outer loop
      vertex -11.6794 -11.0256 0
      vertex -11.6079 -10.815 4.6
      vertex -11.6079 -10.815 0
    endloop
  endfacet
  facet normal -0.946915 0.321484 0
    outer loop
      vertex -11.6079 -10.815 4.6
      vertex -11.6794 -11.0256 0
      vertex -11.6794 -11.0256 4.6
    endloop
  endfacet
  facet normal 0.195165 0.98077 -0
    outer loop
      vertex -13.4719 -12.0605 0
      vertex -13.69 -12.0171 4.6
      vertex -13.4719 -12.0605 4.6
    endloop
  endfacet
  facet normal 0.195165 0.98077 0
    outer loop
      vertex -13.69 -12.0171 4.6
      vertex -13.4719 -12.0605 0
      vertex -13.69 -12.0171 0
    endloop
  endfacet
  facet normal 0.0652057 0.997872 -0
    outer loop
      vertex -13.25 -12.075 0
      vertex -13.4719 -12.0605 4.6
      vertex -13.25 -12.075 4.6
    endloop
  endfacet
  facet normal 0.0652057 0.997872 0
    outer loop
      vertex -13.4719 -12.0605 4.6
      vertex -13.25 -12.075 0
      vertex -13.4719 -12.0605 0
    endloop
  endfacet
  facet normal 0.555426 0.831566 -0
    outer loop
      vertex -14.1 -11.8472 0
      vertex -14.2849 -11.7237 4.6
      vertex -14.1 -11.8472 4.6
    endloop
  endfacet
  facet normal 0.555426 0.831566 0
    outer loop
      vertex -14.2849 -11.7237 4.6
      vertex -14.1 -11.8472 0
      vertex -14.2849 -11.7237 0
    endloop
  endfacet
  facet normal 0.946915 0.321484 0
    outer loop
      vertex -14.8206 -11.0256 4.6
      vertex -14.8921 -10.815 0
      vertex -14.8921 -10.815 4.6
    endloop
  endfacet
  facet normal 0.946915 0.321484 0
    outer loop
      vertex -14.8921 -10.815 0
      vertex -14.8206 -11.0256 4.6
      vertex -14.8206 -11.0256 0
    endloop
  endfacet
  facet normal 0.997872 0.0652057 0
    outer loop
      vertex -14.9355 -10.5969 4.6
      vertex -14.95 -10.375 0
      vertex -14.95 -10.375 4.6
    endloop
  endfacet
  facet normal 0.997872 0.0652057 0
    outer loop
      vertex -14.95 -10.375 0
      vertex -14.9355 -10.5969 4.6
      vertex -14.9355 -10.5969 0
    endloop
  endfacet
  facet normal 0.751908 0.659268 0
    outer loop
      vertex -14.4521 -11.5771 4.6
      vertex -14.5987 -11.4099 0
      vertex -14.5987 -11.4099 4.6
    endloop
  endfacet
  facet normal 0.751908 0.659268 0
    outer loop
      vertex -14.5987 -11.4099 0
      vertex -14.4521 -11.5771 4.6
      vertex -14.4521 -11.5771 0
    endloop
  endfacet
  facet normal -0.555551 -0.831483 0
    outer loop
      vertex -12.4 -8.90276 0
      vertex -12.2151 -9.0263 4.6
      vertex -12.4 -8.90276 4.6
    endloop
  endfacet
  facet normal -0.555551 -0.831483 -0
    outer loop
      vertex -12.2151 -9.0263 4.6
      vertex -12.4 -8.90276 0
      vertex -12.2151 -9.0263 0
    endloop
  endfacet
  facet normal -0.555426 0.831566 0
    outer loop
      vertex -12.2151 -11.7237 0
      vertex -12.4 -11.8472 4.6
      vertex -12.2151 -11.7237 4.6
    endloop
  endfacet
  facet normal -0.555426 0.831566 0
    outer loop
      vertex -12.4 -11.8472 4.6
      vertex -12.2151 -11.7237 0
      vertex -12.4 -11.8472 0
    endloop
  endfacet
  facet normal -0.896754 0.44253 0
    outer loop
      vertex -11.7778 -11.225 0
      vertex -11.6794 -11.0256 4.6
      vertex -11.6794 -11.0256 0
    endloop
  endfacet
  facet normal -0.896754 0.44253 0
    outer loop
      vertex -11.6794 -11.0256 4.6
      vertex -11.7778 -11.225 0
      vertex -11.7778 -11.225 4.6
    endloop
  endfacet
  facet normal 0.44253 0.896754 -0
    outer loop
      vertex -13.9006 -11.9456 0
      vertex -14.1 -11.8472 4.6
      vertex -13.9006 -11.9456 4.6
    endloop
  endfacet
  facet normal 0.44253 0.896754 0
    outer loop
      vertex -14.1 -11.8472 4.6
      vertex -13.9006 -11.9456 0
      vertex -14.1 -11.8472 0
    endloop
  endfacet
  facet normal 0.831566 0.555426 0
    outer loop
      vertex -14.5987 -11.4099 4.6
      vertex -14.7222 -11.225 0
      vertex -14.7222 -11.225 4.6
    endloop
  endfacet
  facet normal 0.831566 0.555426 0
    outer loop
      vertex -14.7222 -11.225 0
      vertex -14.5987 -11.4099 4.6
      vertex -14.5987 -11.4099 0
    endloop
  endfacet
  facet normal -0.997872 -0.0652057 0
    outer loop
      vertex -11.55 10.375 0
      vertex -11.5645 10.5969 4.6
      vertex -11.5645 10.5969 0
    endloop
  endfacet
  facet normal -0.997872 -0.0652057 0
    outer loop
      vertex -11.5645 10.5969 4.6
      vertex -11.55 10.375 0
      vertex -11.55 10.375 4.6
    endloop
  endfacet
  facet normal 0.0652057 -0.997872 0
    outer loop
      vertex -13.4719 12.0605 0
      vertex -13.25 12.075 4.6
      vertex -13.4719 12.0605 4.6
    endloop
  endfacet
  facet normal 0.0652057 -0.997872 0
    outer loop
      vertex -13.25 12.075 4.6
      vertex -13.4719 12.0605 0
      vertex -13.25 12.075 0
    endloop
  endfacet
  facet normal -0.0653848 0.99786 0
    outer loop
      vertex -13.0281 8.68954 0
      vertex -13.25 8.675 4.6
      vertex -13.0281 8.68954 4.6
    endloop
  endfacet
  facet normal -0.0653848 0.99786 0
    outer loop
      vertex -13.25 8.675 4.6
      vertex -13.0281 8.68954 0
      vertex -13.25 8.675 0
    endloop
  endfacet
  facet normal -0.751888 0.659291 0
    outer loop
      vertex -12.0479 9.17292 0
      vertex -11.9013 9.34011 4.6
      vertex -11.9013 9.34011 0
    endloop
  endfacet
  facet normal -0.751888 0.659291 0
    outer loop
      vertex -11.9013 9.34011 4.6
      vertex -12.0479 9.17292 0
      vertex -12.0479 9.17292 4.6
    endloop
  endfacet
  facet normal -0.659268 -0.751908 0
    outer loop
      vertex -12.2151 11.7237 0
      vertex -12.0479 11.5771 4.6
      vertex -12.2151 11.7237 4.6
    endloop
  endfacet
  facet normal -0.659268 -0.751908 -0
    outer loop
      vertex -12.0479 11.5771 4.6
      vertex -12.2151 11.7237 0
      vertex -12.0479 11.5771 0
    endloop
  endfacet
  facet normal 0.751908 -0.659268 0
    outer loop
      vertex -14.5987 11.4099 4.6
      vertex -14.4521 11.5771 0
      vertex -14.4521 11.5771 4.6
    endloop
  endfacet
  facet normal 0.751908 -0.659268 0
    outer loop
      vertex -14.4521 11.5771 0
      vertex -14.5987 11.4099 4.6
      vertex -14.5987 11.4099 0
    endloop
  endfacet
  facet normal 0.44253 -0.896754 0
    outer loop
      vertex -14.1 11.8472 0
      vertex -13.9006 11.9456 4.6
      vertex -14.1 11.8472 4.6
    endloop
  endfacet
  facet normal 0.44253 -0.896754 0
    outer loop
      vertex -13.9006 11.9456 4.6
      vertex -14.1 11.8472 0
      vertex -13.9006 11.9456 0
    endloop
  endfacet
  facet normal -0.896754 -0.44253 0
    outer loop
      vertex -11.6794 11.0256 0
      vertex -11.7778 11.225 4.6
      vertex -11.7778 11.225 0
    endloop
  endfacet
  facet normal -0.896754 -0.44253 0
    outer loop
      vertex -11.7778 11.225 4.6
      vertex -11.6794 11.0256 0
      vertex -11.6794 11.0256 4.6
    endloop
  endfacet
  facet normal -0.98077 -0.195165 0
    outer loop
      vertex -11.5645 10.5969 0
      vertex -11.6079 10.815 4.6
      vertex -11.6079 10.815 0
    endloop
  endfacet
  facet normal -0.98077 -0.195165 0
    outer loop
      vertex -11.6079 10.815 4.6
      vertex -11.5645 10.5969 0
      vertex -11.5645 10.5969 4.6
    endloop
  endfacet
  facet normal -0.831566 -0.555426 0
    outer loop
      vertex -11.7778 11.225 0
      vertex -11.9013 11.4099 4.6
      vertex -11.9013 11.4099 0
    endloop
  endfacet
  facet normal -0.831566 -0.555426 0
    outer loop
      vertex -11.9013 11.4099 4.6
      vertex -11.7778 11.225 0
      vertex -11.7778 11.225 4.6
    endloop
  endfacet
  facet normal -0.321484 -0.946915 0
    outer loop
      vertex -12.81 12.0171 0
      vertex -12.5994 11.9456 4.6
      vertex -12.81 12.0171 4.6
    endloop
  endfacet
  facet normal -0.321484 -0.946915 -0
    outer loop
      vertex -12.5994 11.9456 4.6
      vertex -12.81 12.0171 0
      vertex -12.5994 11.9456 0
    endloop
  endfacet
  facet normal -0.44253 -0.896754 0
    outer loop
      vertex -12.5994 11.9456 0
      vertex -12.4 11.8472 4.6
      vertex -12.5994 11.9456 4.6
    endloop
  endfacet
  facet normal -0.44253 -0.896754 -0
    outer loop
      vertex -12.4 11.8472 4.6
      vertex -12.5994 11.9456 0
      vertex -12.4 11.8472 0
    endloop
  endfacet
  facet normal 0.946915 -0.321484 0
    outer loop
      vertex -14.8921 10.815 4.6
      vertex -14.8206 11.0256 0
      vertex -14.8206 11.0256 4.6
    endloop
  endfacet
  facet normal 0.946915 -0.321484 0
    outer loop
      vertex -14.8206 11.0256 0
      vertex -14.8921 10.815 4.6
      vertex -14.8921 10.815 0
    endloop
  endfacet
  facet normal 0.555426 -0.831566 0
    outer loop
      vertex -14.2849 11.7237 0
      vertex -14.1 11.8472 4.6
      vertex -14.2849 11.7237 4.6
    endloop
  endfacet
  facet normal 0.555426 -0.831566 0
    outer loop
      vertex -14.1 11.8472 4.6
      vertex -14.2849 11.7237 0
      vertex -14.1 11.8472 0
    endloop
  endfacet
  facet normal 0.195165 -0.98077 0
    outer loop
      vertex -13.69 12.0171 0
      vertex -13.4719 12.0605 4.6
      vertex -13.69 12.0171 4.6
    endloop
  endfacet
  facet normal 0.195165 -0.98077 0
    outer loop
      vertex -13.4719 12.0605 4.6
      vertex -13.69 12.0171 0
      vertex -13.4719 12.0605 0
    endloop
  endfacet
  facet normal -0.946915 -0.321484 0
    outer loop
      vertex -11.6079 10.815 0
      vertex -11.6794 11.0256 4.6
      vertex -11.6794 11.0256 0
    endloop
  endfacet
  facet normal -0.946915 -0.321484 0
    outer loop
      vertex -11.6794 11.0256 4.6
      vertex -11.6079 10.815 0
      vertex -11.6079 10.815 4.6
    endloop
  endfacet
  facet normal -0.751908 -0.659268 0
    outer loop
      vertex -11.9013 11.4099 0
      vertex -12.0479 11.5771 4.6
      vertex -12.0479 11.5771 0
    endloop
  endfacet
  facet normal -0.751908 -0.659268 0
    outer loop
      vertex -12.0479 11.5771 4.6
      vertex -11.9013 11.4099 0
      vertex -11.9013 11.4099 4.6
    endloop
  endfacet
  facet normal -0.195165 -0.98077 0
    outer loop
      vertex -13.0281 12.0605 0
      vertex -12.81 12.0171 4.6
      vertex -13.0281 12.0605 4.6
    endloop
  endfacet
  facet normal -0.195165 -0.98077 -0
    outer loop
      vertex -12.81 12.0171 4.6
      vertex -13.0281 12.0605 0
      vertex -12.81 12.0171 0
    endloop
  endfacet
  facet normal -0.0652057 -0.997872 0
    outer loop
      vertex -13.25 12.075 0
      vertex -13.0281 12.0605 4.6
      vertex -13.25 12.075 4.6
    endloop
  endfacet
  facet normal -0.0652057 -0.997872 -0
    outer loop
      vertex -13.0281 12.0605 4.6
      vertex -13.25 12.075 0
      vertex -13.0281 12.0605 0
    endloop
  endfacet
  facet normal -0.555426 -0.831566 0
    outer loop
      vertex -12.4 11.8472 0
      vertex -12.2151 11.7237 4.6
      vertex -12.4 11.8472 4.6
    endloop
  endfacet
  facet normal -0.555426 -0.831566 -0
    outer loop
      vertex -12.2151 11.7237 4.6
      vertex -12.4 11.8472 0
      vertex -12.2151 11.7237 0
    endloop
  endfacet
  facet normal 0.896754 -0.44253 0
    outer loop
      vertex -14.8206 11.0256 4.6
      vertex -14.7222 11.225 0
      vertex -14.7222 11.225 4.6
    endloop
  endfacet
  facet normal 0.896754 -0.44253 0
    outer loop
      vertex -14.7222 11.225 0
      vertex -14.8206 11.0256 4.6
      vertex -14.8206 11.0256 0
    endloop
  endfacet
  facet normal 0.831566 -0.555426 0
    outer loop
      vertex -14.7222 11.225 4.6
      vertex -14.5987 11.4099 0
      vertex -14.5987 11.4099 4.6
    endloop
  endfacet
  facet normal 0.831566 -0.555426 0
    outer loop
      vertex -14.5987 11.4099 0
      vertex -14.7222 11.225 4.6
      vertex -14.7222 11.225 0
    endloop
  endfacet
  facet normal 0.98077 -0.195165 0
    outer loop
      vertex -14.9355 10.5969 4.6
      vertex -14.8921 10.815 0
      vertex -14.8921 10.815 4.6
    endloop
  endfacet
  facet normal 0.98077 -0.195165 0
    outer loop
      vertex -14.8921 10.815 0
      vertex -14.9355 10.5969 4.6
      vertex -14.9355 10.5969 0
    endloop
  endfacet
  facet normal 0.997872 -0.0652057 0
    outer loop
      vertex -14.95 10.375 4.6
      vertex -14.9355 10.5969 0
      vertex -14.9355 10.5969 4.6
    endloop
  endfacet
  facet normal 0.997872 -0.0652057 0
    outer loop
      vertex -14.9355 10.5969 0
      vertex -14.95 10.375 4.6
      vertex -14.95 10.375 0
    endloop
  endfacet
  facet normal 0.997872 0.0652057 0
    outer loop
      vertex -14.9355 10.1531 4.6
      vertex -14.95 10.375 0
      vertex -14.95 10.375 4.6
    endloop
  endfacet
  facet normal 0.997872 0.0652057 0
    outer loop
      vertex -14.95 10.375 0
      vertex -14.9355 10.1531 4.6
      vertex -14.9355 10.1531 0
    endloop
  endfacet
  facet normal 0.659268 -0.751908 0
    outer loop
      vertex -14.4521 11.5771 0
      vertex -14.2849 11.7237 4.6
      vertex -14.4521 11.5771 4.6
    endloop
  endfacet
  facet normal 0.659268 -0.751908 0
    outer loop
      vertex -14.2849 11.7237 4.6
      vertex -14.4521 11.5771 0
      vertex -14.2849 11.7237 0
    endloop
  endfacet
  facet normal 0.321484 -0.946915 0
    outer loop
      vertex -13.9006 11.9456 0
      vertex -13.69 12.0171 4.6
      vertex -13.9006 11.9456 4.6
    endloop
  endfacet
  facet normal 0.321484 -0.946915 0
    outer loop
      vertex -13.69 12.0171 4.6
      vertex -13.9006 11.9456 0
      vertex -13.69 12.0171 0
    endloop
  endfacet
  facet normal -0.997872 0.0652057 0
    outer loop
      vertex -11.5645 10.1531 0
      vertex -11.55 10.375 4.6
      vertex -11.55 10.375 0
    endloop
  endfacet
  facet normal -0.997872 0.0652057 0
    outer loop
      vertex -11.55 10.375 4.6
      vertex -11.5645 10.1531 0
      vertex -11.5645 10.1531 4.6
    endloop
  endfacet
  facet normal -0.946901 0.321525 0
    outer loop
      vertex -11.6794 9.72444 0
      vertex -11.6079 9.93501 4.6
      vertex -11.6079 9.93501 0
    endloop
  endfacet
  facet normal -0.946901 0.321525 0
    outer loop
      vertex -11.6079 9.93501 4.6
      vertex -11.6794 9.72444 0
      vertex -11.6794 9.72444 4.6
    endloop
  endfacet
  facet normal -0.980769 0.195173 0
    outer loop
      vertex -11.6079 9.93501 0
      vertex -11.5645 10.1531 4.6
      vertex -11.5645 10.1531 0
    endloop
  endfacet
  facet normal -0.980769 0.195173 0
    outer loop
      vertex -11.5645 10.1531 4.6
      vertex -11.6079 9.93501 0
      vertex -11.6079 9.93501 4.6
    endloop
  endfacet
  facet normal 0.555551 0.831483 -0
    outer loop
      vertex -14.1 8.90276 0
      vertex -14.2849 9.0263 4.6
      vertex -14.1 8.90276 4.6
    endloop
  endfacet
  facet normal 0.555551 0.831483 0
    outer loop
      vertex -14.2849 9.0263 4.6
      vertex -14.1 8.90276 0
      vertex -14.2849 9.0263 0
    endloop
  endfacet
  facet normal 0.831552 0.555447 0
    outer loop
      vertex -14.5987 9.34011 4.6
      vertex -14.7222 9.525 0
      vertex -14.7222 9.525 4.6
    endloop
  endfacet
  facet normal 0.831552 0.555447 0
    outer loop
      vertex -14.7222 9.525 0
      vertex -14.5987 9.34011 4.6
      vertex -14.5987 9.34011 0
    endloop
  endfacet
  facet normal 0.751888 0.659291 0
    outer loop
      vertex -14.4521 9.17292 4.6
      vertex -14.5987 9.34011 0
      vertex -14.5987 9.34011 4.6
    endloop
  endfacet
  facet normal 0.751888 0.659291 0
    outer loop
      vertex -14.5987 9.34011 0
      vertex -14.4521 9.17292 4.6
      vertex -14.4521 9.17292 0
    endloop
  endfacet
  facet normal 0.980769 0.195173 0
    outer loop
      vertex -14.8921 9.93501 4.6
      vertex -14.9355 10.1531 0
      vertex -14.9355 10.1531 4.6
    endloop
  endfacet
  facet normal 0.980769 0.195173 0
    outer loop
      vertex -14.9355 10.1531 0
      vertex -14.8921 9.93501 4.6
      vertex -14.8921 9.93501 0
    endloop
  endfacet
  facet normal -0.555551 0.831483 0
    outer loop
      vertex -12.2151 9.0263 0
      vertex -12.4 8.90276 4.6
      vertex -12.2151 9.0263 4.6
    endloop
  endfacet
  facet normal -0.555551 0.831483 0
    outer loop
      vertex -12.4 8.90276 4.6
      vertex -12.2151 9.0263 0
      vertex -12.4 8.90276 0
    endloop
  endfacet
  facet normal 0.195122 0.980779 -0
    outer loop
      vertex -13.4719 8.68954 0
      vertex -13.69 8.73293 4.6
      vertex -13.4719 8.68954 4.6
    endloop
  endfacet
  facet normal 0.195122 0.980779 0
    outer loop
      vertex -13.69 8.73293 4.6
      vertex -13.4719 8.68954 0
      vertex -13.69 8.73293 0
    endloop
  endfacet
  facet normal 0.659319 0.751863 -0
    outer loop
      vertex -14.2849 9.0263 0
      vertex -14.4521 9.17292 4.6
      vertex -14.2849 9.0263 4.6
    endloop
  endfacet
  facet normal 0.659319 0.751863 0
    outer loop
      vertex -14.4521 9.17292 4.6
      vertex -14.2849 9.0263 0
      vertex -14.4521 9.17292 0
    endloop
  endfacet
  facet normal 0.946901 0.321525 0
    outer loop
      vertex -14.8206 9.72444 4.6
      vertex -14.8921 9.93501 0
      vertex -14.8921 9.93501 4.6
    endloop
  endfacet
  facet normal 0.946901 0.321525 0
    outer loop
      vertex -14.8921 9.93501 0
      vertex -14.8206 9.72444 4.6
      vertex -14.8206 9.72444 0
    endloop
  endfacet
  facet normal 0.896789 0.442459 0
    outer loop
      vertex -14.7222 9.525 4.6
      vertex -14.8206 9.72444 0
      vertex -14.8206 9.72444 4.6
    endloop
  endfacet
  facet normal 0.896789 0.442459 0
    outer loop
      vertex -14.8206 9.72444 0
      vertex -14.7222 9.525 4.6
      vertex -14.7222 9.525 0
    endloop
  endfacet
  facet normal -0.659319 0.751863 0
    outer loop
      vertex -12.0479 9.17292 0
      vertex -12.2151 9.0263 4.6
      vertex -12.0479 9.17292 4.6
    endloop
  endfacet
  facet normal -0.659319 0.751863 0
    outer loop
      vertex -12.2151 9.0263 4.6
      vertex -12.0479 9.17292 0
      vertex -12.2151 9.0263 0
    endloop
  endfacet
  facet normal -0.442386 0.896825 0
    outer loop
      vertex -12.4 8.90276 0
      vertex -12.5994 8.8044 4.6
      vertex -12.4 8.90276 4.6
    endloop
  endfacet
  facet normal -0.442386 0.896825 0
    outer loop
      vertex -12.5994 8.8044 4.6
      vertex -12.4 8.90276 0
      vertex -12.5994 8.8044 0
    endloop
  endfacet
  facet normal -0.321363 0.946956 0
    outer loop
      vertex -12.5994 8.8044 0
      vertex -12.81 8.73293 4.6
      vertex -12.5994 8.8044 4.6
    endloop
  endfacet
  facet normal -0.321363 0.946956 0
    outer loop
      vertex -12.81 8.73293 4.6
      vertex -12.5994 8.8044 0
      vertex -12.81 8.73293 0
    endloop
  endfacet
  facet normal -0.195122 0.980779 0
    outer loop
      vertex -12.81 8.73293 0
      vertex -13.0281 8.68954 4.6
      vertex -12.81 8.73293 4.6
    endloop
  endfacet
  facet normal -0.195122 0.980779 0
    outer loop
      vertex -13.0281 8.68954 4.6
      vertex -12.81 8.73293 0
      vertex -13.0281 8.68954 0
    endloop
  endfacet
  facet normal -0.896789 0.442459 0
    outer loop
      vertex -11.7778 9.525 0
      vertex -11.6794 9.72444 4.6
      vertex -11.6794 9.72444 0
    endloop
  endfacet
  facet normal -0.896789 0.442459 0
    outer loop
      vertex -11.6794 9.72444 4.6
      vertex -11.7778 9.525 0
      vertex -11.7778 9.525 4.6
    endloop
  endfacet
  facet normal -0.831552 0.555447 0
    outer loop
      vertex -11.9013 9.34011 0
      vertex -11.7778 9.525 4.6
      vertex -11.7778 9.525 0
    endloop
  endfacet
  facet normal -0.831552 0.555447 0
    outer loop
      vertex -11.7778 9.525 4.6
      vertex -11.9013 9.34011 0
      vertex -11.9013 9.34011 4.6
    endloop
  endfacet
  facet normal 0.321363 0.946956 -0
    outer loop
      vertex -13.69 8.73293 0
      vertex -13.9006 8.8044 4.6
      vertex -13.69 8.73293 4.6
    endloop
  endfacet
  facet normal 0.321363 0.946956 0
    outer loop
      vertex -13.9006 8.8044 4.6
      vertex -13.69 8.73293 0
      vertex -13.9006 8.8044 0
    endloop
  endfacet
  facet normal 0.0653848 0.99786 -0
    outer loop
      vertex -13.25 8.675 0
      vertex -13.4719 8.68954 4.6
      vertex -13.25 8.675 4.6
    endloop
  endfacet
  facet normal 0.0653848 0.99786 0
    outer loop
      vertex -13.4719 8.68954 4.6
      vertex -13.25 8.675 0
      vertex -13.4719 8.68954 0
    endloop
  endfacet
  facet normal 0.442386 0.896825 -0
    outer loop
      vertex -13.9006 8.8044 0
      vertex -14.1 8.90276 4.6
      vertex -13.9006 8.8044 4.6
    endloop
  endfacet
  facet normal 0.442386 0.896825 0
    outer loop
      vertex -14.1 8.90276 4.6
      vertex -13.9006 8.8044 0
      vertex -14.1 8.90276 0
    endloop
  endfacet
  facet normal -0.555551 -0.831483 0
    outer loop
      vertex 14.1 -8.90276 0
      vertex 14.2849 -9.0263 4.6
      vertex 14.1 -8.90276 4.6
    endloop
  endfacet
  facet normal -0.555551 -0.831483 -0
    outer loop
      vertex 14.2849 -9.0263 4.6
      vertex 14.1 -8.90276 0
      vertex 14.2849 -9.0263 0
    endloop
  endfacet
  facet normal 0.321484 0.946915 -0
    outer loop
      vertex 12.81 -12.0171 0
      vertex 12.5994 -11.9456 4.6
      vertex 12.81 -12.0171 4.6
    endloop
  endfacet
  facet normal 0.321484 0.946915 0
    outer loop
      vertex 12.5994 -11.9456 4.6
      vertex 12.81 -12.0171 0
      vertex 12.5994 -11.9456 0
    endloop
  endfacet
  facet normal 0.321363 -0.946956 0
    outer loop
      vertex 12.5994 -8.8044 0
      vertex 12.81 -8.73293 4.6
      vertex 12.5994 -8.8044 4.6
    endloop
  endfacet
  facet normal 0.321363 -0.946956 0
    outer loop
      vertex 12.81 -8.73293 4.6
      vertex 12.5994 -8.8044 0
      vertex 12.81 -8.73293 0
    endloop
  endfacet
  facet normal 0.896789 -0.442459 0
    outer loop
      vertex 11.6794 -9.72444 4.6
      vertex 11.7778 -9.525 0
      vertex 11.7778 -9.525 4.6
    endloop
  endfacet
  facet normal 0.896789 -0.442459 0
    outer loop
      vertex 11.7778 -9.525 0
      vertex 11.6794 -9.72444 4.6
      vertex 11.6794 -9.72444 0
    endloop
  endfacet
  facet normal 0.44253 0.896754 -0
    outer loop
      vertex 12.5994 -11.9456 0
      vertex 12.4 -11.8472 4.6
      vertex 12.5994 -11.9456 4.6
    endloop
  endfacet
  facet normal 0.44253 0.896754 0
    outer loop
      vertex 12.4 -11.8472 4.6
      vertex 12.5994 -11.9456 0
      vertex 12.4 -11.8472 0
    endloop
  endfacet
  facet normal -0.896789 -0.442459 0
    outer loop
      vertex 14.8206 -9.72444 0
      vertex 14.7222 -9.525 4.6
      vertex 14.7222 -9.525 0
    endloop
  endfacet
  facet normal -0.896789 -0.442459 0
    outer loop
      vertex 14.7222 -9.525 4.6
      vertex 14.8206 -9.72444 0
      vertex 14.8206 -9.72444 4.6
    endloop
  endfacet
  facet normal -0.980769 -0.195173 0
    outer loop
      vertex 14.9355 -10.1531 0
      vertex 14.8921 -9.93501 4.6
      vertex 14.8921 -9.93501 0
    endloop
  endfacet
  facet normal -0.980769 -0.195173 0
    outer loop
      vertex 14.8921 -9.93501 4.6
      vertex 14.9355 -10.1531 0
      vertex 14.9355 -10.1531 4.6
    endloop
  endfacet
  facet normal -0.831552 -0.555447 0
    outer loop
      vertex 14.7222 -9.525 0
      vertex 14.5987 -9.34011 4.6
      vertex 14.5987 -9.34011 0
    endloop
  endfacet
  facet normal -0.831552 -0.555447 0
    outer loop
      vertex 14.5987 -9.34011 4.6
      vertex 14.7222 -9.525 0
      vertex 14.7222 -9.525 4.6
    endloop
  endfacet
  facet normal -0.321363 -0.946956 0
    outer loop
      vertex 13.69 -8.73293 0
      vertex 13.9006 -8.8044 4.6
      vertex 13.69 -8.73293 4.6
    endloop
  endfacet
  facet normal -0.321363 -0.946956 -0
    outer loop
      vertex 13.9006 -8.8044 4.6
      vertex 13.69 -8.73293 0
      vertex 13.9006 -8.8044 0
    endloop
  endfacet
  facet normal -0.0653848 -0.99786 0
    outer loop
      vertex 13.25 -8.675 0
      vertex 13.4719 -8.68954 4.6
      vertex 13.25 -8.675 4.6
    endloop
  endfacet
  facet normal -0.0653848 -0.99786 -0
    outer loop
      vertex 13.4719 -8.68954 4.6
      vertex 13.25 -8.675 0
      vertex 13.4719 -8.68954 0
    endloop
  endfacet
  facet normal -0.195122 -0.980779 0
    outer loop
      vertex 13.4719 -8.68954 0
      vertex 13.69 -8.73293 4.6
      vertex 13.4719 -8.68954 4.6
    endloop
  endfacet
  facet normal -0.195122 -0.980779 -0
    outer loop
      vertex 13.69 -8.73293 4.6
      vertex 13.4719 -8.68954 0
      vertex 13.69 -8.73293 0
    endloop
  endfacet
  facet normal 0.980769 -0.195173 0
    outer loop
      vertex 11.5645 -10.1531 4.6
      vertex 11.6079 -9.93501 0
      vertex 11.6079 -9.93501 4.6
    endloop
  endfacet
  facet normal 0.980769 -0.195173 0
    outer loop
      vertex 11.6079 -9.93501 0
      vertex 11.5645 -10.1531 4.6
      vertex 11.5645 -10.1531 0
    endloop
  endfacet
  facet normal 0.751888 -0.659291 0
    outer loop
      vertex 11.9013 -9.34011 4.6
      vertex 12.0479 -9.17292 0
      vertex 12.0479 -9.17292 4.6
    endloop
  endfacet
  facet normal 0.751888 -0.659291 0
    outer loop
      vertex 12.0479 -9.17292 0
      vertex 11.9013 -9.34011 4.6
      vertex 11.9013 -9.34011 0
    endloop
  endfacet
  facet normal 0.195122 -0.980779 0
    outer loop
      vertex 12.81 -8.73293 0
      vertex 13.0281 -8.68954 4.6
      vertex 12.81 -8.73293 4.6
    endloop
  endfacet
  facet normal 0.195122 -0.980779 0
    outer loop
      vertex 13.0281 -8.68954 4.6
      vertex 12.81 -8.73293 0
      vertex 13.0281 -8.68954 0
    endloop
  endfacet
  facet normal 0.659319 -0.751863 0
    outer loop
      vertex 12.0479 -9.17292 0
      vertex 12.2151 -9.0263 4.6
      vertex 12.0479 -9.17292 4.6
    endloop
  endfacet
  facet normal 0.659319 -0.751863 0
    outer loop
      vertex 12.2151 -9.0263 4.6
      vertex 12.0479 -9.17292 0
      vertex 12.2151 -9.0263 0
    endloop
  endfacet
  facet normal -0.997872 -0.0652057 0
    outer loop
      vertex 14.95 -10.375 0
      vertex 14.9355 -10.1531 4.6
      vertex 14.9355 -10.1531 0
    endloop
  endfacet
  facet normal -0.997872 -0.0652057 0
    outer loop
      vertex 14.9355 -10.1531 4.6
      vertex 14.95 -10.375 0
      vertex 14.95 -10.375 4.6
    endloop
  endfacet
  facet normal -0.321484 0.946915 0
    outer loop
      vertex 13.9006 -11.9456 0
      vertex 13.69 -12.0171 4.6
      vertex 13.9006 -11.9456 4.6
    endloop
  endfacet
  facet normal -0.321484 0.946915 0
    outer loop
      vertex 13.69 -12.0171 4.6
      vertex 13.9006 -11.9456 0
      vertex 13.69 -12.0171 0
    endloop
  endfacet
  facet normal -0.831566 0.555426 0
    outer loop
      vertex 14.5987 -11.4099 0
      vertex 14.7222 -11.225 4.6
      vertex 14.7222 -11.225 0
    endloop
  endfacet
  facet normal -0.831566 0.555426 0
    outer loop
      vertex 14.7222 -11.225 4.6
      vertex 14.5987 -11.4099 0
      vertex 14.5987 -11.4099 4.6
    endloop
  endfacet
  facet normal 0.195165 0.98077 -0
    outer loop
      vertex 13.0281 -12.0605 0
      vertex 12.81 -12.0171 4.6
      vertex 13.0281 -12.0605 4.6
    endloop
  endfacet
  facet normal 0.195165 0.98077 0
    outer loop
      vertex 12.81 -12.0171 4.6
      vertex 13.0281 -12.0605 0
      vertex 12.81 -12.0171 0
    endloop
  endfacet
  facet normal 0.659268 0.751908 -0
    outer loop
      vertex 12.2151 -11.7237 0
      vertex 12.0479 -11.5771 4.6
      vertex 12.2151 -11.7237 4.6
    endloop
  endfacet
  facet normal 0.659268 0.751908 0
    outer loop
      vertex 12.0479 -11.5771 4.6
      vertex 12.2151 -11.7237 0
      vertex 12.0479 -11.5771 0
    endloop
  endfacet
  facet normal -0.946901 -0.321525 0
    outer loop
      vertex 14.8921 -9.93501 0
      vertex 14.8206 -9.72444 4.6
      vertex 14.8206 -9.72444 0
    endloop
  endfacet
  facet normal -0.946901 -0.321525 0
    outer loop
      vertex 14.8206 -9.72444 4.6
      vertex 14.8921 -9.93501 0
      vertex 14.8921 -9.93501 4.6
    endloop
  endfacet
  facet normal -0.751888 -0.659291 0
    outer loop
      vertex 14.5987 -9.34011 0
      vertex 14.4521 -9.17292 4.6
      vertex 14.4521 -9.17292 0
    endloop
  endfacet
  facet normal -0.751888 -0.659291 0
    outer loop
      vertex 14.4521 -9.17292 4.6
      vertex 14.5987 -9.34011 0
      vertex 14.5987 -9.34011 4.6
    endloop
  endfacet
  facet normal -0.659319 -0.751863 0
    outer loop
      vertex 14.2849 -9.0263 0
      vertex 14.4521 -9.17292 4.6
      vertex 14.2849 -9.0263 4.6
    endloop
  endfacet
  facet normal -0.659319 -0.751863 -0
    outer loop
      vertex 14.4521 -9.17292 4.6
      vertex 14.2849 -9.0263 0
      vertex 14.4521 -9.17292 0
    endloop
  endfacet
  facet normal -0.442386 -0.896825 0
    outer loop
      vertex 13.9006 -8.8044 0
      vertex 14.1 -8.90276 4.6
      vertex 13.9006 -8.8044 4.6
    endloop
  endfacet
  facet normal -0.442386 -0.896825 -0
    outer loop
      vertex 14.1 -8.90276 4.6
      vertex 13.9006 -8.8044 0
      vertex 14.1 -8.90276 0
    endloop
  endfacet
  facet normal 0.997872 -0.0652057 0
    outer loop
      vertex 11.55 -10.375 4.6
      vertex 11.5645 -10.1531 0
      vertex 11.5645 -10.1531 4.6
    endloop
  endfacet
  facet normal 0.997872 -0.0652057 0
    outer loop
      vertex 11.5645 -10.1531 0
      vertex 11.55 -10.375 4.6
      vertex 11.55 -10.375 0
    endloop
  endfacet
  facet normal 0.946901 -0.321525 0
    outer loop
      vertex 11.6079 -9.93501 4.6
      vertex 11.6794 -9.72444 0
      vertex 11.6794 -9.72444 4.6
    endloop
  endfacet
  facet normal 0.946901 -0.321525 0
    outer loop
      vertex 11.6794 -9.72444 0
      vertex 11.6079 -9.93501 4.6
      vertex 11.6079 -9.93501 0
    endloop
  endfacet
  facet normal 0.831552 -0.555447 0
    outer loop
      vertex 11.7778 -9.525 4.6
      vertex 11.9013 -9.34011 0
      vertex 11.9013 -9.34011 4.6
    endloop
  endfacet
  facet normal 0.831552 -0.555447 0
    outer loop
      vertex 11.9013 -9.34011 0
      vertex 11.7778 -9.525 4.6
      vertex 11.7778 -9.525 0
    endloop
  endfacet
  facet normal 0.0653848 -0.99786 0
    outer loop
      vertex 13.0281 -8.68954 0
      vertex 13.25 -8.675 4.6
      vertex 13.0281 -8.68954 4.6
    endloop
  endfacet
  facet normal 0.0653848 -0.99786 0
    outer loop
      vertex 13.25 -8.675 4.6
      vertex 13.0281 -8.68954 0
      vertex 13.25 -8.675 0
    endloop
  endfacet
  facet normal 0.555551 -0.831483 0
    outer loop
      vertex 12.2151 -9.0263 0
      vertex 12.4 -8.90276 4.6
      vertex 12.2151 -9.0263 4.6
    endloop
  endfacet
  facet normal 0.555551 -0.831483 0
    outer loop
      vertex 12.4 -8.90276 4.6
      vertex 12.2151 -9.0263 0
      vertex 12.4 -8.90276 0
    endloop
  endfacet
  facet normal 0.442386 -0.896825 0
    outer loop
      vertex 12.4 -8.90276 0
      vertex 12.5994 -8.8044 4.6
      vertex 12.4 -8.90276 4.6
    endloop
  endfacet
  facet normal 0.442386 -0.896825 0
    outer loop
      vertex 12.5994 -8.8044 4.6
      vertex 12.4 -8.90276 0
      vertex 12.5994 -8.8044 0
    endloop
  endfacet
  facet normal -0.98077 0.195165 0
    outer loop
      vertex 14.8921 -10.815 0
      vertex 14.9355 -10.5969 4.6
      vertex 14.9355 -10.5969 0
    endloop
  endfacet
  facet normal -0.98077 0.195165 0
    outer loop
      vertex 14.9355 -10.5969 4.6
      vertex 14.8921 -10.815 0
      vertex 14.8921 -10.815 4.6
    endloop
  endfacet
  facet normal -0.0652057 0.997872 0
    outer loop
      vertex 13.4719 -12.0605 0
      vertex 13.25 -12.075 4.6
      vertex 13.4719 -12.0605 4.6
    endloop
  endfacet
  facet normal -0.0652057 0.997872 0
    outer loop
      vertex 13.25 -12.075 4.6
      vertex 13.4719 -12.0605 0
      vertex 13.25 -12.075 0
    endloop
  endfacet
  facet normal -0.195165 0.98077 0
    outer loop
      vertex 13.69 -12.0171 0
      vertex 13.4719 -12.0605 4.6
      vertex 13.69 -12.0171 4.6
    endloop
  endfacet
  facet normal -0.195165 0.98077 0
    outer loop
      vertex 13.4719 -12.0605 4.6
      vertex 13.69 -12.0171 0
      vertex 13.4719 -12.0605 0
    endloop
  endfacet
  facet normal -0.659268 0.751908 0
    outer loop
      vertex 14.4521 -11.5771 0
      vertex 14.2849 -11.7237 4.6
      vertex 14.4521 -11.5771 4.6
    endloop
  endfacet
  facet normal -0.659268 0.751908 0
    outer loop
      vertex 14.2849 -11.7237 4.6
      vertex 14.4521 -11.5771 0
      vertex 14.2849 -11.7237 0
    endloop
  endfacet
  facet normal -0.44253 0.896754 0
    outer loop
      vertex 14.1 -11.8472 0
      vertex 13.9006 -11.9456 4.6
      vertex 14.1 -11.8472 4.6
    endloop
  endfacet
  facet normal -0.44253 0.896754 0
    outer loop
      vertex 13.9006 -11.9456 4.6
      vertex 14.1 -11.8472 0
      vertex 13.9006 -11.9456 0
    endloop
  endfacet
  facet normal -0.946915 0.321484 0
    outer loop
      vertex 14.8206 -11.0256 0
      vertex 14.8921 -10.815 4.6
      vertex 14.8921 -10.815 0
    endloop
  endfacet
  facet normal -0.946915 0.321484 0
    outer loop
      vertex 14.8921 -10.815 4.6
      vertex 14.8206 -11.0256 0
      vertex 14.8206 -11.0256 4.6
    endloop
  endfacet
  facet normal 0.0652057 0.997872 -0
    outer loop
      vertex 13.25 -12.075 0
      vertex 13.0281 -12.0605 4.6
      vertex 13.25 -12.075 4.6
    endloop
  endfacet
  facet normal 0.0652057 0.997872 0
    outer loop
      vertex 13.0281 -12.0605 4.6
      vertex 13.25 -12.075 0
      vertex 13.0281 -12.0605 0
    endloop
  endfacet
  facet normal 0.555426 0.831566 -0
    outer loop
      vertex 12.4 -11.8472 0
      vertex 12.2151 -11.7237 4.6
      vertex 12.4 -11.8472 4.6
    endloop
  endfacet
  facet normal 0.555426 0.831566 0
    outer loop
      vertex 12.2151 -11.7237 4.6
      vertex 12.4 -11.8472 0
      vertex 12.2151 -11.7237 0
    endloop
  endfacet
  facet normal 0.946915 0.321484 0
    outer loop
      vertex 11.6794 -11.0256 4.6
      vertex 11.6079 -10.815 0
      vertex 11.6079 -10.815 4.6
    endloop
  endfacet
  facet normal 0.946915 0.321484 0
    outer loop
      vertex 11.6079 -10.815 0
      vertex 11.6794 -11.0256 4.6
      vertex 11.6794 -11.0256 0
    endloop
  endfacet
  facet normal 0.997872 0.0652057 0
    outer loop
      vertex 11.5645 -10.5969 4.6
      vertex 11.55 -10.375 0
      vertex 11.55 -10.375 4.6
    endloop
  endfacet
  facet normal 0.997872 0.0652057 0
    outer loop
      vertex 11.55 -10.375 0
      vertex 11.5645 -10.5969 4.6
      vertex 11.5645 -10.5969 0
    endloop
  endfacet
  facet normal 0.751908 0.659268 0
    outer loop
      vertex 12.0479 -11.5771 4.6
      vertex 11.9013 -11.4099 0
      vertex 11.9013 -11.4099 4.6
    endloop
  endfacet
  facet normal 0.751908 0.659268 0
    outer loop
      vertex 11.9013 -11.4099 0
      vertex 12.0479 -11.5771 4.6
      vertex 12.0479 -11.5771 0
    endloop
  endfacet
  facet normal 0.896754 0.44253 0
    outer loop
      vertex 11.7778 -11.225 4.6
      vertex 11.6794 -11.0256 0
      vertex 11.6794 -11.0256 4.6
    endloop
  endfacet
  facet normal 0.896754 0.44253 0
    outer loop
      vertex 11.6794 -11.0256 0
      vertex 11.7778 -11.225 4.6
      vertex 11.7778 -11.225 0
    endloop
  endfacet
  facet normal -0.997872 0.0652057 0
    outer loop
      vertex 14.9355 -10.5969 0
      vertex 14.95 -10.375 4.6
      vertex 14.95 -10.375 0
    endloop
  endfacet
  facet normal -0.997872 0.0652057 0
    outer loop
      vertex 14.95 -10.375 4.6
      vertex 14.9355 -10.5969 0
      vertex 14.9355 -10.5969 4.6
    endloop
  endfacet
  facet normal -0.751908 0.659268 0
    outer loop
      vertex 14.4521 -11.5771 0
      vertex 14.5987 -11.4099 4.6
      vertex 14.5987 -11.4099 0
    endloop
  endfacet
  facet normal -0.751908 0.659268 0
    outer loop
      vertex 14.5987 -11.4099 4.6
      vertex 14.4521 -11.5771 0
      vertex 14.4521 -11.5771 4.6
    endloop
  endfacet
  facet normal -0.555426 0.831566 0
    outer loop
      vertex 14.2849 -11.7237 0
      vertex 14.1 -11.8472 4.6
      vertex 14.2849 -11.7237 4.6
    endloop
  endfacet
  facet normal -0.555426 0.831566 0
    outer loop
      vertex 14.1 -11.8472 4.6
      vertex 14.2849 -11.7237 0
      vertex 14.1 -11.8472 0
    endloop
  endfacet
  facet normal -0.896754 0.44253 0
    outer loop
      vertex 14.7222 -11.225 0
      vertex 14.8206 -11.0256 4.6
      vertex 14.8206 -11.0256 0
    endloop
  endfacet
  facet normal -0.896754 0.44253 0
    outer loop
      vertex 14.8206 -11.0256 4.6
      vertex 14.7222 -11.225 0
      vertex 14.7222 -11.225 4.6
    endloop
  endfacet
  facet normal 0.98077 0.195165 0
    outer loop
      vertex 11.6079 -10.815 4.6
      vertex 11.5645 -10.5969 0
      vertex 11.5645 -10.5969 4.6
    endloop
  endfacet
  facet normal 0.98077 0.195165 0
    outer loop
      vertex 11.5645 -10.5969 0
      vertex 11.6079 -10.815 4.6
      vertex 11.6079 -10.815 0
    endloop
  endfacet
  facet normal 0.831566 0.555426 0
    outer loop
      vertex 11.9013 -11.4099 4.6
      vertex 11.7778 -11.225 0
      vertex 11.7778 -11.225 4.6
    endloop
  endfacet
  facet normal 0.831566 0.555426 0
    outer loop
      vertex 11.7778 -11.225 0
      vertex 11.9013 -11.4099 4.6
      vertex 11.9013 -11.4099 0
    endloop
  endfacet
  facet normal -0.831566 -0.555426 0
    outer loop
      vertex 14.7222 11.225 0
      vertex 14.5987 11.4099 4.6
      vertex 14.5987 11.4099 0
    endloop
  endfacet
  facet normal -0.831566 -0.555426 0
    outer loop
      vertex 14.5987 11.4099 4.6
      vertex 14.7222 11.225 0
      vertex 14.7222 11.225 4.6
    endloop
  endfacet
  facet normal -0.321484 -0.946915 0
    outer loop
      vertex 13.69 12.0171 0
      vertex 13.9006 11.9456 4.6
      vertex 13.69 12.0171 4.6
    endloop
  endfacet
  facet normal -0.321484 -0.946915 -0
    outer loop
      vertex 13.9006 11.9456 4.6
      vertex 13.69 12.0171 0
      vertex 13.9006 11.9456 0
    endloop
  endfacet
  facet normal 0.44253 -0.896754 0
    outer loop
      vertex 12.4 11.8472 0
      vertex 12.5994 11.9456 4.6
      vertex 12.4 11.8472 4.6
    endloop
  endfacet
  facet normal 0.44253 -0.896754 0
    outer loop
      vertex 12.5994 11.9456 4.6
      vertex 12.4 11.8472 0
      vertex 12.5994 11.9456 0
    endloop
  endfacet
  facet normal 0.946915 -0.321484 0
    outer loop
      vertex 11.6079 10.815 4.6
      vertex 11.6794 11.0256 0
      vertex 11.6794 11.0256 4.6
    endloop
  endfacet
  facet normal 0.946915 -0.321484 0
    outer loop
      vertex 11.6794 11.0256 0
      vertex 11.6079 10.815 4.6
      vertex 11.6079 10.815 0
    endloop
  endfacet
  facet normal -0.997872 0.0652057 0
    outer loop
      vertex 14.9355 10.1531 0
      vertex 14.95 10.375 4.6
      vertex 14.95 10.375 0
    endloop
  endfacet
  facet normal -0.997872 0.0652057 0
    outer loop
      vertex 14.95 10.375 4.6
      vertex 14.9355 10.1531 0
      vertex 14.9355 10.1531 4.6
    endloop
  endfacet
  facet normal -0.442386 0.896825 0
    outer loop
      vertex 14.1 8.90276 0
      vertex 13.9006 8.8044 4.6
      vertex 14.1 8.90276 4.6
    endloop
  endfacet
  facet normal -0.442386 0.896825 0
    outer loop
      vertex 13.9006 8.8044 4.6
      vertex 14.1 8.90276 0
      vertex 13.9006 8.8044 0
    endloop
  endfacet
  facet normal 0.0652057 -0.997872 0
    outer loop
      vertex 13.0281 12.0605 0
      vertex 13.25 12.075 4.6
      vertex 13.0281 12.0605 4.6
    endloop
  endfacet
  facet normal 0.0652057 -0.997872 0
    outer loop
      vertex 13.25 12.075 4.6
      vertex 13.0281 12.0605 0
      vertex 13.25 12.075 0
    endloop
  endfacet
  facet normal 0.997872 -0.0652057 0
    outer loop
      vertex 11.55 10.375 4.6
      vertex 11.5645 10.5969 0
      vertex 11.5645 10.5969 4.6
    endloop
  endfacet
  facet normal 0.997872 -0.0652057 0
    outer loop
      vertex 11.5645 10.5969 0
      vertex 11.55 10.375 4.6
      vertex 11.55 10.375 0
    endloop
  endfacet
  facet normal 0.831566 -0.555426 0
    outer loop
      vertex 11.7778 11.225 4.6
      vertex 11.9013 11.4099 0
      vertex 11.9013 11.4099 4.6
    endloop
  endfacet
  facet normal 0.831566 -0.555426 0
    outer loop
      vertex 11.9013 11.4099 0
      vertex 11.7778 11.225 4.6
      vertex 11.7778 11.225 0
    endloop
  endfacet
  facet normal 0.555426 -0.831566 0
    outer loop
      vertex 12.2151 11.7237 0
      vertex 12.4 11.8472 4.6
      vertex 12.2151 11.7237 4.6
    endloop
  endfacet
  facet normal 0.555426 -0.831566 0
    outer loop
      vertex 12.4 11.8472 4.6
      vertex 12.2151 11.7237 0
      vertex 12.4 11.8472 0
    endloop
  endfacet
  facet normal 0.195165 -0.98077 0
    outer loop
      vertex 12.81 12.0171 0
      vertex 13.0281 12.0605 4.6
      vertex 12.81 12.0171 4.6
    endloop
  endfacet
  facet normal 0.195165 -0.98077 0
    outer loop
      vertex 13.0281 12.0605 4.6
      vertex 12.81 12.0171 0
      vertex 13.0281 12.0605 0
    endloop
  endfacet
  facet normal 0.659268 -0.751908 0
    outer loop
      vertex 12.0479 11.5771 0
      vertex 12.2151 11.7237 4.6
      vertex 12.0479 11.5771 4.6
    endloop
  endfacet
  facet normal 0.659268 -0.751908 0
    outer loop
      vertex 12.2151 11.7237 4.6
      vertex 12.0479 11.5771 0
      vertex 12.2151 11.7237 0
    endloop
  endfacet
  facet normal -0.997872 -0.0652057 0
    outer loop
      vertex 14.95 10.375 0
      vertex 14.9355 10.5969 4.6
      vertex 14.9355 10.5969 0
    endloop
  endfacet
  facet normal -0.997872 -0.0652057 0
    outer loop
      vertex 14.9355 10.5969 4.6
      vertex 14.95 10.375 0
      vertex 14.95 10.375 4.6
    endloop
  endfacet
  facet normal -0.555551 0.831483 0
    outer loop
      vertex 14.2849 9.0263 0
      vertex 14.1 8.90276 4.6
      vertex 14.2849 9.0263 4.6
    endloop
  endfacet
  facet normal -0.555551 0.831483 0
    outer loop
      vertex 14.1 8.90276 4.6
      vertex 14.2849 9.0263 0
      vertex 14.1 8.90276 0
    endloop
  endfacet
  facet normal -0.946901 0.321525 0
    outer loop
      vertex 14.8206 9.72444 0
      vertex 14.8921 9.93501 4.6
      vertex 14.8921 9.93501 0
    endloop
  endfacet
  facet normal -0.946901 0.321525 0
    outer loop
      vertex 14.8921 9.93501 4.6
      vertex 14.8206 9.72444 0
      vertex 14.8206 9.72444 4.6
    endloop
  endfacet
  facet normal -0.321363 0.946956 0
    outer loop
      vertex 13.9006 8.8044 0
      vertex 13.69 8.73293 4.6
      vertex 13.9006 8.8044 4.6
    endloop
  endfacet
  facet normal -0.321363 0.946956 0
    outer loop
      vertex 13.69 8.73293 4.6
      vertex 13.9006 8.8044 0
      vertex 13.69 8.73293 0
    endloop
  endfacet
  facet normal -0.659268 -0.751908 0
    outer loop
      vertex 14.2849 11.7237 0
      vertex 14.4521 11.5771 4.6
      vertex 14.2849 11.7237 4.6
    endloop
  endfacet
  facet normal -0.659268 -0.751908 -0
    outer loop
      vertex 14.4521 11.5771 4.6
      vertex 14.2849 11.7237 0
      vertex 14.4521 11.5771 0
    endloop
  endfacet
  facet normal -0.195165 -0.98077 0
    outer loop
      vertex 13.4719 12.0605 0
      vertex 13.69 12.0171 4.6
      vertex 13.4719 12.0605 4.6
    endloop
  endfacet
  facet normal -0.195165 -0.98077 -0
    outer loop
      vertex 13.69 12.0171 4.6
      vertex 13.4719 12.0605 0
      vertex 13.69 12.0171 0
    endloop
  endfacet
  facet normal -0.0652057 -0.997872 0
    outer loop
      vertex 13.25 12.075 0
      vertex 13.4719 12.0605 4.6
      vertex 13.25 12.075 4.6
    endloop
  endfacet
  facet normal -0.0652057 -0.997872 -0
    outer loop
      vertex 13.4719 12.0605 4.6
      vertex 13.25 12.075 0
      vertex 13.4719 12.0605 0
    endloop
  endfacet
  facet normal -0.555426 -0.831566 0
    outer loop
      vertex 14.1 11.8472 0
      vertex 14.2849 11.7237 4.6
      vertex 14.1 11.8472 4.6
    endloop
  endfacet
  facet normal -0.555426 -0.831566 -0
    outer loop
      vertex 14.2849 11.7237 4.6
      vertex 14.1 11.8472 0
      vertex 14.2849 11.7237 0
    endloop
  endfacet
  facet normal -0.44253 -0.896754 0
    outer loop
      vertex 13.9006 11.9456 0
      vertex 14.1 11.8472 4.6
      vertex 13.9006 11.9456 4.6
    endloop
  endfacet
  facet normal -0.44253 -0.896754 -0
    outer loop
      vertex 14.1 11.8472 4.6
      vertex 13.9006 11.9456 0
      vertex 14.1 11.8472 0
    endloop
  endfacet
  facet normal 0.997872 0.0652057 0
    outer loop
      vertex 11.5645 10.1531 4.6
      vertex 11.55 10.375 0
      vertex 11.55 10.375 4.6
    endloop
  endfacet
  facet normal 0.997872 0.0652057 0
    outer loop
      vertex 11.55 10.375 0
      vertex 11.5645 10.1531 4.6
      vertex 11.5645 10.1531 0
    endloop
  endfacet
  facet normal 0.98077 -0.195165 0
    outer loop
      vertex 11.5645 10.5969 4.6
      vertex 11.6079 10.815 0
      vertex 11.6079 10.815 4.6
    endloop
  endfacet
  facet normal 0.98077 -0.195165 0
    outer loop
      vertex 11.6079 10.815 0
      vertex 11.5645 10.5969 4.6
      vertex 11.5645 10.5969 0
    endloop
  endfacet
  facet normal 0.896754 -0.44253 0
    outer loop
      vertex 11.6794 11.0256 4.6
      vertex 11.7778 11.225 0
      vertex 11.7778 11.225 4.6
    endloop
  endfacet
  facet normal 0.896754 -0.44253 0
    outer loop
      vertex 11.7778 11.225 0
      vertex 11.6794 11.0256 4.6
      vertex 11.6794 11.0256 0
    endloop
  endfacet
  facet normal 0.321484 -0.946915 0
    outer loop
      vertex 12.5994 11.9456 0
      vertex 12.81 12.0171 4.6
      vertex 12.5994 11.9456 4.6
    endloop
  endfacet
  facet normal 0.321484 -0.946915 0
    outer loop
      vertex 12.81 12.0171 4.6
      vertex 12.5994 11.9456 0
      vertex 12.81 12.0171 0
    endloop
  endfacet
  facet normal 0.751908 -0.659268 0
    outer loop
      vertex 11.9013 11.4099 4.6
      vertex 12.0479 11.5771 0
      vertex 12.0479 11.5771 4.6
    endloop
  endfacet
  facet normal 0.751908 -0.659268 0
    outer loop
      vertex 12.0479 11.5771 0
      vertex 11.9013 11.4099 4.6
      vertex 11.9013 11.4099 0
    endloop
  endfacet
  facet normal -0.980769 0.195173 0
    outer loop
      vertex 14.8921 9.93501 0
      vertex 14.9355 10.1531 4.6
      vertex 14.9355 10.1531 0
    endloop
  endfacet
  facet normal -0.980769 0.195173 0
    outer loop
      vertex 14.9355 10.1531 4.6
      vertex 14.8921 9.93501 0
      vertex 14.8921 9.93501 4.6
    endloop
  endfacet
  facet normal -0.831552 0.555447 0
    outer loop
      vertex 14.5987 9.34011 0
      vertex 14.7222 9.525 4.6
      vertex 14.7222 9.525 0
    endloop
  endfacet
  facet normal -0.831552 0.555447 0
    outer loop
      vertex 14.7222 9.525 4.6
      vertex 14.5987 9.34011 0
      vertex 14.5987 9.34011 4.6
    endloop
  endfacet
  facet normal -0.896789 0.442459 0
    outer loop
      vertex 14.7222 9.525 0
      vertex 14.8206 9.72444 4.6
      vertex 14.8206 9.72444 0
    endloop
  endfacet
  facet normal -0.896789 0.442459 0
    outer loop
      vertex 14.8206 9.72444 4.6
      vertex 14.7222 9.525 0
      vertex 14.7222 9.525 4.6
    endloop
  endfacet
  facet normal 0.980769 0.195173 0
    outer loop
      vertex 11.6079 9.93501 4.6
      vertex 11.5645 10.1531 0
      vertex 11.5645 10.1531 4.6
    endloop
  endfacet
  facet normal 0.980769 0.195173 0
    outer loop
      vertex 11.5645 10.1531 0
      vertex 11.6079 9.93501 4.6
      vertex 11.6079 9.93501 0
    endloop
  endfacet
  facet normal 0.946901 0.321525 0
    outer loop
      vertex 11.6794 9.72444 4.6
      vertex 11.6079 9.93501 0
      vertex 11.6079 9.93501 4.6
    endloop
  endfacet
  facet normal 0.946901 0.321525 0
    outer loop
      vertex 11.6079 9.93501 0
      vertex 11.6794 9.72444 4.6
      vertex 11.6794 9.72444 0
    endloop
  endfacet
  facet normal 0.831552 0.555447 0
    outer loop
      vertex 11.9013 9.34011 4.6
      vertex 11.7778 9.525 0
      vertex 11.7778 9.525 4.6
    endloop
  endfacet
  facet normal 0.831552 0.555447 0
    outer loop
      vertex 11.7778 9.525 0
      vertex 11.9013 9.34011 4.6
      vertex 11.9013 9.34011 0
    endloop
  endfacet
  facet normal -0.195122 0.980779 0
    outer loop
      vertex 13.69 8.73293 0
      vertex 13.4719 8.68954 4.6
      vertex 13.69 8.73293 4.6
    endloop
  endfacet
  facet normal -0.195122 0.980779 0
    outer loop
      vertex 13.4719 8.68954 4.6
      vertex 13.69 8.73293 0
      vertex 13.4719 8.68954 0
    endloop
  endfacet
  facet normal -0.896754 -0.44253 0
    outer loop
      vertex 14.8206 11.0256 0
      vertex 14.7222 11.225 4.6
      vertex 14.7222 11.225 0
    endloop
  endfacet
  facet normal -0.896754 -0.44253 0
    outer loop
      vertex 14.7222 11.225 4.6
      vertex 14.8206 11.0256 0
      vertex 14.8206 11.0256 4.6
    endloop
  endfacet
  facet normal -0.946915 -0.321484 0
    outer loop
      vertex 14.8921 10.815 0
      vertex 14.8206 11.0256 4.6
      vertex 14.8206 11.0256 0
    endloop
  endfacet
  facet normal -0.946915 -0.321484 0
    outer loop
      vertex 14.8206 11.0256 4.6
      vertex 14.8921 10.815 0
      vertex 14.8921 10.815 4.6
    endloop
  endfacet
  facet normal -0.98077 -0.195165 0
    outer loop
      vertex 14.9355 10.5969 0
      vertex 14.8921 10.815 4.6
      vertex 14.8921 10.815 0
    endloop
  endfacet
  facet normal -0.98077 -0.195165 0
    outer loop
      vertex 14.8921 10.815 4.6
      vertex 14.9355 10.5969 0
      vertex 14.9355 10.5969 4.6
    endloop
  endfacet
  facet normal -0.751908 -0.659268 0
    outer loop
      vertex 14.5987 11.4099 0
      vertex 14.4521 11.5771 4.6
      vertex 14.4521 11.5771 0
    endloop
  endfacet
  facet normal -0.751908 -0.659268 0
    outer loop
      vertex 14.4521 11.5771 4.6
      vertex 14.5987 11.4099 0
      vertex 14.5987 11.4099 4.6
    endloop
  endfacet
  facet normal -0.0653848 0.99786 0
    outer loop
      vertex 13.4719 8.68954 0
      vertex 13.25 8.675 4.6
      vertex 13.4719 8.68954 4.6
    endloop
  endfacet
  facet normal -0.0653848 0.99786 0
    outer loop
      vertex 13.25 8.675 4.6
      vertex 13.4719 8.68954 0
      vertex 13.25 8.675 0
    endloop
  endfacet
  facet normal 0.321363 0.946956 -0
    outer loop
      vertex 12.81 8.73293 0
      vertex 12.5994 8.8044 4.6
      vertex 12.81 8.73293 4.6
    endloop
  endfacet
  facet normal 0.321363 0.946956 0
    outer loop
      vertex 12.5994 8.8044 4.6
      vertex 12.81 8.73293 0
      vertex 12.5994 8.8044 0
    endloop
  endfacet
  facet normal 0.896789 0.442459 0
    outer loop
      vertex 11.7778 9.525 4.6
      vertex 11.6794 9.72444 0
      vertex 11.6794 9.72444 4.6
    endloop
  endfacet
  facet normal 0.896789 0.442459 0
    outer loop
      vertex 11.6794 9.72444 0
      vertex 11.7778 9.525 4.6
      vertex 11.7778 9.525 0
    endloop
  endfacet
  facet normal -0.659319 0.751863 0
    outer loop
      vertex 14.4521 9.17292 0
      vertex 14.2849 9.0263 4.6
      vertex 14.4521 9.17292 4.6
    endloop
  endfacet
  facet normal -0.659319 0.751863 0
    outer loop
      vertex 14.2849 9.0263 4.6
      vertex 14.4521 9.17292 0
      vertex 14.2849 9.0263 0
    endloop
  endfacet
  facet normal -0.751888 0.659291 0
    outer loop
      vertex 14.4521 9.17292 0
      vertex 14.5987 9.34011 4.6
      vertex 14.5987 9.34011 0
    endloop
  endfacet
  facet normal -0.751888 0.659291 0
    outer loop
      vertex 14.5987 9.34011 4.6
      vertex 14.4521 9.17292 0
      vertex 14.4521 9.17292 4.6
    endloop
  endfacet
  facet normal 0.555551 0.831483 -0
    outer loop
      vertex 12.4 8.90276 0
      vertex 12.2151 9.0263 4.6
      vertex 12.4 8.90276 4.6
    endloop
  endfacet
  facet normal 0.555551 0.831483 0
    outer loop
      vertex 12.2151 9.0263 4.6
      vertex 12.4 8.90276 0
      vertex 12.2151 9.0263 0
    endloop
  endfacet
  facet normal 0.195122 0.980779 -0
    outer loop
      vertex 13.0281 8.68954 0
      vertex 12.81 8.73293 4.6
      vertex 13.0281 8.68954 4.6
    endloop
  endfacet
  facet normal 0.195122 0.980779 0
    outer loop
      vertex 12.81 8.73293 4.6
      vertex 13.0281 8.68954 0
      vertex 12.81 8.73293 0
    endloop
  endfacet
  facet normal 0.442386 0.896825 -0
    outer loop
      vertex 12.5994 8.8044 0
      vertex 12.4 8.90276 4.6
      vertex 12.5994 8.8044 4.6
    endloop
  endfacet
  facet normal 0.442386 0.896825 0
    outer loop
      vertex 12.4 8.90276 4.6
      vertex 12.5994 8.8044 0
      vertex 12.4 8.90276 0
    endloop
  endfacet
  facet normal 0.659319 0.751863 -0
    outer loop
      vertex 12.2151 9.0263 0
      vertex 12.0479 9.17292 4.6
      vertex 12.2151 9.0263 4.6
    endloop
  endfacet
  facet normal 0.659319 0.751863 0
    outer loop
      vertex 12.0479 9.17292 4.6
      vertex 12.2151 9.0263 0
      vertex 12.0479 9.17292 0
    endloop
  endfacet
  facet normal 0.751888 0.659291 0
    outer loop
      vertex 12.0479 9.17292 4.6
      vertex 11.9013 9.34011 0
      vertex 11.9013 9.34011 4.6
    endloop
  endfacet
  facet normal 0.751888 0.659291 0
    outer loop
      vertex 11.9013 9.34011 0
      vertex 12.0479 9.17292 4.6
      vertex 12.0479 9.17292 0
    endloop
  endfacet
  facet normal 0.0653848 0.99786 -0
    outer loop
      vertex 13.25 8.675 0
      vertex 13.0281 8.68954 4.6
      vertex 13.25 8.675 4.6
    endloop
  endfacet
  facet normal 0.0653848 0.99786 0
    outer loop
      vertex 13.0281 8.68954 4.6
      vertex 13.25 8.675 0
      vertex 13.0281 8.68954 0
    endloop
  endfacet
  facet normal 0.321039 -0.947066 0
    outer loop
      vertex 16.2588 -12.9659 3
      vertex 16.3827 -12.9239 4.6
      vertex 16.2588 -12.9659 4.6
    endloop
  endfacet
  facet normal 0.321039 -0.947066 0
    outer loop
      vertex 16.3827 -12.9239 4.6
      vertex 16.2588 -12.9659 3
      vertex 16.3827 -12.9239 3
    endloop
  endfacet
  facet normal 0.19494 -0.980815 0
    outer loop
      vertex 16.1305 -12.9914 3
      vertex 16.2588 -12.9659 4.6
      vertex 16.1305 -12.9914 4.6
    endloop
  endfacet
  facet normal 0.19494 -0.980815 0
    outer loop
      vertex 16.2588 -12.9659 4.6
      vertex 16.1305 -12.9914 3
      vertex 16.2588 -12.9659 3
    endloop
  endfacet
  facet normal -1 0 0
    outer loop
      vertex -17 12 3
      vertex -17 6.75 4.6
      vertex -17 12 4.6
    endloop
  endfacet
  facet normal -1 0 0
    outer loop
      vertex -17 6.75 4.6
      vertex -17 -5.75 4.6
      vertex -17 6.75 7.1
    endloop
  endfacet
  facet normal -1 0 0
    outer loop
      vertex -17 12 3
      vertex -17 -5.75 4.6
      vertex -17 6.75 4.6
    endloop
  endfacet
  facet normal -1 0 0
    outer loop
      vertex -17 -12 3
      vertex -17 -5.75 4.6
      vertex -17 12 3
    endloop
  endfacet
  facet normal -1 -0 0
    outer loop
      vertex -17 -5.75 4.6
      vertex -17 -12 3
      vertex -17 -12 4.6
    endloop
  endfacet
  facet normal -1 -0 0
    outer loop
      vertex -17 6.75 7.1
      vertex -17 -5.75 4.6
      vertex -17 -5.75 7.1
    endloop
  endfacet
  facet normal 0.0657577 -0.997836 0
    outer loop
      vertex 16 -13 3
      vertex 16.1305 -12.9914 4.6
      vertex 16 -13 4.6
    endloop
  endfacet
  facet normal 0.0657577 -0.997836 0
    outer loop
      vertex 16.1305 -12.9914 4.6
      vertex 16 -13 3
      vertex 16.1305 -12.9914 3
    endloop
  endfacet
  facet normal 0.555053 0.831815 -0
    outer loop
      vertex 16.6088 12.7934 3
      vertex 16.5 12.866 4.6
      vertex 16.6088 12.7934 4.6
    endloop
  endfacet
  facet normal 0.555053 0.831815 0
    outer loop
      vertex 16.5 12.866 4.6
      vertex 16.6088 12.7934 3
      vertex 16.5 12.866 3
    endloop
  endfacet
  facet normal -0.751486 0.659749 0
    outer loop
      vertex -16.7934 12.6088 3
      vertex -16.7071 12.7071 4.6
      vertex -16.7071 12.7071 3
    endloop
  endfacet
  facet normal -0.751486 0.659749 0
    outer loop
      vertex -16.7071 12.7071 4.6
      vertex -16.7934 12.6088 3
      vertex -16.7934 12.6088 4.6
    endloop
  endfacet
  facet normal 0 -1 0
    outer loop
      vertex -14.2092 -13 3
      vertex -16 -13 4.6
      vertex -16 -13 3
    endloop
  endfacet
  facet normal 0 -1 0
    outer loop
      vertex -12.2908 -13 3
      vertex -16 -13 4.6
      vertex -14.2092 -13 3
    endloop
  endfacet
  facet normal 0 -1 0
    outer loop
      vertex -16 -13 4.6
      vertex -12.2908 -13 3
      vertex 16 -13 4.6
    endloop
  endfacet
  facet normal 0 -1 0
    outer loop
      vertex 12.2908 -13 3
      vertex 16 -13 4.6
      vertex -12.2908 -13 3
    endloop
  endfacet
  facet normal 0 -1 0
    outer loop
      vertex 14.2092 -13 3
      vertex 16 -13 4.6
      vertex 12.2908 -13 3
    endloop
  endfacet
  facet normal 0 -1 -0
    outer loop
      vertex 16 -13 4.6
      vertex 14.2092 -13 3
      vertex 16 -13 3
    endloop
  endfacet
  facet normal -0.0657577 0.997836 0
    outer loop
      vertex -16 13 3
      vertex -16.1305 12.9914 4.6
      vertex -16 13 4.6
    endloop
  endfacet
  facet normal -0.0657577 0.997836 0
    outer loop
      vertex -16.1305 12.9914 4.6
      vertex -16 13 3
      vertex -16.1305 12.9914 3
    endloop
  endfacet
  facet normal 1 -0 0
    outer loop
      vertex 17 -12 4.6
      vertex 17 12 3
      vertex 17 12 4.6
    endloop
  endfacet
  facet normal 1 0 0
    outer loop
      vertex 17 12 3
      vertex 17 -12 4.6
      vertex 17 -12 3
    endloop
  endfacet
  facet normal 0.997836 0.0657577 0
    outer loop
      vertex 17 12 4.6
      vertex 16.9914 12.1305 3
      vertex 16.9914 12.1305 4.6
    endloop
  endfacet
  facet normal 0.997836 0.0657577 0
    outer loop
      vertex 16.9914 12.1305 3
      vertex 17 12 4.6
      vertex 17 12 3
    endloop
  endfacet
  facet normal -0.659749 -0.751486 0
    outer loop
      vertex -16.7071 -12.7071 3
      vertex -16.6088 -12.7934 4.6
      vertex -16.7071 -12.7071 4.6
    endloop
  endfacet
  facet normal -0.659749 -0.751486 -0
    outer loop
      vertex -16.6088 -12.7934 4.6
      vertex -16.7071 -12.7071 3
      vertex -16.6088 -12.7934 3
    endloop
  endfacet
  facet normal -0 0 1
    outer loop
      vertex -11.6794 9.72444 4.6
      vertex -4.75 8.25 4.6
      vertex -11.6079 9.93501 4.6
    endloop
  endfacet
  facet normal 0 0 1
    outer loop
      vertex -4.75 -8.25 4.6
      vertex -11.5645 -10.1531 4.6
      vertex -11.55 -10.375 4.6
    endloop
  endfacet
  facet normal -0 0 1
    outer loop
      vertex -11.7778 9.525 4.6
      vertex -4.75 8.25 4.6
      vertex -11.6794 9.72444 4.6
    endloop
  endfacet
  facet normal 0 0 1
    outer loop
      vertex -4.75 -8.25 4.6
      vertex -11.6079 -9.93501 4.6
      vertex -11.5645 -10.1531 4.6
    endloop
  endfacet
  facet normal -0 0 1
    outer loop
      vertex -11.9013 9.34011 4.6
      vertex -4.75 8.25 4.6
      vertex -11.7778 9.525 4.6
    endloop
  endfacet
  facet normal 0 0 1
    outer loop
      vertex -4.75 -8.25 4.6
      vertex -11.6794 -9.72444 4.6
      vertex -11.6079 -9.93501 4.6
    endloop
  endfacet
  facet normal -0 0 1
    outer loop
      vertex -12.0479 9.17292 4.6
      vertex -4.75 8.25 4.6
      vertex -11.9013 9.34011 4.6
    endloop
  endfacet
  facet normal 0 0 1
    outer loop
      vertex -4.75 -8.25 4.6
      vertex -11.7778 -9.525 4.6
      vertex -11.6794 -9.72444 4.6
    endloop
  endfacet
  facet normal -0 0 1
    outer loop
      vertex -12.2151 9.0263 4.6
      vertex -4.75 8.25 4.6
      vertex -12.0479 9.17292 4.6
    endloop
  endfacet
  facet normal 0 0 1
    outer loop
      vertex -4.75 -8.25 4.6
      vertex -11.9013 -9.34011 4.6
      vertex -11.7778 -9.525 4.6
    endloop
  endfacet
  facet normal -0 0 1
    outer loop
      vertex -12.4 8.90276 4.6
      vertex -4.75 8.25 4.6
      vertex -12.2151 9.0263 4.6
    endloop
  endfacet
  facet normal 0 0 1
    outer loop
      vertex -4.75 -8.25 4.6
      vertex -12.0479 -9.17292 4.6
      vertex -11.9013 -9.34011 4.6
    endloop
  endfacet
  facet normal 0 0 1
    outer loop
      vertex -14.5 -5.75 4.6
      vertex -4.75 8.25 4.6
      vertex -14.5 6.75 4.6
    endloop
  endfacet
  facet normal 0 -0 1
    outer loop
      vertex -12.2151 -9.0263 4.6
      vertex -4.75 -8.25 4.6
      vertex -14.5 -5.75 4.6
    endloop
  endfacet
  facet normal 0 0 1
    outer loop
      vertex -4.75 8.25 4.6
      vertex -12.4 8.90276 4.6
      vertex -14.5 6.75 4.6
    endloop
  endfacet
  facet normal 0 0 1
    outer loop
      vertex -4.75 -8.25 4.6
      vertex -12.2151 -9.0263 4.6
      vertex -12.0479 -9.17292 4.6
    endloop
  endfacet
  facet normal 0 0 1
    outer loop
      vertex -14.5 6.75 4.6
      vertex -12.4 8.90276 4.6
      vertex -12.5994 8.8044 4.6
    endloop
  endfacet
  facet normal 0 0 1
    outer loop
      vertex -12.2151 -9.0263 4.6
      vertex -14.5 -5.75 4.6
      vertex -12.4 -8.90276 4.6
    endloop
  endfacet
  facet normal 0 0 1
    outer loop
      vertex -14.5 6.75 4.6
      vertex -12.5994 8.8044 4.6
      vertex -12.81 8.73293 4.6
    endloop
  endfacet
  facet normal 0 0 1
    outer loop
      vertex -12.4 -8.90276 4.6
      vertex -14.5 -5.75 4.6
      vertex -12.5994 -8.8044 4.6
    endloop
  endfacet
  facet normal 0 0 1
    outer loop
      vertex -14.5 6.75 4.6
      vertex -12.81 8.73293 4.6
      vertex -13.0281 8.68954 4.6
    endloop
  endfacet
  facet normal 0 0 1
    outer loop
      vertex -12.5994 -8.8044 4.6
      vertex -14.5 -5.75 4.6
      vertex -12.81 -8.73293 4.6
    endloop
  endfacet
  facet normal 0 0 1
    outer loop
      vertex -14.5 6.75 4.6
      vertex -13.0281 8.68954 4.6
      vertex -13.25 8.675 4.6
    endloop
  endfacet
  facet normal 0 0 1
    outer loop
      vertex -12.81 -8.73293 4.6
      vertex -14.5 -5.75 4.6
      vertex -13.0281 -8.68954 4.6
    endloop
  endfacet
  facet normal 0 0 1
    outer loop
      vertex -14.5 6.75 4.6
      vertex -13.25 8.675 4.6
      vertex -13.4719 8.68954 4.6
    endloop
  endfacet
  facet normal 0 0 1
    outer loop
      vertex -13.0281 -8.68954 4.6
      vertex -14.5 -5.75 4.6
      vertex -13.25 -8.675 4.6
    endloop
  endfacet
  facet normal 0 0 1
    outer loop
      vertex -14.5 6.75 4.6
      vertex -13.4719 8.68954 4.6
      vertex -13.69 8.73293 4.6
    endloop
  endfacet
  facet normal 0 0 1
    outer loop
      vertex -13.25 -8.675 4.6
      vertex -14.5 -5.75 4.6
      vertex -13.4719 -8.68954 4.6
    endloop
  endfacet
  facet normal 0 0 1
    outer loop
      vertex -14.5 6.75 4.6
      vertex -13.69 8.73293 4.6
      vertex -13.9006 8.8044 4.6
    endloop
  endfacet
  facet normal 0 0 1
    outer loop
      vertex -13.4719 -8.68954 4.6
      vertex -14.5 -5.75 4.6
      vertex -13.69 -8.73293 4.6
    endloop
  endfacet
  facet normal 0 0 1
    outer loop
      vertex -14.5 6.75 4.6
      vertex -13.9006 8.8044 4.6
      vertex -14.1 8.90276 4.6
    endloop
  endfacet
  facet normal 0 0 1
    outer loop
      vertex -13.69 -8.73293 4.6
      vertex -14.5 -5.75 4.6
      vertex -13.9006 -8.8044 4.6
    endloop
  endfacet
  facet normal 0 0 1
    outer loop
      vertex -14.5 6.75 4.6
      vertex -14.1 8.90276 4.6
      vertex -14.2849 9.0263 4.6
    endloop
  endfacet
  facet normal 0 0 1
    outer loop
      vertex -4.75 8.25 4.6
      vertex -14.5 -5.75 4.6
      vertex -4.75 -8.25 4.6
    endloop
  endfacet
  facet normal 0 0 1
    outer loop
      vertex -14.5 6.75 4.6
      vertex -14.2849 9.0263 4.6
      vertex -14.4521 9.17292 4.6
    endloop
  endfacet
  facet normal 0 0 1
    outer loop
      vertex -13.9006 -8.8044 4.6
      vertex -14.5 -5.75 4.6
      vertex -14.1 -8.90276 4.6
    endloop
  endfacet
  facet normal 0 0 1
    outer loop
      vertex -14.1 -8.90276 4.6
      vertex -14.5 -5.75 4.6
      vertex -14.2849 -9.0263 4.6
    endloop
  endfacet
  facet normal 0 0 1
    outer loop
      vertex -17 6.75 4.6
      vertex -14.4521 9.17292 4.6
      vertex -14.5987 9.34011 4.6
    endloop
  endfacet
  facet normal 0 0 1
    outer loop
      vertex -17 6.75 4.6
      vertex -14.5987 9.34011 4.6
      vertex -14.7222 9.525 4.6
    endloop
  endfacet
  facet normal 0 0 1
    outer loop
      vertex -17 6.75 4.6
      vertex -14.7222 9.525 4.6
      vertex -14.8206 9.72444 4.6
    endloop
  endfacet
  facet normal 0 0 1
    outer loop
      vertex -17 6.75 4.6
      vertex -14.8206 9.72444 4.6
      vertex -14.8921 9.93501 4.6
    endloop
  endfacet
  facet normal 0 0 1
    outer loop
      vertex -17 12 4.6
      vertex -14.8921 9.93501 4.6
      vertex -14.9355 10.1531 4.6
    endloop
  endfacet
  facet normal 0 0 1
    outer loop
      vertex -14.9355 10.5969 4.6
      vertex -17 12 4.6
      vertex -14.95 10.375 4.6
    endloop
  endfacet
  facet normal 0 0 1
    outer loop
      vertex -14.95 10.375 4.6
      vertex -17 12 4.6
      vertex -14.9355 10.1531 4.6
    endloop
  endfacet
  facet normal 0 0 1
    outer loop
      vertex -17 12 4.6
      vertex -16 13 4.6
      vertex -16.1305 12.9914 4.6
    endloop
  endfacet
  facet normal 0 0 1
    outer loop
      vertex -17 12 4.6
      vertex -16.1305 12.9914 4.6
      vertex -16.2588 12.9659 4.6
    endloop
  endfacet
  facet normal 0 0 1
    outer loop
      vertex -17 12 4.6
      vertex -16.2588 12.9659 4.6
      vertex -16.3827 12.9239 4.6
    endloop
  endfacet
  facet normal 0 0 1
    outer loop
      vertex -17 12 4.6
      vertex -16.3827 12.9239 4.6
      vertex -16.5 12.866 4.6
    endloop
  endfacet
  facet normal 0 0 1
    outer loop
      vertex -17 12 4.6
      vertex -16.5 12.866 4.6
      vertex -16.6088 12.7934 4.6
    endloop
  endfacet
  facet normal 0 0 1
    outer loop
      vertex -17 12 4.6
      vertex -16.6088 12.7934 4.6
      vertex -16.7071 12.7071 4.6
    endloop
  endfacet
  facet normal 0 0 1
    outer loop
      vertex -17 12 4.6
      vertex -16.7071 12.7071 4.6
      vertex -16.7934 12.6088 4.6
    endloop
  endfacet
  facet normal 0 0 1
    outer loop
      vertex -17 12 4.6
      vertex -16.7934 12.6088 4.6
      vertex -16.866 12.5 4.6
    endloop
  endfacet
  facet normal 0 0 1
    outer loop
      vertex -17 12 4.6
      vertex -16.866 12.5 4.6
      vertex -16.9239 12.3827 4.6
    endloop
  endfacet
  facet normal 0 0 1
    outer loop
      vertex -17 12 4.6
      vertex -16.9239 12.3827 4.6
      vertex -16.9659 12.2588 4.6
    endloop
  endfacet
  facet normal 0 0 1
    outer loop
      vertex -17 12 4.6
      vertex -16.9659 12.2588 4.6
      vertex -16.9914 12.1305 4.6
    endloop
  endfacet
  facet normal 0 0 1
    outer loop
      vertex -14.8921 9.93501 4.6
      vertex -17 12 4.6
      vertex -17 6.75 4.6
    endloop
  endfacet
  facet normal 0 0 1
    outer loop
      vertex -14.4521 9.17292 4.6
      vertex -17 6.75 4.6
      vertex -14.5 6.75 4.6
    endloop
  endfacet
  facet normal -0 0 1
    outer loop
      vertex -17 -5.75 4.6
      vertex -14.2849 -9.0263 4.6
      vertex -14.5 -5.75 4.6
    endloop
  endfacet
  facet normal 0 0 1
    outer loop
      vertex -14.2849 -9.0263 4.6
      vertex -17 -5.75 4.6
      vertex -14.4521 -9.17292 4.6
    endloop
  endfacet
  facet normal 0 0 1
    outer loop
      vertex -14.4521 -9.17292 4.6
      vertex -17 -5.75 4.6
      vertex -14.5987 -9.34011 4.6
    endloop
  endfacet
  facet normal 0 0 1
    outer loop
      vertex -14.5987 -9.34011 4.6
      vertex -17 -5.75 4.6
      vertex -14.7222 -9.525 4.6
    endloop
  endfacet
  facet normal 0 0 1
    outer loop
      vertex -14.7222 -9.525 4.6
      vertex -17 -5.75 4.6
      vertex -14.8206 -9.72444 4.6
    endloop
  endfacet
  facet normal 0 0 1
    outer loop
      vertex -14.8206 -9.72444 4.6
      vertex -17 -5.75 4.6
      vertex -14.8921 -9.93501 4.6
    endloop
  endfacet
  facet normal 0 0 1
    outer loop
      vertex -17 -12 4.6
      vertex -14.95 -10.375 4.6
      vertex -14.9355 -10.1531 4.6
    endloop
  endfacet
  facet normal 0 0 1
    outer loop
      vertex -17 -12 4.6
      vertex -14.8921 -9.93501 4.6
      vertex -17 -5.75 4.6
    endloop
  endfacet
  facet normal 0 0 1
    outer loop
      vertex -14.95 -10.375 4.6
      vertex -17 -12 4.6
      vertex -16 -13 4.6
    endloop
  endfacet
  facet normal 0 0 1
    outer loop
      vertex -16 -13 4.6
      vertex -17 -12 4.6
      vertex -16.1305 -12.9914 4.6
    endloop
  endfacet
  facet normal 0 0 1
    outer loop
      vertex -16.1305 -12.9914 4.6
      vertex -17 -12 4.6
      vertex -16.2588 -12.9659 4.6
    endloop
  endfacet
  facet normal 0 0 1
    outer loop
      vertex -16.2588 -12.9659 4.6
      vertex -17 -12 4.6
      vertex -16.3827 -12.9239 4.6
    endloop
  endfacet
  facet normal 0 0 1
    outer loop
      vertex -16.3827 -12.9239 4.6
      vertex -17 -12 4.6
      vertex -16.5 -12.866 4.6
    endloop
  endfacet
  facet normal 0 0 1
    outer loop
      vertex -16.5 -12.866 4.6
      vertex -17 -12 4.6
      vertex -16.6088 -12.7934 4.6
    endloop
  endfacet
  facet normal 0 0 1
    outer loop
      vertex -16.6088 -12.7934 4.6
      vertex -17 -12 4.6
      vertex -16.7071 -12.7071 4.6
    endloop
  endfacet
  facet normal 0 0 1
    outer loop
      vertex -16.7071 -12.7071 4.6
      vertex -17 -12 4.6
      vertex -16.7934 -12.6088 4.6
    endloop
  endfacet
  facet normal 0 0 1
    outer loop
      vertex -16.7934 -12.6088 4.6
      vertex -17 -12 4.6
      vertex -16.866 -12.5 4.6
    endloop
  endfacet
  facet normal 0 0 1
    outer loop
      vertex -16.866 -12.5 4.6
      vertex -17 -12 4.6
      vertex -16.9239 -12.3827 4.6
    endloop
  endfacet
  facet normal 0 0 1
    outer loop
      vertex -16.9239 -12.3827 4.6
      vertex -17 -12 4.6
      vertex -16.9659 -12.2588 4.6
    endloop
  endfacet
  facet normal 0 0 1
    outer loop
      vertex -14.8921 -9.93501 4.6
      vertex -17 -12 4.6
      vertex -14.9355 -10.1531 4.6
    endloop
  endfacet
  facet normal 0 0 1
    outer loop
      vertex -16.9659 -12.2588 4.6
      vertex -17 -12 4.6
      vertex -16.9914 -12.1305 4.6
    endloop
  endfacet
  facet normal 0 0 1
    outer loop
      vertex 10.25 8.25 4.6
      vertex 11.7778 9.525 4.6
      vertex 11.6794 9.72444 4.6
    endloop
  endfacet
  facet normal 0 0 1
    outer loop
      vertex 10.25 8.25 4.6
      vertex 11.6794 9.72444 4.6
      vertex 11.6079 9.93501 4.6
    endloop
  endfacet
  facet normal 0 0 1
    outer loop
      vertex 10.25 8.25 4.6
      vertex 11.6079 9.93501 4.6
      vertex 11.5645 10.1531 4.6
    endloop
  endfacet
  facet normal 0 0 1
    outer loop
      vertex 10.25 12 4.6
      vertex 11.5645 10.1531 4.6
      vertex 11.55 10.375 4.6
    endloop
  endfacet
  facet normal 0 0 1
    outer loop
      vertex 10.25 8.25 4.6
      vertex 11.5645 10.1531 4.6
      vertex 10.25 12 4.6
    endloop
  endfacet
  facet normal 0 0 1
    outer loop
      vertex 11.7778 9.525 4.6
      vertex 10.25 8.25 4.6
      vertex 11.75 8.25 4.6
    endloop
  endfacet
  facet normal 0 0 1
    outer loop
      vertex 17 -12 4.6
      vertex 14.9355 -10.1531 4.6
      vertex 14.95 -10.375 4.6
    endloop
  endfacet
  facet normal 0 0 1
    outer loop
      vertex 17 -12 4.6
      vertex 14.8921 -9.93501 4.6
      vertex 14.9355 -10.1531 4.6
    endloop
  endfacet
  facet normal 0 0 1
    outer loop
      vertex 15.5 -6.75 4.6
      vertex 14.8206 -9.72444 4.6
      vertex 14.8921 -9.93501 4.6
    endloop
  endfacet
  facet normal 0 0 1
    outer loop
      vertex 15.5 -6.75 4.6
      vertex 14.7222 -9.525 4.6
      vertex 14.8206 -9.72444 4.6
    endloop
  endfacet
  facet normal 0 0 1
    outer loop
      vertex 15.5 -6.75 4.6
      vertex 14.5987 -9.34011 4.6
      vertex 14.7222 -9.525 4.6
    endloop
  endfacet
  facet normal 0 0 1
    outer loop
      vertex 15.5 -6.75 4.6
      vertex 14.4521 -9.17292 4.6
      vertex 14.5987 -9.34011 4.6
    endloop
  endfacet
  facet normal 0 0 1
    outer loop
      vertex 15.5 -6.75 4.6
      vertex 14.2849 -9.0263 4.6
      vertex 14.4521 -9.17292 4.6
    endloop
  endfacet
  facet normal 0 0 1
    outer loop
      vertex 15.5 -6.75 4.6
      vertex 14.1 -8.90276 4.6
      vertex 14.2849 -9.0263 4.6
    endloop
  endfacet
  facet normal 0 0 1
    outer loop
      vertex 15.5 -6.75 4.6
      vertex 13.9006 -8.8044 4.6
      vertex 14.1 -8.90276 4.6
    endloop
  endfacet
  facet normal 0 0 1
    outer loop
      vertex 15.5 -6.75 4.6
      vertex 13.69 -8.73293 4.6
      vertex 13.9006 -8.8044 4.6
    endloop
  endfacet
  facet normal 0 0 1
    outer loop
      vertex 15.5 -6.75 4.6
      vertex 13.4719 -8.68954 4.6
      vertex 13.69 -8.73293 4.6
    endloop
  endfacet
  facet normal -0 0 1
    outer loop
      vertex 11.75 -6.75 4.6
      vertex 13.4719 -8.68954 4.6
      vertex 15.5 -6.75 4.6
    endloop
  endfacet
  facet normal 0 0 1
    outer loop
      vertex 13.4719 -8.68954 4.6
      vertex 11.75 -6.75 4.6
      vertex 13.25 -8.675 4.6
    endloop
  endfacet
  facet normal 0 0 1
    outer loop
      vertex 13.25 -8.675 4.6
      vertex 11.75 -6.75 4.6
      vertex 13.0281 -8.68954 4.6
    endloop
  endfacet
  facet normal -0 0 1
    outer loop
      vertex 11.75 -8.25 4.6
      vertex 13.0281 -8.68954 4.6
      vertex 11.75 -6.75 4.6
    endloop
  endfacet
  facet normal 0 0 1
    outer loop
      vertex 13.0281 -8.68954 4.6
      vertex 11.75 -8.25 4.6
      vertex 12.81 -8.73293 4.6
    endloop
  endfacet
  facet normal 0 0 1
    outer loop
      vertex 12.81 -8.73293 4.6
      vertex 11.75 -8.25 4.6
      vertex 12.5994 -8.8044 4.6
    endloop
  endfacet
  facet normal 0 0 1
    outer loop
      vertex 12.5994 -8.8044 4.6
      vertex 11.75 -8.25 4.6
      vertex 12.4 -8.90276 4.6
    endloop
  endfacet
  facet normal 0 0 1
    outer loop
      vertex 12.4 -8.90276 4.6
      vertex 11.75 -8.25 4.6
      vertex 12.2151 -9.0263 4.6
    endloop
  endfacet
  facet normal 0 0 1
    outer loop
      vertex 12.2151 -9.0263 4.6
      vertex 11.75 -8.25 4.6
      vertex 12.0479 -9.17292 4.6
    endloop
  endfacet
  facet normal 0 0 1
    outer loop
      vertex 12.0479 -9.17292 4.6
      vertex 11.75 -8.25 4.6
      vertex 11.9013 -9.34011 4.6
    endloop
  endfacet
  facet normal 0 0 1
    outer loop
      vertex 11.9013 -9.34011 4.6
      vertex 11.75 -8.25 4.6
      vertex 11.7778 -9.525 4.6
    endloop
  endfacet
  facet normal 0 0 1
    outer loop
      vertex 11.75 -8.25 4.6
      vertex 11.6794 -9.72444 4.6
      vertex 11.7778 -9.525 4.6
    endloop
  endfacet
  facet normal 0 0 1
    outer loop
      vertex 11.75 -8.25 4.6
      vertex 11.6079 -9.93501 4.6
      vertex 11.6794 -9.72444 4.6
    endloop
  endfacet
  facet normal 0 0 1
    outer loop
      vertex 11.75 -8.25 4.6
      vertex 11.5645 -10.1531 4.6
      vertex 11.6079 -9.93501 4.6
    endloop
  endfacet
  facet normal 0 0 1
    outer loop
      vertex 11.5645 -10.1531 4.6
      vertex -4.75 -8.25 4.6
      vertex 11.55 -10.375 4.6
    endloop
  endfacet
  facet normal -0 0 1
    outer loop
      vertex -4.75 -8.25 4.6
      vertex 11.5645 -10.1531 4.6
      vertex 11.75 -8.25 4.6
    endloop
  endfacet
  facet normal 0 0 1
    outer loop
      vertex 16 13 4.6
      vertex 17 12 4.6
      vertex 16.9914 12.1305 4.6
    endloop
  endfacet
  facet normal 0 0 1
    outer loop
      vertex 17 12 4.6
      vertex 15.5 6.75 4.6
      vertex 17 -12 4.6
    endloop
  endfacet
  facet normal 0 0 1
    outer loop
      vertex 16 13 4.6
      vertex 16.9914 12.1305 4.6
      vertex 16.9659 12.2588 4.6
    endloop
  endfacet
  facet normal -0 0 1
    outer loop
      vertex 15.5 -6.75 4.6
      vertex 17 -12 4.6
      vertex 15.5 6.75 4.6
    endloop
  endfacet
  facet normal 0 0 1
    outer loop
      vertex 16 13 4.6
      vertex 16.9659 12.2588 4.6
      vertex 16.9239 12.3827 4.6
    endloop
  endfacet
  facet normal -0 0 1
    outer loop
      vertex 14.8921 -9.93501 4.6
      vertex 17 -12 4.6
      vertex 15.5 -6.75 4.6
    endloop
  endfacet
  facet normal 0 0 1
    outer loop
      vertex 16 13 4.6
      vertex 16.9239 12.3827 4.6
      vertex 16.866 12.5 4.6
    endloop
  endfacet
  facet normal -0 0 1
    outer loop
      vertex 14.9355 -10.5969 4.6
      vertex 17 -12 4.6
      vertex 14.95 -10.375 4.6
    endloop
  endfacet
  facet normal 0 0 1
    outer loop
      vertex 16 13 4.6
      vertex 16.866 12.5 4.6
      vertex 16.7934 12.6088 4.6
    endloop
  endfacet
  facet normal -0 0 1
    outer loop
      vertex 14.8921 -10.815 4.6
      vertex 17 -12 4.6
      vertex 14.9355 -10.5969 4.6
    endloop
  endfacet
  facet normal 0 0 1
    outer loop
      vertex 16 13 4.6
      vertex 16.7934 12.6088 4.6
      vertex 16.7071 12.7071 4.6
    endloop
  endfacet
  facet normal -0 0 1
    outer loop
      vertex 14.8206 -11.0256 4.6
      vertex 17 -12 4.6
      vertex 14.8921 -10.815 4.6
    endloop
  endfacet
  facet normal 0 0 1
    outer loop
      vertex 16 13 4.6
      vertex 16.7071 12.7071 4.6
      vertex 16.6088 12.7934 4.6
    endloop
  endfacet
  facet normal -0 0 1
    outer loop
      vertex 14.7222 -11.225 4.6
      vertex 17 -12 4.6
      vertex 14.8206 -11.0256 4.6
    endloop
  endfacet
  facet normal 0 0 1
    outer loop
      vertex 16 13 4.6
      vertex 16.6088 12.7934 4.6
      vertex 16.5 12.866 4.6
    endloop
  endfacet
  facet normal 0 -0 1
    outer loop
      vertex 16 -13 4.6
      vertex 17 -12 4.6
      vertex 14.7222 -11.225 4.6
    endloop
  endfacet
  facet normal 0 0 1
    outer loop
      vertex 16 13 4.6
      vertex 16.5 12.866 4.6
      vertex 16.3827 12.9239 4.6
    endloop
  endfacet
  facet normal 0 0 1
    outer loop
      vertex 17 -12 4.6
      vertex 16 -13 4.6
      vertex 16.9914 -12.1305 4.6
    endloop
  endfacet
  facet normal 0 0 1
    outer loop
      vertex 16 13 4.6
      vertex 16.3827 12.9239 4.6
      vertex 16.2588 12.9659 4.6
    endloop
  endfacet
  facet normal 0 0 1
    outer loop
      vertex 16.9914 -12.1305 4.6
      vertex 16 -13 4.6
      vertex 16.9659 -12.2588 4.6
    endloop
  endfacet
  facet normal 0 0 1
    outer loop
      vertex 16 13 4.6
      vertex 16.2588 12.9659 4.6
      vertex 16.1305 12.9914 4.6
    endloop
  endfacet
  facet normal 0 0 1
    outer loop
      vertex 16.9659 -12.2588 4.6
      vertex 16 -13 4.6
      vertex 16.9239 -12.3827 4.6
    endloop
  endfacet
  facet normal 0 0 1
    outer loop
      vertex 17 12 4.6
      vertex 16 13 4.6
      vertex 14.7222 11.225 4.6
    endloop
  endfacet
  facet normal 0 0 1
    outer loop
      vertex 16.9239 -12.3827 4.6
      vertex 16 -13 4.6
      vertex 16.866 -12.5 4.6
    endloop
  endfacet
  facet normal 0 0 1
    outer loop
      vertex 16.866 -12.5 4.6
      vertex 16 -13 4.6
      vertex 16.7934 -12.6088 4.6
    endloop
  endfacet
  facet normal 0 0 1
    outer loop
      vertex 17 12 4.6
      vertex 14.95 10.375 4.6
      vertex 14.9355 10.1531 4.6
    endloop
  endfacet
  facet normal 0 0 1
    outer loop
      vertex 17 12 4.6
      vertex 14.9355 10.5969 4.6
      vertex 14.95 10.375 4.6
    endloop
  endfacet
  facet normal 0 0 1
    outer loop
      vertex 17 12 4.6
      vertex 14.8921 10.815 4.6
      vertex 14.9355 10.5969 4.6
    endloop
  endfacet
  facet normal 0 0 1
    outer loop
      vertex 17 12 4.6
      vertex 14.8206 11.0256 4.6
      vertex 14.8921 10.815 4.6
    endloop
  endfacet
  facet normal 0 0 1
    outer loop
      vertex 17 12 4.6
      vertex 14.7222 11.225 4.6
      vertex 14.8206 11.0256 4.6
    endloop
  endfacet
  facet normal 0 0 1
    outer loop
      vertex 16 13 4.6
      vertex 14.5987 11.4099 4.6
      vertex 14.7222 11.225 4.6
    endloop
  endfacet
  facet normal 0 0 1
    outer loop
      vertex 16 13 4.6
      vertex 14.4521 11.5771 4.6
      vertex 14.5987 11.4099 4.6
    endloop
  endfacet
  facet normal 0 0 1
    outer loop
      vertex 16 13 4.6
      vertex 14.2849 11.7237 4.6
      vertex 14.4521 11.5771 4.6
    endloop
  endfacet
  facet normal 0 0 1
    outer loop
      vertex 16 13 4.6
      vertex 14.1 11.8472 4.6
      vertex 14.2849 11.7237 4.6
    endloop
  endfacet
  facet normal 0 0 1
    outer loop
      vertex 16 13 4.6
      vertex 13.9006 11.9456 4.6
      vertex 14.1 11.8472 4.6
    endloop
  endfacet
  facet normal 0 0 1
    outer loop
      vertex 16 13 4.6
      vertex 13.69 12.0171 4.6
      vertex 13.9006 11.9456 4.6
    endloop
  endfacet
  facet normal 0 0 1
    outer loop
      vertex 16 13 4.6
      vertex 13.4719 12.0605 4.6
      vertex 13.69 12.0171 4.6
    endloop
  endfacet
  facet normal 0 0 1
    outer loop
      vertex 16 13 4.6
      vertex 13.25 12.075 4.6
      vertex 13.4719 12.0605 4.6
    endloop
  endfacet
  facet normal 0 0 1
    outer loop
      vertex 16 13 4.6
      vertex 13.0281 12.0605 4.6
      vertex 13.25 12.075 4.6
    endloop
  endfacet
  facet normal 0 0 1
    outer loop
      vertex 10.25 12 4.6
      vertex 13.0281 12.0605 4.6
      vertex 16 13 4.6
    endloop
  endfacet
  facet normal 0 0 1
    outer loop
      vertex 11.5645 10.5969 4.6
      vertex 10.25 12 4.6
      vertex 11.55 10.375 4.6
    endloop
  endfacet
  facet normal 0 0 1
    outer loop
      vertex 11.6079 10.815 4.6
      vertex 10.25 12 4.6
      vertex 11.5645 10.5969 4.6
    endloop
  endfacet
  facet normal 0 0 1
    outer loop
      vertex 11.6794 11.0256 4.6
      vertex 10.25 12 4.6
      vertex 11.6079 10.815 4.6
    endloop
  endfacet
  facet normal 0 0 1
    outer loop
      vertex 11.7778 11.225 4.6
      vertex 10.25 12 4.6
      vertex 11.6794 11.0256 4.6
    endloop
  endfacet
  facet normal 0 0 1
    outer loop
      vertex 11.9013 11.4099 4.6
      vertex 10.25 12 4.6
      vertex 11.7778 11.225 4.6
    endloop
  endfacet
  facet normal 0 0 1
    outer loop
      vertex 12.0479 11.5771 4.6
      vertex 10.25 12 4.6
      vertex 11.9013 11.4099 4.6
    endloop
  endfacet
  facet normal 0 0 1
    outer loop
      vertex 12.2151 11.7237 4.6
      vertex 10.25 12 4.6
      vertex 12.0479 11.5771 4.6
    endloop
  endfacet
  facet normal 0 0 1
    outer loop
      vertex 12.4 11.8472 4.6
      vertex 10.25 12 4.6
      vertex 12.2151 11.7237 4.6
    endloop
  endfacet
  facet normal 0 0 1
    outer loop
      vertex 12.5994 11.9456 4.6
      vertex 10.25 12 4.6
      vertex 12.4 11.8472 4.6
    endloop
  endfacet
  facet normal 0 0 1
    outer loop
      vertex 12.81 12.0171 4.6
      vertex 10.25 12 4.6
      vertex 12.5994 11.9456 4.6
    endloop
  endfacet
  facet normal 0 0 1
    outer loop
      vertex 13.0281 12.0605 4.6
      vertex 10.25 12 4.6
      vertex 12.81 12.0171 4.6
    endloop
  endfacet
  facet normal 0 0 1
    outer loop
      vertex 16 13 4.6
      vertex -3.25 12 4.6
      vertex 10.25 12 4.6
    endloop
  endfacet
  facet normal 0 0 1
    outer loop
      vertex -3.25 12 4.6
      vertex -4.75 8.25 4.6
      vertex -3.25 8.25 4.6
    endloop
  endfacet
  facet normal -0 0 1
    outer loop
      vertex -11.5645 10.1531 4.6
      vertex -4.75 8.25 4.6
      vertex -11.55 10.375 4.6
    endloop
  endfacet
  facet normal -0 0 1
    outer loop
      vertex -11.5645 10.5969 4.6
      vertex -4.75 8.25 4.6
      vertex -3.25 12 4.6
    endloop
  endfacet
  facet normal 0 0 1
    outer loop
      vertex -4.75 8.25 4.6
      vertex -11.5645 10.5969 4.6
      vertex -11.55 10.375 4.6
    endloop
  endfacet
  facet normal 0 0 1
    outer loop
      vertex -3.25 12 4.6
      vertex -11.6079 10.815 4.6
      vertex -11.5645 10.5969 4.6
    endloop
  endfacet
  facet normal 0 0 1
    outer loop
      vertex -3.25 12 4.6
      vertex -11.6794 11.0256 4.6
      vertex -11.6079 10.815 4.6
    endloop
  endfacet
  facet normal 0 0 1
    outer loop
      vertex -3.25 12 4.6
      vertex -11.7778 11.225 4.6
      vertex -11.6794 11.0256 4.6
    endloop
  endfacet
  facet normal 0 0 1
    outer loop
      vertex -3.25 12 4.6
      vertex -11.9013 11.4099 4.6
      vertex -11.7778 11.225 4.6
    endloop
  endfacet
  facet normal 0 0 1
    outer loop
      vertex -3.25 12 4.6
      vertex -12.0479 11.5771 4.6
      vertex -11.9013 11.4099 4.6
    endloop
  endfacet
  facet normal -0 0 1
    outer loop
      vertex -16 13 4.6
      vertex -3.25 12 4.6
      vertex 16 13 4.6
    endloop
  endfacet
  facet normal 0 0 1
    outer loop
      vertex -3.25 12 4.6
      vertex -12.2151 11.7237 4.6
      vertex -12.0479 11.5771 4.6
    endloop
  endfacet
  facet normal 0 0 1
    outer loop
      vertex -3.25 12 4.6
      vertex -12.4 11.8472 4.6
      vertex -12.2151 11.7237 4.6
    endloop
  endfacet
  facet normal 0 0 1
    outer loop
      vertex -3.25 12 4.6
      vertex -12.5994 11.9456 4.6
      vertex -12.4 11.8472 4.6
    endloop
  endfacet
  facet normal 0 0 1
    outer loop
      vertex -3.25 12 4.6
      vertex -12.81 12.0171 4.6
      vertex -12.5994 11.9456 4.6
    endloop
  endfacet
  facet normal 0 0 1
    outer loop
      vertex -3.25 12 4.6
      vertex -16 13 4.6
      vertex -12.81 12.0171 4.6
    endloop
  endfacet
  facet normal 0 0 1
    outer loop
      vertex -12.81 12.0171 4.6
      vertex -16 13 4.6
      vertex -13.0281 12.0605 4.6
    endloop
  endfacet
  facet normal 0 0 1
    outer loop
      vertex -14.8921 10.815 4.6
      vertex -17 12 4.6
      vertex -14.9355 10.5969 4.6
    endloop
  endfacet
  facet normal 0 0 1
    outer loop
      vertex -14.8206 11.0256 4.6
      vertex -17 12 4.6
      vertex -14.8921 10.815 4.6
    endloop
  endfacet
  facet normal 0 0 1
    outer loop
      vertex -14.7222 11.225 4.6
      vertex -17 12 4.6
      vertex -14.8206 11.0256 4.6
    endloop
  endfacet
  facet normal -0 0 1
    outer loop
      vertex -17 12 4.6
      vertex -14.7222 11.225 4.6
      vertex -16 13 4.6
    endloop
  endfacet
  facet normal 0 0 1
    outer loop
      vertex -14.5987 11.4099 4.6
      vertex -16 13 4.6
      vertex -14.7222 11.225 4.6
    endloop
  endfacet
  facet normal 0 0 1
    outer loop
      vertex -14.4521 11.5771 4.6
      vertex -16 13 4.6
      vertex -14.5987 11.4099 4.6
    endloop
  endfacet
  facet normal 0 0 1
    outer loop
      vertex -14.2849 11.7237 4.6
      vertex -16 13 4.6
      vertex -14.4521 11.5771 4.6
    endloop
  endfacet
  facet normal 0 0 1
    outer loop
      vertex -14.1 11.8472 4.6
      vertex -16 13 4.6
      vertex -14.2849 11.7237 4.6
    endloop
  endfacet
  facet normal 0 0 1
    outer loop
      vertex -13.9006 11.9456 4.6
      vertex -16 13 4.6
      vertex -14.1 11.8472 4.6
    endloop
  endfacet
  facet normal 0 0 1
    outer loop
      vertex -13.69 12.0171 4.6
      vertex -16 13 4.6
      vertex -13.9006 11.9456 4.6
    endloop
  endfacet
  facet normal 0 0 1
    outer loop
      vertex -13.4719 12.0605 4.6
      vertex -16 13 4.6
      vertex -13.69 12.0171 4.6
    endloop
  endfacet
  facet normal 0 0 1
    outer loop
      vertex -13.25 12.075 4.6
      vertex -16 13 4.6
      vertex -13.4719 12.0605 4.6
    endloop
  endfacet
  facet normal 0 0 1
    outer loop
      vertex -13.0281 12.0605 4.6
      vertex -16 13 4.6
      vertex -13.25 12.075 4.6
    endloop
  endfacet
  facet normal 0 0 1
    outer loop
      vertex 16.7934 -12.6088 4.6
      vertex 16 -13 4.6
      vertex 16.7071 -12.7071 4.6
    endloop
  endfacet
  facet normal 0 0 1
    outer loop
      vertex 16.7071 -12.7071 4.6
      vertex 16 -13 4.6
      vertex 16.6088 -12.7934 4.6
    endloop
  endfacet
  facet normal 0 0 1
    outer loop
      vertex 16.5 -12.866 4.6
      vertex 16 -13 4.6
      vertex 16.3827 -12.9239 4.6
    endloop
  endfacet
  facet normal 0 0 1
    outer loop
      vertex 16.3827 -12.9239 4.6
      vertex 16 -13 4.6
      vertex 16.2588 -12.9659 4.6
    endloop
  endfacet
  facet normal 0 0 1
    outer loop
      vertex 16.2588 -12.9659 4.6
      vertex 16 -13 4.6
      vertex 16.1305 -12.9914 4.6
    endloop
  endfacet
  facet normal 0 0 1
    outer loop
      vertex 16.6088 -12.7934 4.6
      vertex 16 -13 4.6
      vertex 16.5 -12.866 4.6
    endloop
  endfacet
  facet normal -0 0 1
    outer loop
      vertex 14.5987 -11.4099 4.6
      vertex 16 -13 4.6
      vertex 14.7222 -11.225 4.6
    endloop
  endfacet
  facet normal -0 0 1
    outer loop
      vertex 14.4521 -11.5771 4.6
      vertex 16 -13 4.6
      vertex 14.5987 -11.4099 4.6
    endloop
  endfacet
  facet normal -0 0 1
    outer loop
      vertex 14.2849 -11.7237 4.6
      vertex 16 -13 4.6
      vertex 14.4521 -11.5771 4.6
    endloop
  endfacet
  facet normal -0 0 1
    outer loop
      vertex 14.1 -11.8472 4.6
      vertex 16 -13 4.6
      vertex 14.2849 -11.7237 4.6
    endloop
  endfacet
  facet normal -0 0 1
    outer loop
      vertex 13.9006 -11.9456 4.6
      vertex 16 -13 4.6
      vertex 14.1 -11.8472 4.6
    endloop
  endfacet
  facet normal -0 0 1
    outer loop
      vertex 13.69 -12.0171 4.6
      vertex 16 -13 4.6
      vertex 13.9006 -11.9456 4.6
    endloop
  endfacet
  facet normal -0 0 1
    outer loop
      vertex 13.4719 -12.0605 4.6
      vertex 16 -13 4.6
      vertex 13.69 -12.0171 4.6
    endloop
  endfacet
  facet normal -0 0 1
    outer loop
      vertex 13.25 -12.075 4.6
      vertex 16 -13 4.6
      vertex 13.4719 -12.0605 4.6
    endloop
  endfacet
  facet normal 0 0 1
    outer loop
      vertex 13.0281 -12.0605 4.6
      vertex 16 -13 4.6
      vertex 13.25 -12.075 4.6
    endloop
  endfacet
  facet normal 0 0 1
    outer loop
      vertex 12.81 -12.0171 4.6
      vertex 16 -13 4.6
      vertex 13.0281 -12.0605 4.6
    endloop
  endfacet
  facet normal 0 0 1
    outer loop
      vertex -4.75 -8.25 4.6
      vertex 11.5645 -10.5969 4.6
      vertex 11.55 -10.375 4.6
    endloop
  endfacet
  facet normal 0 0 1
    outer loop
      vertex -4.75 -8.25 4.6
      vertex 11.6079 -10.815 4.6
      vertex 11.5645 -10.5969 4.6
    endloop
  endfacet
  facet normal 0 0 1
    outer loop
      vertex -4.75 -8.25 4.6
      vertex 11.6794 -11.0256 4.6
      vertex 11.6079 -10.815 4.6
    endloop
  endfacet
  facet normal 0 0 1
    outer loop
      vertex -4.75 -8.25 4.6
      vertex 11.7778 -11.225 4.6
      vertex 11.6794 -11.0256 4.6
    endloop
  endfacet
  facet normal 0 0 1
    outer loop
      vertex -4.75 -8.25 4.6
      vertex 11.9013 -11.4099 4.6
      vertex 11.7778 -11.225 4.6
    endloop
  endfacet
  facet normal 0 0 1
    outer loop
      vertex -4.75 -8.25 4.6
      vertex 12.0479 -11.5771 4.6
      vertex 11.9013 -11.4099 4.6
    endloop
  endfacet
  facet normal 0 0 1
    outer loop
      vertex -4.75 -8.25 4.6
      vertex 12.2151 -11.7237 4.6
      vertex 12.0479 -11.5771 4.6
    endloop
  endfacet
  facet normal 0 0 1
    outer loop
      vertex -12.2151 -11.7237 4.6
      vertex 12.2151 -11.7237 4.6
      vertex -4.75 -8.25 4.6
    endloop
  endfacet
  facet normal 0 0 1
    outer loop
      vertex 12.2151 -11.7237 4.6
      vertex -12.2151 -11.7237 4.6
      vertex 12.4 -11.8472 4.6
    endloop
  endfacet
  facet normal 0 0 1
    outer loop
      vertex -12.4 -11.8472 4.6
      vertex 12.4 -11.8472 4.6
      vertex -12.2151 -11.7237 4.6
    endloop
  endfacet
  facet normal 0 0 1
    outer loop
      vertex 12.4 -11.8472 4.6
      vertex -12.4 -11.8472 4.6
      vertex 12.5994 -11.9456 4.6
    endloop
  endfacet
  facet normal -0 0 1
    outer loop
      vertex -11.6079 9.93501 4.6
      vertex -4.75 8.25 4.6
      vertex -11.5645 10.1531 4.6
    endloop
  endfacet
  facet normal 0 0 1
    outer loop
      vertex -11.5645 -10.5969 4.6
      vertex -4.75 -8.25 4.6
      vertex -11.55 -10.375 4.6
    endloop
  endfacet
  facet normal 0 0 1
    outer loop
      vertex -11.6079 -10.815 4.6
      vertex -4.75 -8.25 4.6
      vertex -11.5645 -10.5969 4.6
    endloop
  endfacet
  facet normal 0 0 1
    outer loop
      vertex -11.6794 -11.0256 4.6
      vertex -4.75 -8.25 4.6
      vertex -11.6079 -10.815 4.6
    endloop
  endfacet
  facet normal 0 0 1
    outer loop
      vertex -11.7778 -11.225 4.6
      vertex -4.75 -8.25 4.6
      vertex -11.6794 -11.0256 4.6
    endloop
  endfacet
  facet normal 0 0 1
    outer loop
      vertex -11.9013 -11.4099 4.6
      vertex -4.75 -8.25 4.6
      vertex -11.7778 -11.225 4.6
    endloop
  endfacet
  facet normal 0 0 1
    outer loop
      vertex -12.0479 -11.5771 4.6
      vertex -4.75 -8.25 4.6
      vertex -11.9013 -11.4099 4.6
    endloop
  endfacet
  facet normal 0 0 1
    outer loop
      vertex -12.2151 -11.7237 4.6
      vertex -4.75 -8.25 4.6
      vertex -12.0479 -11.5771 4.6
    endloop
  endfacet
  facet normal 0 0 1
    outer loop
      vertex -12.5994 -11.9456 4.6
      vertex 12.5994 -11.9456 4.6
      vertex -12.4 -11.8472 4.6
    endloop
  endfacet
  facet normal 0 0 1
    outer loop
      vertex 12.5994 -11.9456 4.6
      vertex -12.5994 -11.9456 4.6
      vertex 12.81 -12.0171 4.6
    endloop
  endfacet
  facet normal 0 0 1
    outer loop
      vertex -12.81 -12.0171 4.6
      vertex 12.81 -12.0171 4.6
      vertex -12.5994 -11.9456 4.6
    endloop
  endfacet
  facet normal 0 0 1
    outer loop
      vertex 12.81 -12.0171 4.6
      vertex -12.81 -12.0171 4.6
      vertex 16 -13 4.6
    endloop
  endfacet
  facet normal 0 0 1
    outer loop
      vertex -16 -13 4.6
      vertex -12.81 -12.0171 4.6
      vertex -13.0281 -12.0605 4.6
    endloop
  endfacet
  facet normal 0 0 1
    outer loop
      vertex -16 -13 4.6
      vertex -13.0281 -12.0605 4.6
      vertex -13.25 -12.075 4.6
    endloop
  endfacet
  facet normal 0 0 1
    outer loop
      vertex -12.81 -12.0171 4.6
      vertex -16 -13 4.6
      vertex 16 -13 4.6
    endloop
  endfacet
  facet normal 0 0 1
    outer loop
      vertex -13.4719 -12.0605 4.6
      vertex -16 -13 4.6
      vertex -13.25 -12.075 4.6
    endloop
  endfacet
  facet normal 0 0 1
    outer loop
      vertex -13.69 -12.0171 4.6
      vertex -16 -13 4.6
      vertex -13.4719 -12.0605 4.6
    endloop
  endfacet
  facet normal 0 0 1
    outer loop
      vertex -13.9006 -11.9456 4.6
      vertex -16 -13 4.6
      vertex -13.69 -12.0171 4.6
    endloop
  endfacet
  facet normal 0 0 1
    outer loop
      vertex -14.1 -11.8472 4.6
      vertex -16 -13 4.6
      vertex -13.9006 -11.9456 4.6
    endloop
  endfacet
  facet normal 0 0 1
    outer loop
      vertex -14.2849 -11.7237 4.6
      vertex -16 -13 4.6
      vertex -14.1 -11.8472 4.6
    endloop
  endfacet
  facet normal 0 0 1
    outer loop
      vertex -14.4521 -11.5771 4.6
      vertex -16 -13 4.6
      vertex -14.2849 -11.7237 4.6
    endloop
  endfacet
  facet normal 0 0 1
    outer loop
      vertex -14.5987 -11.4099 4.6
      vertex -16 -13 4.6
      vertex -14.4521 -11.5771 4.6
    endloop
  endfacet
  facet normal 0 0 1
    outer loop
      vertex -14.7222 -11.225 4.6
      vertex -16 -13 4.6
      vertex -14.5987 -11.4099 4.6
    endloop
  endfacet
  facet normal 0 0 1
    outer loop
      vertex -14.8206 -11.0256 4.6
      vertex -16 -13 4.6
      vertex -14.7222 -11.225 4.6
    endloop
  endfacet
  facet normal 0 0 1
    outer loop
      vertex -14.8921 -10.815 4.6
      vertex -16 -13 4.6
      vertex -14.8206 -11.0256 4.6
    endloop
  endfacet
  facet normal 0 0 1
    outer loop
      vertex -14.9355 -10.5969 4.6
      vertex -16 -13 4.6
      vertex -14.8921 -10.815 4.6
    endloop
  endfacet
  facet normal 0 0 1
    outer loop
      vertex -16 -13 4.6
      vertex -14.9355 -10.5969 4.6
      vertex -14.95 -10.375 4.6
    endloop
  endfacet
  facet normal 0 0 1
    outer loop
      vertex 17 12 4.6
      vertex 14.9355 10.1531 4.6
      vertex 14.8921 9.93501 4.6
    endloop
  endfacet
  facet normal 0 0 1
    outer loop
      vertex 17 12 4.6
      vertex 14.8921 9.93501 4.6
      vertex 15.5 6.75 4.6
    endloop
  endfacet
  facet normal -0 0 1
    outer loop
      vertex 14.8206 9.72444 4.6
      vertex 15.5 6.75 4.6
      vertex 14.8921 9.93501 4.6
    endloop
  endfacet
  facet normal -0 0 1
    outer loop
      vertex 14.7222 9.525 4.6
      vertex 15.5 6.75 4.6
      vertex 14.8206 9.72444 4.6
    endloop
  endfacet
  facet normal -0 0 1
    outer loop
      vertex 14.5987 9.34011 4.6
      vertex 15.5 6.75 4.6
      vertex 14.7222 9.525 4.6
    endloop
  endfacet
  facet normal -0 0 1
    outer loop
      vertex 14.4521 9.17292 4.6
      vertex 15.5 6.75 4.6
      vertex 14.5987 9.34011 4.6
    endloop
  endfacet
  facet normal -0 0 1
    outer loop
      vertex 14.2849 9.0263 4.6
      vertex 15.5 6.75 4.6
      vertex 14.4521 9.17292 4.6
    endloop
  endfacet
  facet normal -0 0 1
    outer loop
      vertex 14.1 8.90276 4.6
      vertex 15.5 6.75 4.6
      vertex 14.2849 9.0263 4.6
    endloop
  endfacet
  facet normal -0 0 1
    outer loop
      vertex 13.9006 8.8044 4.6
      vertex 15.5 6.75 4.6
      vertex 14.1 8.90276 4.6
    endloop
  endfacet
  facet normal -0 0 1
    outer loop
      vertex 13.69 8.73293 4.6
      vertex 15.5 6.75 4.6
      vertex 13.9006 8.8044 4.6
    endloop
  endfacet
  facet normal -0 0 1
    outer loop
      vertex 13.4719 8.68954 4.6
      vertex 15.5 6.75 4.6
      vertex 13.69 8.73293 4.6
    endloop
  endfacet
  facet normal 0 0 1
    outer loop
      vertex 11.75 6.75 4.6
      vertex 13.4719 8.68954 4.6
      vertex 13.25 8.675 4.6
    endloop
  endfacet
  facet normal 0 0 1
    outer loop
      vertex 11.75 6.75 4.6
      vertex 13.25 8.675 4.6
      vertex 13.0281 8.68954 4.6
    endloop
  endfacet
  facet normal 0 0 1
    outer loop
      vertex 11.75 8.25 4.6
      vertex 13.0281 8.68954 4.6
      vertex 12.81 8.73293 4.6
    endloop
  endfacet
  facet normal 0 0 1
    outer loop
      vertex 11.75 8.25 4.6
      vertex 12.81 8.73293 4.6
      vertex 12.5994 8.8044 4.6
    endloop
  endfacet
  facet normal 0 0 1
    outer loop
      vertex 11.75 8.25 4.6
      vertex 12.5994 8.8044 4.6
      vertex 12.4 8.90276 4.6
    endloop
  endfacet
  facet normal 0 0 1
    outer loop
      vertex 11.75 8.25 4.6
      vertex 12.4 8.90276 4.6
      vertex 12.2151 9.0263 4.6
    endloop
  endfacet
  facet normal 0 0 1
    outer loop
      vertex 11.75 8.25 4.6
      vertex 11.9013 9.34011 4.6
      vertex 11.7778 9.525 4.6
    endloop
  endfacet
  facet normal 0 0 1
    outer loop
      vertex 11.75 8.25 4.6
      vertex 12.0479 9.17292 4.6
      vertex 11.9013 9.34011 4.6
    endloop
  endfacet
  facet normal 0 0 1
    outer loop
      vertex 11.75 8.25 4.6
      vertex 12.2151 9.0263 4.6
      vertex 12.0479 9.17292 4.6
    endloop
  endfacet
  facet normal 0 0 1
    outer loop
      vertex 13.0281 8.68954 4.6
      vertex 11.75 8.25 4.6
      vertex 11.75 6.75 4.6
    endloop
  endfacet
  facet normal 0 0 1
    outer loop
      vertex 13.4719 8.68954 4.6
      vertex 11.75 6.75 4.6
      vertex 15.5 6.75 4.6
    endloop
  endfacet
  facet normal -0.555053 -0.831815 0
    outer loop
      vertex -16.6088 -12.7934 3
      vertex -16.5 -12.866 4.6
      vertex -16.6088 -12.7934 4.6
    endloop
  endfacet
  facet normal -0.555053 -0.831815 -0
    outer loop
      vertex -16.5 -12.866 4.6
      vertex -16.6088 -12.7934 3
      vertex -16.5 -12.866 3
    endloop
  endfacet
  facet normal -0.442621 -0.896709 0
    outer loop
      vertex -16.5 -12.866 3
      vertex -16.3827 -12.9239 4.6
      vertex -16.5 -12.866 4.6
    endloop
  endfacet
  facet normal -0.442621 -0.896709 -0
    outer loop
      vertex -16.3827 -12.9239 4.6
      vertex -16.5 -12.866 3
      vertex -16.3827 -12.9239 3
    endloop
  endfacet
  facet normal -0.19494 -0.980815 0
    outer loop
      vertex -16.2588 -12.9659 3
      vertex -16.1305 -12.9914 4.6
      vertex -16.2588 -12.9659 4.6
    endloop
  endfacet
  facet normal -0.19494 -0.980815 -0
    outer loop
      vertex -16.1305 -12.9914 4.6
      vertex -16.2588 -12.9659 3
      vertex -16.1305 -12.9914 3
    endloop
  endfacet
  facet normal -0.19494 0.980815 0
    outer loop
      vertex -16.1305 12.9914 3
      vertex -16.2588 12.9659 4.6
      vertex -16.1305 12.9914 4.6
    endloop
  endfacet
  facet normal -0.19494 0.980815 0
    outer loop
      vertex -16.2588 12.9659 4.6
      vertex -16.1305 12.9914 3
      vertex -16.2588 12.9659 3
    endloop
  endfacet
  facet normal 0.442621 0.896709 -0
    outer loop
      vertex 16.5 12.866 3
      vertex 16.3827 12.9239 4.6
      vertex 16.5 12.866 4.6
    endloop
  endfacet
  facet normal 0.442621 0.896709 0
    outer loop
      vertex 16.3827 12.9239 4.6
      vertex 16.5 12.866 3
      vertex 16.3827 12.9239 3
    endloop
  endfacet
  facet normal 0.0657577 0.997836 -0
    outer loop
      vertex 16.1305 12.9914 3
      vertex 16 13 4.6
      vertex 16.1305 12.9914 4.6
    endloop
  endfacet
  facet normal 0.0657577 0.997836 0
    outer loop
      vertex 16 13 4.6
      vertex 16.1305 12.9914 3
      vertex 16 13 3
    endloop
  endfacet
  facet normal 0.19494 0.980815 -0
    outer loop
      vertex 16.2588 12.9659 3
      vertex 16.1305 12.9914 4.6
      vertex 16.2588 12.9659 4.6
    endloop
  endfacet
  facet normal 0.19494 0.980815 0
    outer loop
      vertex 16.1305 12.9914 4.6
      vertex 16.2588 12.9659 3
      vertex 16.1305 12.9914 3
    endloop
  endfacet
  facet normal 0 1 0
    outer loop
      vertex 14.2092 13 3
      vertex 16 13 4.6
      vertex 16 13 3
    endloop
  endfacet
  facet normal 0 1 0
    outer loop
      vertex 12.2908 13 3
      vertex 16 13 4.6
      vertex 14.2092 13 3
    endloop
  endfacet
  facet normal 0 1 0
    outer loop
      vertex 16 13 4.6
      vertex 12.2908 13 3
      vertex -16 13 4.6
    endloop
  endfacet
  facet normal 0 1 -0
    outer loop
      vertex -12.2908 13 3
      vertex -16 13 4.6
      vertex 12.2908 13 3
    endloop
  endfacet
  facet normal 0 1 -0
    outer loop
      vertex -14.2092 13 3
      vertex -16 13 4.6
      vertex -12.2908 13 3
    endloop
  endfacet
  facet normal 0 1 0
    outer loop
      vertex -16 13 4.6
      vertex -14.2092 13 3
      vertex -16 13 3
    endloop
  endfacet
  facet normal 0.831815 -0.555053 0
    outer loop
      vertex 16.7934 -12.6088 4.6
      vertex 16.866 -12.5 3
      vertex 16.866 -12.5 4.6
    endloop
  endfacet
  facet normal 0.831815 -0.555053 0
    outer loop
      vertex 16.866 -12.5 3
      vertex 16.7934 -12.6088 4.6
      vertex 16.7934 -12.6088 3
    endloop
  endfacet
  facet normal 0.997836 -0.0657577 0
    outer loop
      vertex 16.9914 -12.1305 4.6
      vertex 17 -12 3
      vertex 17 -12 4.6
    endloop
  endfacet
  facet normal 0.997836 -0.0657577 0
    outer loop
      vertex 17 -12 3
      vertex 16.9914 -12.1305 4.6
      vertex 16.9914 -12.1305 3
    endloop
  endfacet
  facet normal -0.947066 0.321039 0
    outer loop
      vertex -16.9659 12.2588 3
      vertex -16.9239 12.3827 4.6
      vertex -16.9239 12.3827 3
    endloop
  endfacet
  facet normal -0.947066 0.321039 0
    outer loop
      vertex -16.9239 12.3827 4.6
      vertex -16.9659 12.2588 3
      vertex -16.9659 12.2588 4.6
    endloop
  endfacet
  facet normal -0.0657577 -0.997836 0
    outer loop
      vertex -16.1305 -12.9914 3
      vertex -16 -13 4.6
      vertex -16.1305 -12.9914 4.6
    endloop
  endfacet
  facet normal -0.0657577 -0.997836 -0
    outer loop
      vertex -16 -13 4.6
      vertex -16.1305 -12.9914 3
      vertex -16 -13 3
    endloop
  endfacet
  facet normal 0.321039 0.947066 -0
    outer loop
      vertex 16.3827 12.9239 3
      vertex 16.2588 12.9659 4.6
      vertex 16.3827 12.9239 4.6
    endloop
  endfacet
  facet normal 0.321039 0.947066 0
    outer loop
      vertex 16.2588 12.9659 4.6
      vertex 16.3827 12.9239 3
      vertex 16.2588 12.9659 3
    endloop
  endfacet
  facet normal 0.947066 -0.321039 0
    outer loop
      vertex 16.9239 -12.3827 4.6
      vertex 16.9659 -12.2588 3
      vertex 16.9659 -12.2588 4.6
    endloop
  endfacet
  facet normal 0.947066 -0.321039 0
    outer loop
      vertex 16.9659 -12.2588 3
      vertex 16.9239 -12.3827 4.6
      vertex 16.9239 -12.3827 3
    endloop
  endfacet
  facet normal 0.896709 -0.442621 0
    outer loop
      vertex 16.866 -12.5 4.6
      vertex 16.9239 -12.3827 3
      vertex 16.9239 -12.3827 4.6
    endloop
  endfacet
  facet normal 0.896709 -0.442621 0
    outer loop
      vertex 16.9239 -12.3827 3
      vertex 16.866 -12.5 4.6
      vertex 16.866 -12.5 3
    endloop
  endfacet
  facet normal 0.980815 -0.19494 0
    outer loop
      vertex 16.9659 -12.2588 4.6
      vertex 16.9914 -12.1305 3
      vertex 16.9914 -12.1305 4.6
    endloop
  endfacet
  facet normal 0.980815 -0.19494 0
    outer loop
      vertex 16.9914 -12.1305 3
      vertex 16.9659 -12.2588 4.6
      vertex 16.9659 -12.2588 3
    endloop
  endfacet
  facet normal 0.442621 -0.896709 0
    outer loop
      vertex 16.3827 -12.9239 3
      vertex 16.5 -12.866 4.6
      vertex 16.3827 -12.9239 4.6
    endloop
  endfacet
  facet normal 0.442621 -0.896709 0
    outer loop
      vertex 16.5 -12.866 4.6
      vertex 16.3827 -12.9239 3
      vertex 16.5 -12.866 3
    endloop
  endfacet
  facet normal 0.751486 -0.659749 0
    outer loop
      vertex 16.7071 -12.7071 4.6
      vertex 16.7934 -12.6088 3
      vertex 16.7934 -12.6088 4.6
    endloop
  endfacet
  facet normal 0.751486 -0.659749 0
    outer loop
      vertex 16.7934 -12.6088 3
      vertex 16.7071 -12.7071 4.6
      vertex 16.7071 -12.7071 3
    endloop
  endfacet
  facet normal 0.896709 0.442621 0
    outer loop
      vertex 16.9239 12.3827 4.6
      vertex 16.866 12.5 3
      vertex 16.866 12.5 4.6
    endloop
  endfacet
  facet normal 0.896709 0.442621 0
    outer loop
      vertex 16.866 12.5 3
      vertex 16.9239 12.3827 4.6
      vertex 16.9239 12.3827 3
    endloop
  endfacet
  facet normal 0.659749 0.751486 -0
    outer loop
      vertex 16.7071 12.7071 3
      vertex 16.6088 12.7934 4.6
      vertex 16.7071 12.7071 4.6
    endloop
  endfacet
  facet normal 0.659749 0.751486 0
    outer loop
      vertex 16.6088 12.7934 4.6
      vertex 16.7071 12.7071 3
      vertex 16.6088 12.7934 3
    endloop
  endfacet
  facet normal -0.831815 0.555053 0
    outer loop
      vertex -16.866 12.5 3
      vertex -16.7934 12.6088 4.6
      vertex -16.7934 12.6088 3
    endloop
  endfacet
  facet normal -0.831815 0.555053 0
    outer loop
      vertex -16.7934 12.6088 4.6
      vertex -16.866 12.5 3
      vertex -16.866 12.5 4.6
    endloop
  endfacet
  facet normal -0.997836 0.0657577 0
    outer loop
      vertex -17 12 3
      vertex -16.9914 12.1305 4.6
      vertex -16.9914 12.1305 3
    endloop
  endfacet
  facet normal -0.997836 0.0657577 0
    outer loop
      vertex -16.9914 12.1305 4.6
      vertex -17 12 3
      vertex -17 12 4.6
    endloop
  endfacet
  facet normal -0.980815 0.19494 0
    outer loop
      vertex -16.9914 12.1305 3
      vertex -16.9659 12.2588 4.6
      vertex -16.9659 12.2588 3
    endloop
  endfacet
  facet normal -0.980815 0.19494 0
    outer loop
      vertex -16.9659 12.2588 4.6
      vertex -16.9914 12.1305 3
      vertex -16.9914 12.1305 4.6
    endloop
  endfacet
  facet normal -0.997836 -0.0657577 0
    outer loop
      vertex -16.9914 -12.1305 3
      vertex -17 -12 4.6
      vertex -17 -12 3
    endloop
  endfacet
  facet normal -0.997836 -0.0657577 0
    outer loop
      vertex -17 -12 4.6
      vertex -16.9914 -12.1305 3
      vertex -16.9914 -12.1305 4.6
    endloop
  endfacet
  facet normal -0.980815 -0.19494 0
    outer loop
      vertex -16.9659 -12.2588 3
      vertex -16.9914 -12.1305 4.6
      vertex -16.9914 -12.1305 3
    endloop
  endfacet
  facet normal -0.980815 -0.19494 0
    outer loop
      vertex -16.9914 -12.1305 4.6
      vertex -16.9659 -12.2588 3
      vertex -16.9659 -12.2588 4.6
    endloop
  endfacet
  facet normal -0.947066 -0.321039 0
    outer loop
      vertex -16.9239 -12.3827 3
      vertex -16.9659 -12.2588 4.6
      vertex -16.9659 -12.2588 3
    endloop
  endfacet
  facet normal -0.947066 -0.321039 0
    outer loop
      vertex -16.9659 -12.2588 4.6
      vertex -16.9239 -12.3827 3
      vertex -16.9239 -12.3827 4.6
    endloop
  endfacet
  facet normal -0.831815 -0.555053 0
    outer loop
      vertex -16.7934 -12.6088 3
      vertex -16.866 -12.5 4.6
      vertex -16.866 -12.5 3
    endloop
  endfacet
  facet normal -0.831815 -0.555053 0
    outer loop
      vertex -16.866 -12.5 4.6
      vertex -16.7934 -12.6088 3
      vertex -16.7934 -12.6088 4.6
    endloop
  endfacet
  facet normal -0.321039 -0.947066 0
    outer loop
      vertex -16.3827 -12.9239 3
      vertex -16.2588 -12.9659 4.6
      vertex -16.3827 -12.9239 4.6
    endloop
  endfacet
  facet normal -0.321039 -0.947066 -0
    outer loop
      vertex -16.2588 -12.9659 4.6
      vertex -16.3827 -12.9239 3
      vertex -16.2588 -12.9659 3
    endloop
  endfacet
  facet normal 0.555053 -0.831815 0
    outer loop
      vertex 16.5 -12.866 3
      vertex 16.6088 -12.7934 4.6
      vertex 16.5 -12.866 4.6
    endloop
  endfacet
  facet normal 0.555053 -0.831815 0
    outer loop
      vertex 16.6088 -12.7934 4.6
      vertex 16.5 -12.866 3
      vertex 16.6088 -12.7934 3
    endloop
  endfacet
  facet normal 0.980815 0.19494 0
    outer loop
      vertex 16.9914 12.1305 4.6
      vertex 16.9659 12.2588 3
      vertex 16.9659 12.2588 4.6
    endloop
  endfacet
  facet normal 0.980815 0.19494 0
    outer loop
      vertex 16.9659 12.2588 3
      vertex 16.9914 12.1305 4.6
      vertex 16.9914 12.1305 3
    endloop
  endfacet
  facet normal 0.947066 0.321039 0
    outer loop
      vertex 16.9659 12.2588 4.6
      vertex 16.9239 12.3827 3
      vertex 16.9239 12.3827 4.6
    endloop
  endfacet
  facet normal 0.947066 0.321039 0
    outer loop
      vertex 16.9239 12.3827 3
      vertex 16.9659 12.2588 4.6
      vertex 16.9659 12.2588 3
    endloop
  endfacet
  facet normal 0.831815 0.555053 0
    outer loop
      vertex 16.866 12.5 4.6
      vertex 16.7934 12.6088 3
      vertex 16.7934 12.6088 4.6
    endloop
  endfacet
  facet normal 0.831815 0.555053 0
    outer loop
      vertex 16.7934 12.6088 3
      vertex 16.866 12.5 4.6
      vertex 16.866 12.5 3
    endloop
  endfacet
  facet normal 0.751486 0.659749 0
    outer loop
      vertex 16.7934 12.6088 4.6
      vertex 16.7071 12.7071 3
      vertex 16.7071 12.7071 4.6
    endloop
  endfacet
  facet normal 0.751486 0.659749 0
    outer loop
      vertex 16.7071 12.7071 3
      vertex 16.7934 12.6088 4.6
      vertex 16.7934 12.6088 3
    endloop
  endfacet
  facet normal -0.442621 0.896709 0
    outer loop
      vertex -16.3827 12.9239 3
      vertex -16.5 12.866 4.6
      vertex -16.3827 12.9239 4.6
    endloop
  endfacet
  facet normal -0.442621 0.896709 0
    outer loop
      vertex -16.5 12.866 4.6
      vertex -16.3827 12.9239 3
      vertex -16.5 12.866 3
    endloop
  endfacet
  facet normal -0.896709 0.442621 0
    outer loop
      vertex -16.9239 12.3827 3
      vertex -16.866 12.5 4.6
      vertex -16.866 12.5 3
    endloop
  endfacet
  facet normal -0.896709 0.442621 0
    outer loop
      vertex -16.866 12.5 4.6
      vertex -16.9239 12.3827 3
      vertex -16.9239 12.3827 4.6
    endloop
  endfacet
  facet normal -0.896709 -0.442621 0
    outer loop
      vertex -16.866 -12.5 3
      vertex -16.9239 -12.3827 4.6
      vertex -16.9239 -12.3827 3
    endloop
  endfacet
  facet normal -0.896709 -0.442621 0
    outer loop
      vertex -16.9239 -12.3827 4.6
      vertex -16.866 -12.5 3
      vertex -16.866 -12.5 4.6
    endloop
  endfacet
  facet normal -0.751486 -0.659749 0
    outer loop
      vertex -16.7071 -12.7071 3
      vertex -16.7934 -12.6088 4.6
      vertex -16.7934 -12.6088 3
    endloop
  endfacet
  facet normal -0.751486 -0.659749 0
    outer loop
      vertex -16.7934 -12.6088 4.6
      vertex -16.7071 -12.7071 3
      vertex -16.7071 -12.7071 4.6
    endloop
  endfacet
  facet normal 0.659749 -0.751486 0
    outer loop
      vertex 16.6088 -12.7934 3
      vertex 16.7071 -12.7071 4.6
      vertex 16.6088 -12.7934 4.6
    endloop
  endfacet
  facet normal 0.659749 -0.751486 0
    outer loop
      vertex 16.7071 -12.7071 4.6
      vertex 16.6088 -12.7934 3
      vertex 16.7071 -12.7071 3
    endloop
  endfacet
  facet normal -0.555053 0.831815 0
    outer loop
      vertex -16.5 12.866 3
      vertex -16.6088 12.7934 4.6
      vertex -16.5 12.866 4.6
    endloop
  endfacet
  facet normal -0.555053 0.831815 0
    outer loop
      vertex -16.6088 12.7934 4.6
      vertex -16.5 12.866 3
      vertex -16.6088 12.7934 3
    endloop
  endfacet
  facet normal -0.321039 0.947066 0
    outer loop
      vertex -16.2588 12.9659 3
      vertex -16.3827 12.9239 4.6
      vertex -16.2588 12.9659 4.6
    endloop
  endfacet
  facet normal -0.321039 0.947066 0
    outer loop
      vertex -16.3827 12.9239 4.6
      vertex -16.2588 12.9659 3
      vertex -16.3827 12.9239 3
    endloop
  endfacet
  facet normal -0.659749 0.751486 0
    outer loop
      vertex -16.6088 12.7934 3
      vertex -16.7071 12.7071 4.6
      vertex -16.6088 12.7934 4.6
    endloop
  endfacet
  facet normal -0.659749 0.751486 0
    outer loop
      vertex -16.7071 12.7071 4.6
      vertex -16.6088 12.7934 3
      vertex -16.7071 12.7071 3
    endloop
  endfacet
  facet normal -0.195087 -0.980786 0
    outer loop
      vertex -4.4847 -8.76252 5.3
      vertex -4.34358 -8.79059 7.5
      vertex -4.4847 -8.76252 7.5
    endloop
  endfacet
  facet normal -0.195087 -0.980786 -0
    outer loop
      vertex -4.34358 -8.79059 7.5
      vertex -4.4847 -8.76252 5.3
      vertex -4.34358 -8.79059 5.3
    endloop
  endfacet
  facet normal -0.946931 0.321435 0
    outer loop
      vertex -5.26252 -7.4153 5.3
      vertex -5.21627 -7.27905 7.5
      vertex -5.21627 -7.27905 5.3
    endloop
  endfacet
  facet normal -0.946931 0.321435 0
    outer loop
      vertex -5.21627 -7.27905 7.5
      vertex -5.26252 -7.4153 5.3
      vertex -5.26252 -7.4153 7.5
    endloop
  endfacet
  facet normal 0 0 -1
    outer loop
      vertex -4.75 -8.25 5.3
      vertex -3.32731 -8.36964 5.3
      vertex -3.42218 -8.47782 5.3
    endloop
  endfacet
  facet normal 0 0 -1
    outer loop
      vertex -4.75 -8.25 5.3
      vertex -3.42218 -8.47782 5.3
      vertex -3.53036 -8.57269 5.3
    endloop
  endfacet
  facet normal 0 0 -1
    outer loop
      vertex -4.75 -8.25 5.3
      vertex -3.53036 -8.57269 5.3
      vertex -3.65 -8.65263 5.3
    endloop
  endfacet
  facet normal 0 0 -1
    outer loop
      vertex -4.75 -8.25 5.3
      vertex -3.65 -8.65263 5.3
      vertex -3.77905 -8.71627 5.3
    endloop
  endfacet
  facet normal 0 0 -1
    outer loop
      vertex -4.75 -8.25 5.3
      vertex -3.77905 -8.71627 5.3
      vertex -3.9153 -8.76252 5.3
    endloop
  endfacet
  facet normal 0 0 -1
    outer loop
      vertex -4.75 -8.25 5.3
      vertex -3.9153 -8.76252 5.3
      vertex -4.05642 -8.79059 5.3
    endloop
  endfacet
  facet normal 0 0 -1
    outer loop
      vertex -4.75 -8.25 5.3
      vertex -4.05642 -8.79059 5.3
      vertex -4.2 -8.8 5.3
    endloop
  endfacet
  facet normal 0 0 -1
    outer loop
      vertex -4.75 -8.25 5.3
      vertex -4.2 -8.8 5.3
      vertex -4.34358 -8.79059 5.3
    endloop
  endfacet
  facet normal 0 0 -1
    outer loop
      vertex -4.75 -8.25 5.3
      vertex -4.34358 -8.79059 5.3
      vertex -4.4847 -8.76252 5.3
    endloop
  endfacet
  facet normal 0 0 -1
    outer loop
      vertex -4.75 -8.25 5.3
      vertex -4.4847 -8.76252 5.3
      vertex -4.62095 -8.71627 5.3
    endloop
  endfacet
  facet normal 0 0 -1
    outer loop
      vertex -4.75 -8.25 5.3
      vertex -4.62095 -8.71627 5.3
      vertex -4.75 -8.65263 5.3
    endloop
  endfacet
  facet normal 0 0 -1
    outer loop
      vertex -3.32731 -8.36964 5.3
      vertex -4.75 -8.25 5.3
      vertex -3.24737 -8.25 5.3
    endloop
  endfacet
  facet normal 0 0 -1
    outer loop
      vertex -4.86964 -8.57269 5.3
      vertex -4.75 -8.25 5.3
      vertex -4.75 -8.65263 5.3
    endloop
  endfacet
  facet normal 0 0 -1
    outer loop
      vertex -4.97782 -8.47782 5.3
      vertex -4.75 -8.25 5.3
      vertex -4.86964 -8.57269 5.3
    endloop
  endfacet
  facet normal 0 0 -1
    outer loop
      vertex -4.75 -8.25 5.3
      vertex -4.86964 -6.82731 5.3
      vertex -4.75 -6.74737 5.3
    endloop
  endfacet
  facet normal 0 0 -1
    outer loop
      vertex -5.07269 -8.36964 5.3
      vertex -4.75 -8.25 5.3
      vertex -4.97782 -8.47782 5.3
    endloop
  endfacet
  facet normal 0 0 -1
    outer loop
      vertex -4.75 -8.25 5.3
      vertex -4.97782 -6.92218 5.3
      vertex -4.86964 -6.82731 5.3
    endloop
  endfacet
  facet normal 0 0 -1
    outer loop
      vertex -5.15263 -8.25 5.3
      vertex -4.75 -8.25 5.3
      vertex -5.07269 -8.36964 5.3
    endloop
  endfacet
  facet normal 0 0 -1
    outer loop
      vertex -4.75 -8.25 5.3
      vertex -5.07269 -7.03036 5.3
      vertex -4.97782 -6.92218 5.3
    endloop
  endfacet
  facet normal 0 0 -1
    outer loop
      vertex -5.21627 -8.12095 5.3
      vertex -4.75 -8.25 5.3
      vertex -5.15263 -8.25 5.3
    endloop
  endfacet
  facet normal 0 0 -1
    outer loop
      vertex -4.75 -8.25 5.3
      vertex -5.15263 -7.15 5.3
      vertex -5.07269 -7.03036 5.3
    endloop
  endfacet
  facet normal 0 0 -1
    outer loop
      vertex -5.26252 -7.9847 5.3
      vertex -4.75 -8.25 5.3
      vertex -5.21627 -8.12095 5.3
    endloop
  endfacet
  facet normal 0 0 -1
    outer loop
      vertex -4.75 -8.25 5.3
      vertex -5.21627 -7.27905 5.3
      vertex -5.15263 -7.15 5.3
    endloop
  endfacet
  facet normal 0 0 -1
    outer loop
      vertex -5.29059 -7.84358 5.3
      vertex -4.75 -8.25 5.3
      vertex -5.26252 -7.9847 5.3
    endloop
  endfacet
  facet normal 0 0 -1
    outer loop
      vertex -4.75 -8.25 5.3
      vertex -5.26252 -7.4153 5.3
      vertex -5.21627 -7.27905 5.3
    endloop
  endfacet
  facet normal 0 0 -1
    outer loop
      vertex -5.3 -7.7 5.3
      vertex -4.75 -8.25 5.3
      vertex -5.29059 -7.84358 5.3
    endloop
  endfacet
  facet normal 0 0 -1
    outer loop
      vertex -4.75 -8.25 5.3
      vertex -5.29059 -7.55642 5.3
      vertex -5.26252 -7.4153 5.3
    endloop
  endfacet
  facet normal 0 0 -1
    outer loop
      vertex -4.75 -8.25 5.3
      vertex -5.3 -7.7 5.3
      vertex -5.29059 -7.55642 5.3
    endloop
  endfacet
  facet normal -0.997859 0.0653981 0
    outer loop
      vertex -5.3 -7.7 5.3
      vertex -5.29059 -7.55642 7.5
      vertex -5.29059 -7.55642 5.3
    endloop
  endfacet
  facet normal -0.997859 0.0653981 0
    outer loop
      vertex -5.29059 -7.55642 7.5
      vertex -5.3 -7.7 5.3
      vertex -5.3 -7.7 7.5
    endloop
  endfacet
  facet normal -0.831472 0.555566 0
    outer loop
      vertex -5.15263 -7.15 5.3
      vertex -5.07269 -7.03036 7.5
      vertex -5.07269 -7.03036 5.3
    endloop
  endfacet
  facet normal -0.831472 0.555566 0
    outer loop
      vertex -5.07269 -7.03036 7.5
      vertex -5.15263 -7.15 5.3
      vertex -5.15263 -7.15 7.5
    endloop
  endfacet
  facet normal -0.555566 0.831472 0
    outer loop
      vertex -4.75 -6.74737 5.3
      vertex -4.86964 -6.82731 7.5
      vertex -4.75 -6.74737 7.5
    endloop
  endfacet
  facet normal -0.555566 0.831472 0
    outer loop
      vertex -4.86964 -6.82731 7.5
      vertex -4.75 -6.74737 5.3
      vertex -4.86964 -6.82731 5.3
    endloop
  endfacet
  facet normal 0.195087 -0.980786 0
    outer loop
      vertex -4.05642 -8.79059 5.3
      vertex -3.9153 -8.76252 7.5
      vertex -4.05642 -8.79059 7.5
    endloop
  endfacet
  facet normal 0.195087 -0.980786 0
    outer loop
      vertex -3.9153 -8.76252 7.5
      vertex -4.05642 -8.79059 5.3
      vertex -3.9153 -8.76252 5.3
    endloop
  endfacet
  facet normal 0.555566 -0.831472 0
    outer loop
      vertex -3.65 -8.65263 5.3
      vertex -3.53036 -8.57269 7.5
      vertex -3.65 -8.65263 7.5
    endloop
  endfacet
  facet normal 0.555566 -0.831472 0
    outer loop
      vertex -3.53036 -8.57269 7.5
      vertex -3.65 -8.65263 5.3
      vertex -3.53036 -8.57269 5.3
    endloop
  endfacet
  facet normal 0.831472 -0.555566 0
    outer loop
      vertex -3.32731 -8.36964 7.5
      vertex -3.24737 -8.25 5.3
      vertex -3.24737 -8.25 7.5
    endloop
  endfacet
  facet normal 0.831472 -0.555566 0
    outer loop
      vertex -3.24737 -8.25 5.3
      vertex -3.32731 -8.36964 7.5
      vertex -3.32731 -8.36964 5.3
    endloop
  endfacet
  facet normal -0.0653981 -0.997859 0
    outer loop
      vertex -4.34358 -8.79059 5.3
      vertex -4.2 -8.8 7.5
      vertex -4.34358 -8.79059 7.5
    endloop
  endfacet
  facet normal -0.0653981 -0.997859 -0
    outer loop
      vertex -4.2 -8.8 7.5
      vertex -4.34358 -8.79059 5.3
      vertex -4.2 -8.8 5.3
    endloop
  endfacet
  facet normal -0.555566 -0.831472 0
    outer loop
      vertex -4.86964 -8.57269 5.3
      vertex -4.75 -8.65263 7.5
      vertex -4.86964 -8.57269 7.5
    endloop
  endfacet
  facet normal -0.555566 -0.831472 -0
    outer loop
      vertex -4.75 -8.65263 7.5
      vertex -4.86964 -8.57269 5.3
      vertex -4.75 -8.65263 5.3
    endloop
  endfacet
  facet normal -0.831472 -0.555566 0
    outer loop
      vertex -5.07269 -8.36964 5.3
      vertex -5.15263 -8.25 7.5
      vertex -5.15263 -8.25 5.3
    endloop
  endfacet
  facet normal -0.831472 -0.555566 0
    outer loop
      vertex -5.15263 -8.25 7.5
      vertex -5.07269 -8.36964 5.3
      vertex -5.07269 -8.36964 7.5
    endloop
  endfacet
  facet normal -0.946931 -0.321435 0
    outer loop
      vertex -5.21627 -8.12095 5.3
      vertex -5.26252 -7.9847 7.5
      vertex -5.26252 -7.9847 5.3
    endloop
  endfacet
  facet normal -0.946931 -0.321435 0
    outer loop
      vertex -5.26252 -7.9847 7.5
      vertex -5.21627 -8.12095 5.3
      vertex -5.21627 -8.12095 7.5
    endloop
  endfacet
  facet normal -0.997859 -0.0653981 0
    outer loop
      vertex -5.29059 -7.84358 5.3
      vertex -5.3 -7.7 7.5
      vertex -5.3 -7.7 5.3
    endloop
  endfacet
  facet normal -0.997859 -0.0653981 0
    outer loop
      vertex -5.3 -7.7 7.5
      vertex -5.29059 -7.84358 5.3
      vertex -5.29059 -7.84358 7.5
    endloop
  endfacet
  facet normal -0.980786 0.195087 0
    outer loop
      vertex -5.29059 -7.55642 5.3
      vertex -5.26252 -7.4153 7.5
      vertex -5.26252 -7.4153 5.3
    endloop
  endfacet
  facet normal -0.980786 0.195087 0
    outer loop
      vertex -5.26252 -7.4153 7.5
      vertex -5.29059 -7.55642 5.3
      vertex -5.29059 -7.55642 7.5
    endloop
  endfacet
  facet normal -0.896874 0.442286 0
    outer loop
      vertex -5.21627 -7.27905 5.3
      vertex -5.15263 -7.15 7.5
      vertex -5.15263 -7.15 5.3
    endloop
  endfacet
  facet normal -0.896874 0.442286 0
    outer loop
      vertex -5.15263 -7.15 7.5
      vertex -5.21627 -7.27905 5.3
      vertex -5.21627 -7.27905 7.5
    endloop
  endfacet
  facet normal -0.659341 0.751844 0
    outer loop
      vertex -4.86964 -6.82731 5.3
      vertex -4.97782 -6.92218 7.5
      vertex -4.86964 -6.82731 7.5
    endloop
  endfacet
  facet normal -0.659341 0.751844 0
    outer loop
      vertex -4.97782 -6.92218 7.5
      vertex -4.86964 -6.82731 5.3
      vertex -4.97782 -6.92218 5.3
    endloop
  endfacet
  facet normal -0.751844 0.659341 0
    outer loop
      vertex -5.07269 -7.03036 5.3
      vertex -4.97782 -6.92218 7.5
      vertex -4.97782 -6.92218 5.3
    endloop
  endfacet
  facet normal -0.751844 0.659341 0
    outer loop
      vertex -4.97782 -6.92218 7.5
      vertex -5.07269 -7.03036 5.3
      vertex -5.07269 -7.03036 7.5
    endloop
  endfacet
  facet normal 0.321435 -0.946931 0
    outer loop
      vertex -3.9153 -8.76252 5.3
      vertex -3.77905 -8.71627 7.5
      vertex -3.9153 -8.76252 7.5
    endloop
  endfacet
  facet normal 0.321435 -0.946931 0
    outer loop
      vertex -3.77905 -8.71627 7.5
      vertex -3.9153 -8.76252 5.3
      vertex -3.77905 -8.71627 5.3
    endloop
  endfacet
  facet normal 0.659341 -0.751844 0
    outer loop
      vertex -3.53036 -8.57269 5.3
      vertex -3.42218 -8.47782 7.5
      vertex -3.53036 -8.57269 7.5
    endloop
  endfacet
  facet normal 0.659341 -0.751844 0
    outer loop
      vertex -3.42218 -8.47782 7.5
      vertex -3.53036 -8.57269 5.3
      vertex -3.42218 -8.47782 5.3
    endloop
  endfacet
  facet normal 0.0653981 -0.997859 0
    outer loop
      vertex -4.2 -8.8 5.3
      vertex -4.05642 -8.79059 7.5
      vertex -4.2 -8.8 7.5
    endloop
  endfacet
  facet normal 0.0653981 -0.997859 0
    outer loop
      vertex -4.05642 -8.79059 7.5
      vertex -4.2 -8.8 5.3
      vertex -4.05642 -8.79059 5.3
    endloop
  endfacet
  facet normal -0.321435 -0.946931 0
    outer loop
      vertex -4.62095 -8.71627 5.3
      vertex -4.4847 -8.76252 7.5
      vertex -4.62095 -8.71627 7.5
    endloop
  endfacet
  facet normal -0.321435 -0.946931 -0
    outer loop
      vertex -4.4847 -8.76252 7.5
      vertex -4.62095 -8.71627 5.3
      vertex -4.4847 -8.76252 5.3
    endloop
  endfacet
  facet normal -0.896874 -0.442286 0
    outer loop
      vertex -5.15263 -8.25 5.3
      vertex -5.21627 -8.12095 7.5
      vertex -5.21627 -8.12095 5.3
    endloop
  endfacet
  facet normal -0.896874 -0.442286 0
    outer loop
      vertex -5.21627 -8.12095 7.5
      vertex -5.15263 -8.25 5.3
      vertex -5.15263 -8.25 7.5
    endloop
  endfacet
  facet normal -0.980786 -0.195087 0
    outer loop
      vertex -5.26252 -7.9847 5.3
      vertex -5.29059 -7.84358 7.5
      vertex -5.29059 -7.84358 5.3
    endloop
  endfacet
  facet normal -0.980786 -0.195087 0
    outer loop
      vertex -5.29059 -7.84358 7.5
      vertex -5.26252 -7.9847 5.3
      vertex -5.26252 -7.9847 7.5
    endloop
  endfacet
  facet normal -0.751844 -0.659341 0
    outer loop
      vertex -4.97782 -8.47782 5.3
      vertex -5.07269 -8.36964 7.5
      vertex -5.07269 -8.36964 5.3
    endloop
  endfacet
  facet normal -0.751844 -0.659341 0
    outer loop
      vertex -5.07269 -8.36964 7.5
      vertex -4.97782 -8.47782 5.3
      vertex -4.97782 -8.47782 7.5
    endloop
  endfacet
  facet normal -0.659341 -0.751844 0
    outer loop
      vertex -4.97782 -8.47782 5.3
      vertex -4.86964 -8.57269 7.5
      vertex -4.97782 -8.47782 7.5
    endloop
  endfacet
  facet normal -0.659341 -0.751844 -0
    outer loop
      vertex -4.86964 -8.57269 7.5
      vertex -4.97782 -8.47782 5.3
      vertex -4.86964 -8.57269 5.3
    endloop
  endfacet
  facet normal 0 0 1
    outer loop
      vertex -3.25 8.25393 7.5
      vertex -3.32731 8.36964 7.5
      vertex -3.25 8 7.5
    endloop
  endfacet
  facet normal 0 0 1
    outer loop
      vertex 11.5 6.75 7.5
      vertex 12.3 7.7 7.5
      vertex 12.2906 7.84358 7.5
    endloop
  endfacet
  facet normal 0 0 1
    outer loop
      vertex 11.5 6.75 7.5
      vertex 12.2906 7.84358 7.5
      vertex 12.2625 7.9847 7.5
    endloop
  endfacet
  facet normal 0 0 1
    outer loop
      vertex 12.3 7.7 7.5
      vertex 11.5 6.75 7.5
      vertex 12.2906 7.55642 7.5
    endloop
  endfacet
  facet normal 0 0 1
    outer loop
      vertex 11.5 6.75 7.5
      vertex 12.2625 7.9847 7.5
      vertex 12.2163 8.12095 7.5
    endloop
  endfacet
  facet normal 0 0 1
    outer loop
      vertex 12.2906 7.55642 7.5
      vertex 11.5 6.75 7.5
      vertex 12.2625 7.4153 7.5
    endloop
  endfacet
  facet normal 0 0 1
    outer loop
      vertex 11.5 6.75 7.5
      vertex 12.2163 8.12095 7.5
      vertex 12.1526 8.25 7.5
    endloop
  endfacet
  facet normal 0 0 1
    outer loop
      vertex 12.2625 7.4153 7.5
      vertex 11.5 6.75 7.5
      vertex 12.2163 7.27905 7.5
    endloop
  endfacet
  facet normal 0 0 1
    outer loop
      vertex 11.5 6.75 7.5
      vertex 12.1526 8.25 7.5
      vertex 12.0727 8.36964 7.5
    endloop
  endfacet
  facet normal 0 0 1
    outer loop
      vertex 12.2163 7.27905 7.5
      vertex 11.5 6.75 7.5
      vertex 12.1526 7.15 7.5
    endloop
  endfacet
  facet normal 0 0 1
    outer loop
      vertex 11.5 6.75 7.5
      vertex 12.0727 8.36964 7.5
      vertex 11.9778 8.47782 7.5
    endloop
  endfacet
  facet normal 0 0 1
    outer loop
      vertex 12.1526 7.15 7.5
      vertex 11.5 6.75 7.5
      vertex 12.0727 7.03036 7.5
    endloop
  endfacet
  facet normal 0 0 1
    outer loop
      vertex 11.5 6.75 7.5
      vertex 11.9778 8.47782 7.5
      vertex 11.8696 8.57269 7.5
    endloop
  endfacet
  facet normal 0 0 1
    outer loop
      vertex 12.0727 7.03036 7.5
      vertex 11.5 6.75 7.5
      vertex 11.9778 6.92218 7.5
    endloop
  endfacet
  facet normal 0 0 1
    outer loop
      vertex 11.9778 6.92218 7.5
      vertex 11.5 6.75 7.5
      vertex 11.8696 6.82731 7.5
    endloop
  endfacet
  facet normal 0 0 1
    outer loop
      vertex 10.25 8 7.5
      vertex 11.8696 8.57269 7.5
      vertex 11.75 8.65263 7.5
    endloop
  endfacet
  facet normal 0 0 1
    outer loop
      vertex 10.25 8 7.5
      vertex 11.75 8.65263 7.5
      vertex 11.621 8.71627 7.5
    endloop
  endfacet
  facet normal 0 0 1
    outer loop
      vertex 11.8696 6.82731 7.5
      vertex 11.5 6.75 7.5
      vertex 11.7539 6.75 7.5
    endloop
  endfacet
  facet normal 0 0 1
    outer loop
      vertex 11.8696 8.57269 7.5
      vertex 10.25 8 7.5
      vertex 11.5 6.75 7.5
    endloop
  endfacet
  facet normal 0 0 1
    outer loop
      vertex 10.25 8 7.5
      vertex 11.621 8.71627 7.5
      vertex 11.4847 8.76252 7.5
    endloop
  endfacet
  facet normal 0 0 1
    outer loop
      vertex 11.5 -6.75 7.5
      vertex 12.3 -7.7 7.5
      vertex 12.2906 -7.55642 7.5
    endloop
  endfacet
  facet normal 0 0 1
    outer loop
      vertex 11.5 -6.75 7.5
      vertex 12.2906 -7.55642 7.5
      vertex 12.2625 -7.4153 7.5
    endloop
  endfacet
  facet normal 0 0 1
    outer loop
      vertex 12.3 -7.7 7.5
      vertex 11.5 -6.75 7.5
      vertex 12.2906 -7.84358 7.5
    endloop
  endfacet
  facet normal 0 0 1
    outer loop
      vertex 11.5 -6.75 7.5
      vertex 12.2625 -7.4153 7.5
      vertex 12.2163 -7.27905 7.5
    endloop
  endfacet
  facet normal 0 0 1
    outer loop
      vertex 12.2906 -7.84358 7.5
      vertex 11.5 -6.75 7.5
      vertex 12.2625 -7.9847 7.5
    endloop
  endfacet
  facet normal 0 0 1
    outer loop
      vertex 11.5 -6.75 7.5
      vertex 12.2163 -7.27905 7.5
      vertex 12.1526 -7.15 7.5
    endloop
  endfacet
  facet normal 0 0 1
    outer loop
      vertex 12.2625 -7.9847 7.5
      vertex 11.5 -6.75 7.5
      vertex 12.2163 -8.12095 7.5
    endloop
  endfacet
  facet normal 0 0 1
    outer loop
      vertex 11.5 -6.75 7.5
      vertex 12.1526 -7.15 7.5
      vertex 12.0727 -7.03036 7.5
    endloop
  endfacet
  facet normal 0 0 1
    outer loop
      vertex 12.2163 -8.12095 7.5
      vertex 11.5 -6.75 7.5
      vertex 12.1526 -8.25 7.5
    endloop
  endfacet
  facet normal 0 0 1
    outer loop
      vertex 11.5 -6.75 7.5
      vertex 12.0727 -7.03036 7.5
      vertex 11.9778 -6.92218 7.5
    endloop
  endfacet
  facet normal 0 0 1
    outer loop
      vertex 12.1526 -8.25 7.5
      vertex 11.5 -6.75 7.5
      vertex 12.0727 -8.36964 7.5
    endloop
  endfacet
  facet normal 0 0 1
    outer loop
      vertex 11.5 -6.75 7.5
      vertex 11.9778 -6.92218 7.5
      vertex 11.8696 -6.82731 7.5
    endloop
  endfacet
  facet normal 0 0 1
    outer loop
      vertex 12.0727 -8.36964 7.5
      vertex 11.5 -6.75 7.5
      vertex 11.9778 -8.47782 7.5
    endloop
  endfacet
  facet normal -0 0 1
    outer loop
      vertex 11.5 -6.75 7.5
      vertex 11.8696 -6.82731 7.5
      vertex 11.7539 -6.75 7.5
    endloop
  endfacet
  facet normal 0 0 1
    outer loop
      vertex 11.9778 -8.47782 7.5
      vertex 11.5 -6.75 7.5
      vertex 11.8696 -8.57269 7.5
    endloop
  endfacet
  facet normal 0 0 1
    outer loop
      vertex 11.8696 -8.57269 7.5
      vertex 11.5 -6.75 7.5
      vertex 11.75 -8.65263 7.5
    endloop
  endfacet
  facet normal 0 0 1
    outer loop
      vertex 11.75 -8.65263 7.5
      vertex 11.5 -6.75 7.5
      vertex 11.621 -8.71627 7.5
    endloop
  endfacet
  facet normal 0 0 1
    outer loop
      vertex 11.5 -6.75 7.5
      vertex 11.4847 -8.76252 7.5
      vertex 11.621 -8.71627 7.5
    endloop
  endfacet
  facet normal 0 0 1
    outer loop
      vertex 5.62132 2.12132 7.5
      vertex 11.5 6.75 7.5
      vertex 10.25 8 7.5
    endloop
  endfacet
  facet normal 0 0 1
    outer loop
      vertex 10.25 8 7.5
      vertex 11.4847 8.76252 7.5
      vertex 11.3436 8.79059 7.5
    endloop
  endfacet
  facet normal 0 -0 1
    outer loop
      vertex 6.5 0 7.5
      vertex 11.5 6.75 7.5
      vertex 6.47433 0.391578 7.5
    endloop
  endfacet
  facet normal 0 0 1
    outer loop
      vertex 10.25 8 7.5
      vertex 11.3436 8.79059 7.5
      vertex 11.2 8.8 7.5
    endloop
  endfacet
  facet normal -0 0 1
    outer loop
      vertex 6.47433 -0.391578 7.5
      vertex 11.5 -6.75 7.5
      vertex 6.5 0 7.5
    endloop
  endfacet
  facet normal 0 0 1
    outer loop
      vertex 10.25 8 7.5
      vertex 11.2 8.8 7.5
      vertex 11.0564 8.79059 7.5
    endloop
  endfacet
  facet normal -0 0 1
    outer loop
      vertex 6.39778 -0.776457 7.5
      vertex 11.5 -6.75 7.5
      vertex 6.47433 -0.391578 7.5
    endloop
  endfacet
  facet normal 0 0 1
    outer loop
      vertex 10.25 8 7.5
      vertex 11.0564 8.79059 7.5
      vertex 10.9153 8.76252 7.5
    endloop
  endfacet
  facet normal 0 -0 1
    outer loop
      vertex 10.4222 -8.47782 7.5
      vertex 11.5 -6.75 7.5
      vertex 10.2474 -8.25 7.5
    endloop
  endfacet
  facet normal 0 0 1
    outer loop
      vertex 10.25 8 7.5
      vertex 10.9153 8.76252 7.5
      vertex 10.779 8.71627 7.5
    endloop
  endfacet
  facet normal 0 0 1
    outer loop
      vertex 11.5 -6.75 7.5
      vertex 11.3436 -8.79059 7.5
      vertex 11.4847 -8.76252 7.5
    endloop
  endfacet
  facet normal 0 0 1
    outer loop
      vertex 10.25 8 7.5
      vertex 10.779 8.71627 7.5
      vertex 10.65 8.65263 7.5
    endloop
  endfacet
  facet normal 0 0 1
    outer loop
      vertex 11.5 -6.75 7.5
      vertex 11.0564 -8.79059 7.5
      vertex 11.2 -8.8 7.5
    endloop
  endfacet
  facet normal 0 0 1
    outer loop
      vertex 10.25 8 7.5
      vertex 10.65 8.65263 7.5
      vertex 10.5304 8.57269 7.5
    endloop
  endfacet
  facet normal 0 0 1
    outer loop
      vertex 11.5 -6.75 7.5
      vertex 10.779 -8.71627 7.5
      vertex 10.9153 -8.76252 7.5
    endloop
  endfacet
  facet normal 0 0 1
    outer loop
      vertex 10.25 8 7.5
      vertex 10.5304 8.57269 7.5
      vertex 10.4222 8.47782 7.5
    endloop
  endfacet
  facet normal 0 0 1
    outer loop
      vertex 11.5 -6.75 7.5
      vertex 10.65 -8.65263 7.5
      vertex 10.779 -8.71627 7.5
    endloop
  endfacet
  facet normal 0 0 1
    outer loop
      vertex 10.25 8 7.5
      vertex 10.4222 8.47782 7.5
      vertex 10.3273 8.36964 7.5
    endloop
  endfacet
  facet normal 0 0 1
    outer loop
      vertex 11.5 -6.75 7.5
      vertex 10.5304 -8.57269 7.5
      vertex 10.65 -8.65263 7.5
    endloop
  endfacet
  facet normal 0 0 1
    outer loop
      vertex 10.25 8 7.5
      vertex 10.3273 8.36964 7.5
      vertex 10.25 8.25393 7.5
    endloop
  endfacet
  facet normal 0 0 1
    outer loop
      vertex 11.5 -6.75 7.5
      vertex 10.4222 -8.47782 7.5
      vertex 10.5304 -8.57269 7.5
    endloop
  endfacet
  facet normal 0 0 1
    outer loop
      vertex 10.4222 -8.47782 7.5
      vertex 10.2474 -8.25 7.5
      vertex 10.3273 -8.36964 7.5
    endloop
  endfacet
  facet normal 0 0 1
    outer loop
      vertex 11.5 -6.75 7.5
      vertex 10.9153 -8.76252 7.5
      vertex 11.0564 -8.79059 7.5
    endloop
  endfacet
  facet normal 0 0 1
    outer loop
      vertex 11.5 6.75 7.5
      vertex 6.5 0 7.5
      vertex 11.5 -6.75 7.5
    endloop
  endfacet
  facet normal 0 0 1
    outer loop
      vertex 11.5 6.75 7.5
      vertex 6.39778 0.776457 7.5
      vertex 6.47433 0.391578 7.5
    endloop
  endfacet
  facet normal 0 0 1
    outer loop
      vertex 11.5 6.75 7.5
      vertex 6.27164 1.14805 7.5
      vertex 6.39778 0.776457 7.5
    endloop
  endfacet
  facet normal 0 0 1
    outer loop
      vertex 11.5 6.75 7.5
      vertex 6.09808 1.5 7.5
      vertex 6.27164 1.14805 7.5
    endloop
  endfacet
  facet normal 0 0 1
    outer loop
      vertex 11.5 6.75 7.5
      vertex 5.88006 1.82628 7.5
      vertex 6.09808 1.5 7.5
    endloop
  endfacet
  facet normal 0 0 1
    outer loop
      vertex 11.5 6.75 7.5
      vertex 5.62132 2.12132 7.5
      vertex 5.88006 1.82628 7.5
    endloop
  endfacet
  facet normal 0 0 1
    outer loop
      vertex 10.25 8 7.5
      vertex 5.32628 2.38006 7.5
      vertex 5.62132 2.12132 7.5
    endloop
  endfacet
  facet normal 0 0 1
    outer loop
      vertex 10.25 8 7.5
      vertex 5 2.59808 7.5
      vertex 5.32628 2.38006 7.5
    endloop
  endfacet
  facet normal 0 0 1
    outer loop
      vertex 10.25 8 7.5
      vertex 4.64805 2.77164 7.5
      vertex 5 2.59808 7.5
    endloop
  endfacet
  facet normal 0 0 1
    outer loop
      vertex 10.25 8 7.5
      vertex 4.27646 2.89778 7.5
      vertex 4.64805 2.77164 7.5
    endloop
  endfacet
  facet normal 0 0 1
    outer loop
      vertex 10.25 8 7.5
      vertex 3.89158 2.97433 7.5
      vertex 4.27646 2.89778 7.5
    endloop
  endfacet
  facet normal 0 0 1
    outer loop
      vertex 10.25 8 7.5
      vertex 3.5 3 7.5
      vertex 3.89158 2.97433 7.5
    endloop
  endfacet
  facet normal -0 0 1
    outer loop
      vertex -3.25 8 7.5
      vertex 3.5 3 7.5
      vertex 10.25 8 7.5
    endloop
  endfacet
  facet normal 0 0 1
    outer loop
      vertex 3.5 3 7.5
      vertex -3.25 8 7.5
      vertex 3.10842 2.97433 7.5
    endloop
  endfacet
  facet normal 0 0 1
    outer loop
      vertex 3.10842 2.97433 7.5
      vertex -3.25 8 7.5
      vertex 2.72354 2.89778 7.5
    endloop
  endfacet
  facet normal 0 0 1
    outer loop
      vertex 2.72354 2.89778 7.5
      vertex -3.25 8 7.5
      vertex 2.35195 2.77164 7.5
    endloop
  endfacet
  facet normal 0 0 1
    outer loop
      vertex -4.75 6.74737 7.5
      vertex 0.5 0 7.5
      vertex 0.525665 0.391578 7.5
    endloop
  endfacet
  facet normal 0 0 1
    outer loop
      vertex -4.75 6.74737 7.5
      vertex 0.525665 0.391578 7.5
      vertex 0.602222 0.776457 7.5
    endloop
  endfacet
  facet normal 0 0 1
    outer loop
      vertex -4.75 6.74737 7.5
      vertex 0.602222 0.776457 7.5
      vertex 0.728361 1.14805 7.5
    endloop
  endfacet
  facet normal 0 0 1
    outer loop
      vertex 2.35195 2.77164 7.5
      vertex -3.25 8 7.5
      vertex 2 2.59808 7.5
    endloop
  endfacet
  facet normal 0 0 1
    outer loop
      vertex -3.25 8 7.5
      vertex 1.67372 2.38006 7.5
      vertex 2 2.59808 7.5
    endloop
  endfacet
  facet normal 0 0 1
    outer loop
      vertex -3.25 8 7.5
      vertex 1.37868 2.12132 7.5
      vertex 1.67372 2.38006 7.5
    endloop
  endfacet
  facet normal 0 0 1
    outer loop
      vertex -3.25 8 7.5
      vertex 1.11994 1.82628 7.5
      vertex 1.37868 2.12132 7.5
    endloop
  endfacet
  facet normal -0 0 1
    outer loop
      vertex -4.75 6.74737 7.5
      vertex 1.11994 1.82628 7.5
      vertex -3.25 8 7.5
    endloop
  endfacet
  facet normal 0 0 1
    outer loop
      vertex 1.11994 1.82628 7.5
      vertex -4.75 6.74737 7.5
      vertex 0.901923 1.5 7.5
    endloop
  endfacet
  facet normal 0 0 1
    outer loop
      vertex 0.901923 1.5 7.5
      vertex -4.75 6.74737 7.5
      vertex 0.728361 1.14805 7.5
    endloop
  endfacet
  facet normal 0 0 1
    outer loop
      vertex -3.42218 8.47782 7.5
      vertex -3.25 8 7.5
      vertex -3.32731 8.36964 7.5
    endloop
  endfacet
  facet normal 0 0 1
    outer loop
      vertex 0.5 0 7.5
      vertex -4.75 6.74737 7.5
      vertex -4.75 -6.74737 7.5
    endloop
  endfacet
  facet normal 0 0 1
    outer loop
      vertex -3.53036 8.57269 7.5
      vertex -3.25 8 7.5
      vertex -3.42218 8.47782 7.5
    endloop
  endfacet
  facet normal 0 0 1
    outer loop
      vertex 0.5 0 7.5
      vertex -4.75 -6.74737 7.5
      vertex -3.24737 -8.25 7.5
    endloop
  endfacet
  facet normal 0 0 1
    outer loop
      vertex -3.65 8.65263 7.5
      vertex -3.25 8 7.5
      vertex -3.53036 8.57269 7.5
    endloop
  endfacet
  facet normal 0 0 1
    outer loop
      vertex -3.24737 -8.25 7.5
      vertex -4.75 -6.74737 7.5
      vertex -3.32731 -8.36964 7.5
    endloop
  endfacet
  facet normal 0 0 1
    outer loop
      vertex -3.77905 8.71627 7.5
      vertex -3.25 8 7.5
      vertex -3.65 8.65263 7.5
    endloop
  endfacet
  facet normal 0 0 1
    outer loop
      vertex -3.32731 -8.36964 7.5
      vertex -4.75 -6.74737 7.5
      vertex -3.42218 -8.47782 7.5
    endloop
  endfacet
  facet normal 0 0 1
    outer loop
      vertex -3.9153 8.76252 7.5
      vertex -3.25 8 7.5
      vertex -3.77905 8.71627 7.5
    endloop
  endfacet
  facet normal 0 0 1
    outer loop
      vertex -3.42218 -8.47782 7.5
      vertex -4.75 -6.74737 7.5
      vertex -3.53036 -8.57269 7.5
    endloop
  endfacet
  facet normal 0 0 1
    outer loop
      vertex -4.05642 8.79059 7.5
      vertex -3.25 8 7.5
      vertex -3.9153 8.76252 7.5
    endloop
  endfacet
  facet normal 0 0 1
    outer loop
      vertex -3.53036 -8.57269 7.5
      vertex -4.75 -6.74737 7.5
      vertex -3.65 -8.65263 7.5
    endloop
  endfacet
  facet normal 0 0 1
    outer loop
      vertex -4.2 8.8 7.5
      vertex -3.25 8 7.5
      vertex -4.05642 8.79059 7.5
    endloop
  endfacet
  facet normal 0 0 1
    outer loop
      vertex -3.65 -8.65263 7.5
      vertex -4.75 -6.74737 7.5
      vertex -3.77905 -8.71627 7.5
    endloop
  endfacet
  facet normal -0 0 1
    outer loop
      vertex -4.34358 8.79059 7.5
      vertex -3.25 8 7.5
      vertex -4.2 8.8 7.5
    endloop
  endfacet
  facet normal 0 0 1
    outer loop
      vertex -3.77905 -8.71627 7.5
      vertex -4.75 -6.74737 7.5
      vertex -3.9153 -8.76252 7.5
    endloop
  endfacet
  facet normal -0 0 1
    outer loop
      vertex -4.4847 8.76252 7.5
      vertex -3.25 8 7.5
      vertex -4.34358 8.79059 7.5
    endloop
  endfacet
  facet normal 0 0 1
    outer loop
      vertex -3.9153 -8.76252 7.5
      vertex -4.75 -6.74737 7.5
      vertex -4.05642 -8.79059 7.5
    endloop
  endfacet
  facet normal -0 0 1
    outer loop
      vertex -4.62095 8.71627 7.5
      vertex -3.25 8 7.5
      vertex -4.4847 8.76252 7.5
    endloop
  endfacet
  facet normal 0 0 1
    outer loop
      vertex -4.05642 -8.79059 7.5
      vertex -4.75 -6.74737 7.5
      vertex -4.2 -8.8 7.5
    endloop
  endfacet
  facet normal -0 0 1
    outer loop
      vertex -4.75 8.65263 7.5
      vertex -3.25 8 7.5
      vertex -4.62095 8.71627 7.5
    endloop
  endfacet
  facet normal 0 0 1
    outer loop
      vertex -4.2 -8.8 7.5
      vertex -4.75 -6.74737 7.5
      vertex -4.34358 -8.79059 7.5
    endloop
  endfacet
  facet normal -0 0 1
    outer loop
      vertex -4.86964 8.57269 7.5
      vertex -3.25 8 7.5
      vertex -4.75 8.65263 7.5
    endloop
  endfacet
  facet normal 0 0 1
    outer loop
      vertex -4.34358 -8.79059 7.5
      vertex -4.75 -6.74737 7.5
      vertex -4.4847 -8.76252 7.5
    endloop
  endfacet
  facet normal 0 0 1
    outer loop
      vertex -4.4847 -8.76252 7.5
      vertex -4.75 -6.74737 7.5
      vertex -4.62095 -8.71627 7.5
    endloop
  endfacet
  facet normal 0 0 1
    outer loop
      vertex -4.75 -6.74737 7.5
      vertex -4.75 -8.65263 7.5
      vertex -4.62095 -8.71627 7.5
    endloop
  endfacet
  facet normal -0 0 1
    outer loop
      vertex -4.86964 -6.82731 7.5
      vertex -4.75 -8.65263 7.5
      vertex -4.75 -6.74737 7.5
    endloop
  endfacet
  facet normal 0 0 1
    outer loop
      vertex -4.86964 -6.82731 7.5
      vertex -4.86964 -8.57269 7.5
      vertex -4.75 -8.65263 7.5
    endloop
  endfacet
  facet normal -0 0 1
    outer loop
      vertex -4.97782 -6.92218 7.5
      vertex -4.86964 -8.57269 7.5
      vertex -4.86964 -6.82731 7.5
    endloop
  endfacet
  facet normal 0 0 1
    outer loop
      vertex -4.97782 -6.92218 7.5
      vertex -4.97782 -8.47782 7.5
      vertex -4.86964 -8.57269 7.5
    endloop
  endfacet
  facet normal -0 0 1
    outer loop
      vertex -5.07269 -7.03036 7.5
      vertex -4.97782 -8.47782 7.5
      vertex -4.97782 -6.92218 7.5
    endloop
  endfacet
  facet normal 0 0 1
    outer loop
      vertex -5.07269 -7.03036 7.5
      vertex -5.07269 -8.36964 7.5
      vertex -4.97782 -8.47782 7.5
    endloop
  endfacet
  facet normal -0 0 1
    outer loop
      vertex -5.15263 -7.15 7.5
      vertex -5.07269 -8.36964 7.5
      vertex -5.07269 -7.03036 7.5
    endloop
  endfacet
  facet normal 0 0 1
    outer loop
      vertex -5.15263 -7.15 7.5
      vertex -5.15263 -8.25 7.5
      vertex -5.07269 -8.36964 7.5
    endloop
  endfacet
  facet normal -0 0 1
    outer loop
      vertex -5.21627 -7.27905 7.5
      vertex -5.15263 -8.25 7.5
      vertex -5.15263 -7.15 7.5
    endloop
  endfacet
  facet normal 0 0 1
    outer loop
      vertex -5.21627 -7.27905 7.5
      vertex -5.21627 -8.12095 7.5
      vertex -5.15263 -8.25 7.5
    endloop
  endfacet
  facet normal -0 0 1
    outer loop
      vertex -5.26252 -7.4153 7.5
      vertex -5.21627 -8.12095 7.5
      vertex -5.21627 -7.27905 7.5
    endloop
  endfacet
  facet normal 0 0 1
    outer loop
      vertex -5.26252 -7.4153 7.5
      vertex -5.26252 -7.9847 7.5
      vertex -5.21627 -8.12095 7.5
    endloop
  endfacet
  facet normal -0 0 1
    outer loop
      vertex -5.29059 -7.55642 7.5
      vertex -5.26252 -7.9847 7.5
      vertex -5.26252 -7.4153 7.5
    endloop
  endfacet
  facet normal 0 0 1
    outer loop
      vertex -5.29059 -7.55642 7.5
      vertex -5.29059 -7.84358 7.5
      vertex -5.26252 -7.9847 7.5
    endloop
  endfacet
  facet normal 0 -0 1
    outer loop
      vertex -5.29059 -7.84358 7.5
      vertex -5.29059 -7.55642 7.5
      vertex -5.3 -7.7 7.5
    endloop
  endfacet
  facet normal 0 0 1
    outer loop
      vertex 11.5 -6.75 7.5
      vertex 11.2 -8.8 7.5
      vertex 11.3436 -8.79059 7.5
    endloop
  endfacet
  facet normal -0 0 1
    outer loop
      vertex 6.27164 -1.14805 7.5
      vertex 11.5 -6.75 7.5
      vertex 6.39778 -0.776457 7.5
    endloop
  endfacet
  facet normal -0 0 1
    outer loop
      vertex 6.09808 -1.5 7.5
      vertex 11.5 -6.75 7.5
      vertex 6.27164 -1.14805 7.5
    endloop
  endfacet
  facet normal -0 0 1
    outer loop
      vertex 5.88006 -1.82628 7.5
      vertex 11.5 -6.75 7.5
      vertex 6.09808 -1.5 7.5
    endloop
  endfacet
  facet normal -0 0 1
    outer loop
      vertex 5.62132 -2.12132 7.5
      vertex 11.5 -6.75 7.5
      vertex 5.88006 -1.82628 7.5
    endloop
  endfacet
  facet normal 0 0 1
    outer loop
      vertex 11.5 -6.75 7.5
      vertex 5.62132 -2.12132 7.5
      vertex 10.2474 -8.25 7.5
    endloop
  endfacet
  facet normal -0 0 1
    outer loop
      vertex 5.32628 -2.38006 7.5
      vertex 10.2474 -8.25 7.5
      vertex 5.62132 -2.12132 7.5
    endloop
  endfacet
  facet normal -0 0 1
    outer loop
      vertex 5 -2.59808 7.5
      vertex 10.2474 -8.25 7.5
      vertex 5.32628 -2.38006 7.5
    endloop
  endfacet
  facet normal -0 0 1
    outer loop
      vertex 4.64805 -2.77164 7.5
      vertex 10.2474 -8.25 7.5
      vertex 5 -2.59808 7.5
    endloop
  endfacet
  facet normal -0 0 1
    outer loop
      vertex 4.27646 -2.89778 7.5
      vertex 10.2474 -8.25 7.5
      vertex 4.64805 -2.77164 7.5
    endloop
  endfacet
  facet normal -0 0 1
    outer loop
      vertex 3.89158 -2.97433 7.5
      vertex 10.2474 -8.25 7.5
      vertex 4.27646 -2.89778 7.5
    endloop
  endfacet
  facet normal -0 0 1
    outer loop
      vertex 3.5 -3 7.5
      vertex 10.2474 -8.25 7.5
      vertex 3.89158 -2.97433 7.5
    endloop
  endfacet
  facet normal 0 0 1
    outer loop
      vertex -3.24737 -8.25 7.5
      vertex 3.5 -3 7.5
      vertex 3.10842 -2.97433 7.5
    endloop
  endfacet
  facet normal 0 0 1
    outer loop
      vertex -3.24737 -8.25 7.5
      vertex 3.10842 -2.97433 7.5
      vertex 2.72354 -2.89778 7.5
    endloop
  endfacet
  facet normal 0 0 1
    outer loop
      vertex -3.24737 -8.25 7.5
      vertex 2.72354 -2.89778 7.5
      vertex 2.35195 -2.77164 7.5
    endloop
  endfacet
  facet normal 0 0 1
    outer loop
      vertex -3.24737 -8.25 7.5
      vertex 2.35195 -2.77164 7.5
      vertex 2 -2.59808 7.5
    endloop
  endfacet
  facet normal 0 0 1
    outer loop
      vertex -3.24737 -8.25 7.5
      vertex 2 -2.59808 7.5
      vertex 1.67372 -2.38006 7.5
    endloop
  endfacet
  facet normal 0 0 1
    outer loop
      vertex 3.5 -3 7.5
      vertex -3.24737 -8.25 7.5
      vertex 10.2474 -8.25 7.5
    endloop
  endfacet
  facet normal 0 0 1
    outer loop
      vertex 1.37868 -2.12132 7.5
      vertex -3.24737 -8.25 7.5
      vertex 1.67372 -2.38006 7.5
    endloop
  endfacet
  facet normal 0 0 1
    outer loop
      vertex 1.11994 -1.82628 7.5
      vertex -3.24737 -8.25 7.5
      vertex 1.37868 -2.12132 7.5
    endloop
  endfacet
  facet normal 0 0 1
    outer loop
      vertex 0.901923 -1.5 7.5
      vertex -3.24737 -8.25 7.5
      vertex 1.11994 -1.82628 7.5
    endloop
  endfacet
  facet normal 0 0 1
    outer loop
      vertex 0.728361 -1.14805 7.5
      vertex -3.24737 -8.25 7.5
      vertex 0.901923 -1.5 7.5
    endloop
  endfacet
  facet normal 0 0 1
    outer loop
      vertex 0.602222 -0.776457 7.5
      vertex -3.24737 -8.25 7.5
      vertex 0.728361 -1.14805 7.5
    endloop
  endfacet
  facet normal 0 0 1
    outer loop
      vertex 0.525665 -0.391578 7.5
      vertex -3.24737 -8.25 7.5
      vertex 0.602222 -0.776457 7.5
    endloop
  endfacet
  facet normal 0 0 1
    outer loop
      vertex -3.24737 -8.25 7.5
      vertex 0.525665 -0.391578 7.5
      vertex 0.5 0 7.5
    endloop
  endfacet
  facet normal -0 0 1
    outer loop
      vertex -4.97782 8.47782 7.5
      vertex -3.25 8 7.5
      vertex -4.86964 8.57269 7.5
    endloop
  endfacet
  facet normal 0 0 1
    outer loop
      vertex -3.25 8 7.5
      vertex -4.86964 6.82731 7.5
      vertex -4.75 6.74737 7.5
    endloop
  endfacet
  facet normal -0 0 1
    outer loop
      vertex -5.07269 8.36964 7.5
      vertex -3.25 8 7.5
      vertex -4.97782 8.47782 7.5
    endloop
  endfacet
  facet normal 0 0 1
    outer loop
      vertex -3.25 8 7.5
      vertex -4.97782 6.92218 7.5
      vertex -4.86964 6.82731 7.5
    endloop
  endfacet
  facet normal -0 0 1
    outer loop
      vertex -5.15263 8.25 7.5
      vertex -3.25 8 7.5
      vertex -5.07269 8.36964 7.5
    endloop
  endfacet
  facet normal 0 0 1
    outer loop
      vertex -3.25 8 7.5
      vertex -5.07269 7.03036 7.5
      vertex -4.97782 6.92218 7.5
    endloop
  endfacet
  facet normal -0 0 1
    outer loop
      vertex -5.21627 8.12095 7.5
      vertex -3.25 8 7.5
      vertex -5.15263 8.25 7.5
    endloop
  endfacet
  facet normal 0 0 1
    outer loop
      vertex -3.25 8 7.5
      vertex -5.15263 7.15 7.5
      vertex -5.07269 7.03036 7.5
    endloop
  endfacet
  facet normal 0 0 1
    outer loop
      vertex -5.26252 7.9847 7.5
      vertex -3.25 8 7.5
      vertex -5.21627 8.12095 7.5
    endloop
  endfacet
  facet normal 0 0 1
    outer loop
      vertex -3.25 8 7.5
      vertex -5.21627 7.27905 7.5
      vertex -5.15263 7.15 7.5
    endloop
  endfacet
  facet normal 0 0 1
    outer loop
      vertex -5.29059 7.84358 7.5
      vertex -3.25 8 7.5
      vertex -5.26252 7.9847 7.5
    endloop
  endfacet
  facet normal 0 0 1
    outer loop
      vertex -3.25 8 7.5
      vertex -5.26252 7.4153 7.5
      vertex -5.21627 7.27905 7.5
    endloop
  endfacet
  facet normal 0 0 1
    outer loop
      vertex -3.25 8 7.5
      vertex -5.29059 7.84358 7.5
      vertex -5.26252 7.4153 7.5
    endloop
  endfacet
  facet normal 0 0 1
    outer loop
      vertex -5.29059 7.84358 7.5
      vertex -5.29059 7.55642 7.5
      vertex -5.26252 7.4153 7.5
    endloop
  endfacet
  facet normal 0 -0 1
    outer loop
      vertex -5.29059 7.55642 7.5
      vertex -5.29059 7.84358 7.5
      vertex -5.3 7.7 7.5
    endloop
  endfacet
  facet normal 0.442286 -0.896874 0
    outer loop
      vertex -3.77905 -8.71627 5.3
      vertex -3.65 -8.65263 7.5
      vertex -3.77905 -8.71627 7.5
    endloop
  endfacet
  facet normal 0.442286 -0.896874 0
    outer loop
      vertex -3.65 -8.65263 7.5
      vertex -3.77905 -8.71627 5.3
      vertex -3.65 -8.65263 5.3
    endloop
  endfacet
  facet normal 0.751844 -0.659341 0
    outer loop
      vertex -3.42218 -8.47782 7.5
      vertex -3.32731 -8.36964 5.3
      vertex -3.32731 -8.36964 7.5
    endloop
  endfacet
  facet normal 0.751844 -0.659341 0
    outer loop
      vertex -3.32731 -8.36964 5.3
      vertex -3.42218 -8.47782 7.5
      vertex -3.42218 -8.47782 5.3
    endloop
  endfacet
  facet normal -0.442286 -0.896874 0
    outer loop
      vertex -4.75 -8.65263 5.3
      vertex -4.62095 -8.71627 7.5
      vertex -4.75 -8.65263 7.5
    endloop
  endfacet
  facet normal -0.442286 -0.896874 -0
    outer loop
      vertex -4.62095 -8.71627 7.5
      vertex -4.75 -8.65263 5.3
      vertex -4.62095 -8.71627 5.3
    endloop
  endfacet
  facet normal -0.0653981 0.997859 0
    outer loop
      vertex -4.2 8.8 5.3
      vertex -4.34358 8.79059 7.5
      vertex -4.2 8.8 7.5
    endloop
  endfacet
  facet normal -0.0653981 0.997859 0
    outer loop
      vertex -4.34358 8.79059 7.5
      vertex -4.2 8.8 5.3
      vertex -4.34358 8.79059 5.3
    endloop
  endfacet
  facet normal 0.659341 0.751844 -0
    outer loop
      vertex -3.42218 8.47782 5.3
      vertex -3.53036 8.57269 7.5
      vertex -3.42218 8.47782 7.5
    endloop
  endfacet
  facet normal 0.659341 0.751844 0
    outer loop
      vertex -3.53036 8.57269 7.5
      vertex -3.42218 8.47782 5.3
      vertex -3.53036 8.57269 5.3
    endloop
  endfacet
  facet normal -0.751844 0.659341 0
    outer loop
      vertex -5.07269 8.36964 5.3
      vertex -4.97782 8.47782 7.5
      vertex -4.97782 8.47782 5.3
    endloop
  endfacet
  facet normal -0.751844 0.659341 0
    outer loop
      vertex -4.97782 8.47782 7.5
      vertex -5.07269 8.36964 5.3
      vertex -5.07269 8.36964 7.5
    endloop
  endfacet
  facet normal -0.442286 0.896874 0
    outer loop
      vertex -4.62095 8.71627 5.3
      vertex -4.75 8.65263 7.5
      vertex -4.62095 8.71627 7.5
    endloop
  endfacet
  facet normal -0.442286 0.896874 0
    outer loop
      vertex -4.75 8.65263 7.5
      vertex -4.62095 8.71627 5.3
      vertex -4.75 8.65263 5.3
    endloop
  endfacet
  facet normal 0.831486 0.555546 0
    outer loop
      vertex -3.25 8.25393 7.5
      vertex -3.32731 8.36964 5.3
      vertex -3.32731 8.36964 7.5
    endloop
  endfacet
  facet normal 0.831486 0.555546 0
    outer loop
      vertex -3.32731 8.36964 5.3
      vertex -3.25 8.25393 7.5
      vertex -3.25 8.25393 5.3
    endloop
  endfacet
  facet normal 0.321435 0.946931 -0
    outer loop
      vertex -3.77905 8.71627 5.3
      vertex -3.9153 8.76252 7.5
      vertex -3.77905 8.71627 7.5
    endloop
  endfacet
  facet normal 0.321435 0.946931 0
    outer loop
      vertex -3.9153 8.76252 7.5
      vertex -3.77905 8.71627 5.3
      vertex -3.9153 8.76252 5.3
    endloop
  endfacet
  facet normal 0.195087 0.980786 -0
    outer loop
      vertex -3.9153 8.76252 5.3
      vertex -4.05642 8.79059 7.5
      vertex -3.9153 8.76252 7.5
    endloop
  endfacet
  facet normal 0.195087 0.980786 0
    outer loop
      vertex -4.05642 8.79059 7.5
      vertex -3.9153 8.76252 5.3
      vertex -4.05642 8.79059 5.3
    endloop
  endfacet
  facet normal 0.555566 0.831472 -0
    outer loop
      vertex -3.53036 8.57269 5.3
      vertex -3.65 8.65263 7.5
      vertex -3.53036 8.57269 7.5
    endloop
  endfacet
  facet normal 0.555566 0.831472 0
    outer loop
      vertex -3.65 8.65263 7.5
      vertex -3.53036 8.57269 5.3
      vertex -3.65 8.65263 5.3
    endloop
  endfacet
  facet normal -0.946931 0.321435 0
    outer loop
      vertex -5.26252 7.9847 5.3
      vertex -5.21627 8.12095 7.5
      vertex -5.21627 8.12095 5.3
    endloop
  endfacet
  facet normal -0.946931 0.321435 0
    outer loop
      vertex -5.21627 8.12095 7.5
      vertex -5.26252 7.9847 5.3
      vertex -5.26252 7.9847 7.5
    endloop
  endfacet
  facet normal -0.896874 0.442286 0
    outer loop
      vertex -5.21627 8.12095 5.3
      vertex -5.15263 8.25 7.5
      vertex -5.15263 8.25 5.3
    endloop
  endfacet
  facet normal -0.896874 0.442286 0
    outer loop
      vertex -5.15263 8.25 7.5
      vertex -5.21627 8.12095 5.3
      vertex -5.21627 8.12095 7.5
    endloop
  endfacet
  facet normal -0.980786 0.195087 0
    outer loop
      vertex -5.29059 7.84358 5.3
      vertex -5.26252 7.9847 7.5
      vertex -5.26252 7.9847 5.3
    endloop
  endfacet
  facet normal -0.980786 0.195087 0
    outer loop
      vertex -5.26252 7.9847 7.5
      vertex -5.29059 7.84358 5.3
      vertex -5.29059 7.84358 7.5
    endloop
  endfacet
  facet normal -0.555566 0.831472 0
    outer loop
      vertex -4.75 8.65263 5.3
      vertex -4.86964 8.57269 7.5
      vertex -4.75 8.65263 7.5
    endloop
  endfacet
  facet normal -0.555566 0.831472 0
    outer loop
      vertex -4.86964 8.57269 7.5
      vertex -4.75 8.65263 5.3
      vertex -4.86964 8.57269 5.3
    endloop
  endfacet
  facet normal -0.321435 0.946931 0
    outer loop
      vertex -4.4847 8.76252 5.3
      vertex -4.62095 8.71627 7.5
      vertex -4.4847 8.76252 7.5
    endloop
  endfacet
  facet normal -0.321435 0.946931 0
    outer loop
      vertex -4.62095 8.71627 7.5
      vertex -4.4847 8.76252 5.3
      vertex -4.62095 8.71627 5.3
    endloop
  endfacet
  facet normal 0.751844 0.659341 0
    outer loop
      vertex -3.32731 8.36964 7.5
      vertex -3.42218 8.47782 5.3
      vertex -3.42218 8.47782 7.5
    endloop
  endfacet
  facet normal 0.751844 0.659341 0
    outer loop
      vertex -3.42218 8.47782 5.3
      vertex -3.32731 8.36964 7.5
      vertex -3.32731 8.36964 5.3
    endloop
  endfacet
  facet normal 0.0653981 0.997859 -0
    outer loop
      vertex -4.05642 8.79059 5.3
      vertex -4.2 8.8 7.5
      vertex -4.05642 8.79059 7.5
    endloop
  endfacet
  facet normal 0.0653981 0.997859 0
    outer loop
      vertex -4.2 8.8 7.5
      vertex -4.05642 8.79059 5.3
      vertex -4.2 8.8 5.3
    endloop
  endfacet
  facet normal 0 0 -1
    outer loop
      vertex -4.86964 6.82731 5.3
      vertex -4.75 8.25 5.3
      vertex -4.75 6.74737 5.3
    endloop
  endfacet
  facet normal 0 0 -1
    outer loop
      vertex -4.97782 6.92218 5.3
      vertex -4.75 8.25 5.3
      vertex -4.86964 6.82731 5.3
    endloop
  endfacet
  facet normal 0 0 -1
    outer loop
      vertex -4.75 8.25 5.3
      vertex -4.86964 8.57269 5.3
      vertex -4.75 8.65263 5.3
    endloop
  endfacet
  facet normal 0 0 -1
    outer loop
      vertex -5.07269 7.03036 5.3
      vertex -4.75 8.25 5.3
      vertex -4.97782 6.92218 5.3
    endloop
  endfacet
  facet normal 0 0 -1
    outer loop
      vertex -4.75 8.25 5.3
      vertex -4.97782 8.47782 5.3
      vertex -4.86964 8.57269 5.3
    endloop
  endfacet
  facet normal 0 0 -1
    outer loop
      vertex -5.15263 7.15 5.3
      vertex -4.75 8.25 5.3
      vertex -5.07269 7.03036 5.3
    endloop
  endfacet
  facet normal 0 0 -1
    outer loop
      vertex -4.75 8.25 5.3
      vertex -5.07269 8.36964 5.3
      vertex -4.97782 8.47782 5.3
    endloop
  endfacet
  facet normal 0 0 -1
    outer loop
      vertex -5.21627 7.27905 5.3
      vertex -4.75 8.25 5.3
      vertex -5.15263 7.15 5.3
    endloop
  endfacet
  facet normal 0 0 -1
    outer loop
      vertex -4.75 8.25 5.3
      vertex -5.15263 8.25 5.3
      vertex -5.07269 8.36964 5.3
    endloop
  endfacet
  facet normal 0 0 -1
    outer loop
      vertex -5.26252 7.4153 5.3
      vertex -4.75 8.25 5.3
      vertex -5.21627 7.27905 5.3
    endloop
  endfacet
  facet normal -0 0 -1
    outer loop
      vertex -4.75 8.25 5.3
      vertex -5.21627 8.12095 5.3
      vertex -5.15263 8.25 5.3
    endloop
  endfacet
  facet normal 0 0 -1
    outer loop
      vertex -5.29059 7.55642 5.3
      vertex -4.75 8.25 5.3
      vertex -5.26252 7.4153 5.3
    endloop
  endfacet
  facet normal 0 0 -1
    outer loop
      vertex -4.75 8.25 5.3
      vertex -5.26252 7.9847 5.3
      vertex -5.21627 8.12095 5.3
    endloop
  endfacet
  facet normal 0 0 -1
    outer loop
      vertex -5.3 7.7 5.3
      vertex -4.75 8.25 5.3
      vertex -5.29059 7.55642 5.3
    endloop
  endfacet
  facet normal 0 0 -1
    outer loop
      vertex -4.75 8.25 5.3
      vertex -5.29059 7.84358 5.3
      vertex -5.26252 7.9847 5.3
    endloop
  endfacet
  facet normal 0 0 -1
    outer loop
      vertex -4.75 8.25 5.3
      vertex -5.3 7.7 5.3
      vertex -5.29059 7.84358 5.3
    endloop
  endfacet
  facet normal 0 0 -1
    outer loop
      vertex -3.25 8.25 5.3
      vertex -3.32731 8.36964 5.3
      vertex -3.25 8.25393 5.3
    endloop
  endfacet
  facet normal 0 0 -1
    outer loop
      vertex -4.75 8.25 5.3
      vertex -3.32731 8.36964 5.3
      vertex -3.25 8.25 5.3
    endloop
  endfacet
  facet normal -0 0 -1
    outer loop
      vertex -3.32731 8.36964 5.3
      vertex -4.75 8.25 5.3
      vertex -3.42218 8.47782 5.3
    endloop
  endfacet
  facet normal -0 0 -1
    outer loop
      vertex -3.42218 8.47782 5.3
      vertex -4.75 8.25 5.3
      vertex -3.53036 8.57269 5.3
    endloop
  endfacet
  facet normal -0 0 -1
    outer loop
      vertex -3.53036 8.57269 5.3
      vertex -4.75 8.25 5.3
      vertex -3.65 8.65263 5.3
    endloop
  endfacet
  facet normal -0 0 -1
    outer loop
      vertex -3.65 8.65263 5.3
      vertex -4.75 8.25 5.3
      vertex -3.77905 8.71627 5.3
    endloop
  endfacet
  facet normal -0 0 -1
    outer loop
      vertex -3.77905 8.71627 5.3
      vertex -4.75 8.25 5.3
      vertex -3.9153 8.76252 5.3
    endloop
  endfacet
  facet normal -0 0 -1
    outer loop
      vertex -3.9153 8.76252 5.3
      vertex -4.75 8.25 5.3
      vertex -4.05642 8.79059 5.3
    endloop
  endfacet
  facet normal -0 0 -1
    outer loop
      vertex -4.05642 8.79059 5.3
      vertex -4.75 8.25 5.3
      vertex -4.2 8.8 5.3
    endloop
  endfacet
  facet normal 0 0 -1
    outer loop
      vertex -4.2 8.8 5.3
      vertex -4.75 8.25 5.3
      vertex -4.34358 8.79059 5.3
    endloop
  endfacet
  facet normal 0 0 -1
    outer loop
      vertex -4.34358 8.79059 5.3
      vertex -4.75 8.25 5.3
      vertex -4.4847 8.76252 5.3
    endloop
  endfacet
  facet normal 0 0 -1
    outer loop
      vertex -4.4847 8.76252 5.3
      vertex -4.75 8.25 5.3
      vertex -4.62095 8.71627 5.3
    endloop
  endfacet
  facet normal 0 0 -1
    outer loop
      vertex -4.62095 8.71627 5.3
      vertex -4.75 8.25 5.3
      vertex -4.75 8.65263 5.3
    endloop
  endfacet
  facet normal -0.997859 0.0653981 0
    outer loop
      vertex -5.3 7.7 5.3
      vertex -5.29059 7.84358 7.5
      vertex -5.29059 7.84358 5.3
    endloop
  endfacet
  facet normal -0.997859 0.0653981 0
    outer loop
      vertex -5.29059 7.84358 7.5
      vertex -5.3 7.7 5.3
      vertex -5.3 7.7 7.5
    endloop
  endfacet
  facet normal -0.195087 0.980786 0
    outer loop
      vertex -4.34358 8.79059 5.3
      vertex -4.4847 8.76252 7.5
      vertex -4.34358 8.79059 7.5
    endloop
  endfacet
  facet normal -0.195087 0.980786 0
    outer loop
      vertex -4.4847 8.76252 7.5
      vertex -4.34358 8.79059 5.3
      vertex -4.4847 8.76252 5.3
    endloop
  endfacet
  facet normal -0.831472 -0.555566 0
    outer loop
      vertex -5.07269 7.03036 5.3
      vertex -5.15263 7.15 7.5
      vertex -5.15263 7.15 5.3
    endloop
  endfacet
  facet normal -0.831472 -0.555566 0
    outer loop
      vertex -5.15263 7.15 7.5
      vertex -5.07269 7.03036 5.3
      vertex -5.07269 7.03036 7.5
    endloop
  endfacet
  facet normal 0.442286 0.896874 -0
    outer loop
      vertex -3.65 8.65263 5.3
      vertex -3.77905 8.71627 7.5
      vertex -3.65 8.65263 7.5
    endloop
  endfacet
  facet normal 0.442286 0.896874 0
    outer loop
      vertex -3.77905 8.71627 7.5
      vertex -3.65 8.65263 5.3
      vertex -3.77905 8.71627 5.3
    endloop
  endfacet
  facet normal -0.831472 0.555566 0
    outer loop
      vertex -5.15263 8.25 5.3
      vertex -5.07269 8.36964 7.5
      vertex -5.07269 8.36964 5.3
    endloop
  endfacet
  facet normal -0.831472 0.555566 0
    outer loop
      vertex -5.07269 8.36964 7.5
      vertex -5.15263 8.25 5.3
      vertex -5.15263 8.25 7.5
    endloop
  endfacet
  facet normal -0.997859 -0.0653981 0
    outer loop
      vertex -5.29059 7.55642 5.3
      vertex -5.3 7.7 7.5
      vertex -5.3 7.7 5.3
    endloop
  endfacet
  facet normal -0.997859 -0.0653981 0
    outer loop
      vertex -5.3 7.7 7.5
      vertex -5.29059 7.55642 5.3
      vertex -5.29059 7.55642 7.5
    endloop
  endfacet
  facet normal -0.659341 0.751844 0
    outer loop
      vertex -4.86964 8.57269 5.3
      vertex -4.97782 8.47782 7.5
      vertex -4.86964 8.57269 7.5
    endloop
  endfacet
  facet normal -0.659341 0.751844 0
    outer loop
      vertex -4.97782 8.47782 7.5
      vertex -4.86964 8.57269 5.3
      vertex -4.97782 8.47782 5.3
    endloop
  endfacet
  facet normal -0.980786 -0.195087 0
    outer loop
      vertex -5.26252 7.4153 5.3
      vertex -5.29059 7.55642 7.5
      vertex -5.29059 7.55642 5.3
    endloop
  endfacet
  facet normal -0.980786 -0.195087 0
    outer loop
      vertex -5.29059 7.55642 7.5
      vertex -5.26252 7.4153 5.3
      vertex -5.26252 7.4153 7.5
    endloop
  endfacet
  facet normal -0.946931 -0.321435 0
    outer loop
      vertex -5.21627 7.27905 5.3
      vertex -5.26252 7.4153 7.5
      vertex -5.26252 7.4153 5.3
    endloop
  endfacet
  facet normal -0.946931 -0.321435 0
    outer loop
      vertex -5.26252 7.4153 7.5
      vertex -5.21627 7.27905 5.3
      vertex -5.21627 7.27905 7.5
    endloop
  endfacet
  facet normal -0.896874 -0.442286 0
    outer loop
      vertex -5.15263 7.15 5.3
      vertex -5.21627 7.27905 7.5
      vertex -5.21627 7.27905 5.3
    endloop
  endfacet
  facet normal -0.896874 -0.442286 0
    outer loop
      vertex -5.21627 7.27905 7.5
      vertex -5.15263 7.15 5.3
      vertex -5.15263 7.15 7.5
    endloop
  endfacet
  facet normal -0.555566 -0.831472 0
    outer loop
      vertex -4.86964 6.82731 5.3
      vertex -4.75 6.74737 7.5
      vertex -4.86964 6.82731 7.5
    endloop
  endfacet
  facet normal -0.555566 -0.831472 -0
    outer loop
      vertex -4.75 6.74737 7.5
      vertex -4.86964 6.82731 5.3
      vertex -4.75 6.74737 5.3
    endloop
  endfacet
  facet normal -0.659341 -0.751844 0
    outer loop
      vertex -4.97782 6.92218 5.3
      vertex -4.86964 6.82731 7.5
      vertex -4.97782 6.92218 7.5
    endloop
  endfacet
  facet normal -0.659341 -0.751844 -0
    outer loop
      vertex -4.86964 6.82731 7.5
      vertex -4.97782 6.92218 5.3
      vertex -4.86964 6.82731 5.3
    endloop
  endfacet
  facet normal -0.751844 -0.659341 0
    outer loop
      vertex -4.97782 6.92218 5.3
      vertex -5.07269 7.03036 7.5
      vertex -5.07269 7.03036 5.3
    endloop
  endfacet
  facet normal -0.751844 -0.659341 0
    outer loop
      vertex -5.07269 7.03036 7.5
      vertex -4.97782 6.92218 5.3
      vertex -4.97782 6.92218 7.5
    endloop
  endfacet
  facet normal 0.831601 0.555374 0
    outer loop
      vertex 12.1526 -7.15 7.5
      vertex 12.0727 -7.03036 5.3
      vertex 12.0727 -7.03036 7.5
    endloop
  endfacet
  facet normal 0.831601 0.555374 0
    outer loop
      vertex 12.0727 -7.03036 5.3
      vertex 12.1526 -7.15 7.5
      vertex 12.1526 -7.15 5.3
    endloop
  endfacet
  facet normal 0.980746 -0.195287 0
    outer loop
      vertex 12.2625 -7.9847 7.5
      vertex 12.2906 -7.84358 5.3
      vertex 12.2906 -7.84358 7.5
    endloop
  endfacet
  facet normal 0.980746 -0.195287 0
    outer loop
      vertex 12.2906 -7.84358 5.3
      vertex 12.2625 -7.9847 7.5
      vertex 12.2625 -7.9847 5.3
    endloop
  endfacet
  facet normal 0.980746 0.195287 0
    outer loop
      vertex 12.2906 -7.55642 7.5
      vertex 12.2625 -7.4153 5.3
      vertex 12.2625 -7.4153 7.5
    endloop
  endfacet
  facet normal 0.980746 0.195287 0
    outer loop
      vertex 12.2625 -7.4153 5.3
      vertex 12.2906 -7.55642 7.5
      vertex 12.2906 -7.55642 5.3
    endloop
  endfacet
  facet normal 0.997864 -0.0653289 0
    outer loop
      vertex 12.2906 -7.84358 7.5
      vertex 12.3 -7.7 5.3
      vertex 12.3 -7.7 7.5
    endloop
  endfacet
  facet normal 0.997864 -0.0653289 0
    outer loop
      vertex 12.3 -7.7 5.3
      vertex 12.2906 -7.84358 7.5
      vertex 12.2906 -7.84358 5.3
    endloop
  endfacet
  facet normal 0.947037 -0.321124 0
    outer loop
      vertex 12.2163 -8.12095 7.5
      vertex 12.2625 -7.9847 5.3
      vertex 12.2625 -7.9847 7.5
    endloop
  endfacet
  facet normal 0.947037 -0.321124 0
    outer loop
      vertex 12.2625 -7.9847 5.3
      vertex 12.2163 -8.12095 7.5
      vertex 12.2163 -8.12095 5.3
    endloop
  endfacet
  facet normal 0.555694 -0.831387 0
    outer loop
      vertex 11.75 -8.65263 5.3
      vertex 11.8696 -8.57269 7.5
      vertex 11.75 -8.65263 7.5
    endloop
  endfacet
  facet normal 0.555694 -0.831387 0
    outer loop
      vertex 11.8696 -8.57269 7.5
      vertex 11.75 -8.65263 5.3
      vertex 11.8696 -8.57269 5.3
    endloop
  endfacet
  facet normal 0.659272 0.751905 -0
    outer loop
      vertex 11.9778 -6.92218 5.3
      vertex 11.8696 -6.82731 7.5
      vertex 11.9778 -6.92218 7.5
    endloop
  endfacet
  facet normal 0.659272 0.751905 0
    outer loop
      vertex 11.8696 -6.82731 7.5
      vertex 11.9778 -6.92218 5.3
      vertex 11.8696 -6.82731 5.3
    endloop
  endfacet
  facet normal 0.555579 0.831464 -0
    outer loop
      vertex 11.8696 -6.82731 5.3
      vertex 11.7539 -6.75 7.5
      vertex 11.8696 -6.82731 7.5
    endloop
  endfacet
  facet normal 0.555579 0.831464 0
    outer loop
      vertex 11.7539 -6.75 7.5
      vertex 11.8696 -6.82731 5.3
      vertex 11.7539 -6.75 5.3
    endloop
  endfacet
  facet normal 0.997864 0.0653289 0
    outer loop
      vertex 12.3 -7.7 7.5
      vertex 12.2906 -7.55642 5.3
      vertex 12.2906 -7.55642 7.5
    endloop
  endfacet
  facet normal 0.997864 0.0653289 0
    outer loop
      vertex 12.2906 -7.55642 5.3
      vertex 12.3 -7.7 7.5
      vertex 12.3 -7.7 5.3
    endloop
  endfacet
  facet normal 0.831601 -0.555374 0
    outer loop
      vertex 12.0727 -8.36964 7.5
      vertex 12.1526 -8.25 5.3
      vertex 12.1526 -8.25 7.5
    endloop
  endfacet
  facet normal 0.831601 -0.555374 0
    outer loop
      vertex 12.1526 -8.25 5.3
      vertex 12.0727 -8.36964 7.5
      vertex 12.0727 -8.36964 5.3
    endloop
  endfacet
  facet normal 0.195113 -0.980781 0
    outer loop
      vertex 11.3436 -8.79059 5.3
      vertex 11.4847 -8.76252 7.5
      vertex 11.3436 -8.79059 7.5
    endloop
  endfacet
  facet normal 0.195113 -0.980781 0
    outer loop
      vertex 11.4847 -8.76252 7.5
      vertex 11.3436 -8.79059 5.3
      vertex 11.4847 -8.76252 5.3
    endloop
  endfacet
  facet normal 0.659272 -0.751905 0
    outer loop
      vertex 11.8696 -8.57269 5.3
      vertex 11.9778 -8.47782 7.5
      vertex 11.8696 -8.57269 7.5
    endloop
  endfacet
  facet normal 0.659272 -0.751905 0
    outer loop
      vertex 11.9778 -8.47782 7.5
      vertex 11.8696 -8.57269 5.3
      vertex 11.9778 -8.47782 5.3
    endloop
  endfacet
  facet normal 0.896708 0.442622 0
    outer loop
      vertex 12.2163 -7.27905 7.5
      vertex 12.1526 -7.15 5.3
      vertex 12.1526 -7.15 7.5
    endloop
  endfacet
  facet normal 0.896708 0.442622 0
    outer loop
      vertex 12.1526 -7.15 5.3
      vertex 12.2163 -7.27905 7.5
      vertex 12.2163 -7.27905 5.3
    endloop
  endfacet
  facet normal 0.947037 0.321124 0
    outer loop
      vertex 12.2625 -7.4153 7.5
      vertex 12.2163 -7.27905 5.3
      vertex 12.2163 -7.27905 7.5
    endloop
  endfacet
  facet normal 0.947037 0.321124 0
    outer loop
      vertex 12.2163 -7.27905 5.3
      vertex 12.2625 -7.4153 7.5
      vertex 12.2625 -7.4153 5.3
    endloop
  endfacet
  facet normal 0.751741 0.659458 0
    outer loop
      vertex 12.0727 -7.03036 7.5
      vertex 11.9778 -6.92218 5.3
      vertex 11.9778 -6.92218 7.5
    endloop
  endfacet
  facet normal 0.751741 0.659458 0
    outer loop
      vertex 11.9778 -6.92218 5.3
      vertex 12.0727 -7.03036 7.5
      vertex 12.0727 -7.03036 5.3
    endloop
  endfacet
  facet normal 0.896708 -0.442622 0
    outer loop
      vertex 12.1526 -8.25 7.5
      vertex 12.2163 -8.12095 5.3
      vertex 12.2163 -8.12095 7.5
    endloop
  endfacet
  facet normal 0.896708 -0.442622 0
    outer loop
      vertex 12.2163 -8.12095 5.3
      vertex 12.1526 -8.25 7.5
      vertex 12.1526 -8.25 5.3
    endloop
  endfacet
  facet normal -0.195113 -0.980781 0
    outer loop
      vertex 10.9153 -8.76252 5.3
      vertex 11.0564 -8.79059 7.5
      vertex 10.9153 -8.76252 7.5
    endloop
  endfacet
  facet normal -0.195113 -0.980781 -0
    outer loop
      vertex 11.0564 -8.79059 7.5
      vertex 10.9153 -8.76252 5.3
      vertex 11.0564 -8.79059 5.3
    endloop
  endfacet
  facet normal -0.065389 -0.99786 0
    outer loop
      vertex 11.0564 -8.79059 5.3
      vertex 11.2 -8.8 7.5
      vertex 11.0564 -8.79059 7.5
    endloop
  endfacet
  facet normal -0.065389 -0.99786 -0
    outer loop
      vertex 11.2 -8.8 7.5
      vertex 11.0564 -8.79059 5.3
      vertex 11.2 -8.8 5.3
    endloop
  endfacet
  facet normal -0.751741 -0.659458 0
    outer loop
      vertex 10.4222 -8.47782 5.3
      vertex 10.3273 -8.36964 7.5
      vertex 10.3273 -8.36964 5.3
    endloop
  endfacet
  facet normal -0.751741 -0.659458 0
    outer loop
      vertex 10.3273 -8.36964 7.5
      vertex 10.4222 -8.47782 5.3
      vertex 10.4222 -8.47782 7.5
    endloop
  endfacet
  facet normal 0.442424 -0.896806 0
    outer loop
      vertex 11.621 -8.71627 5.3
      vertex 11.75 -8.65263 7.5
      vertex 11.621 -8.71627 7.5
    endloop
  endfacet
  facet normal 0.442424 -0.896806 0
    outer loop
      vertex 11.75 -8.65263 7.5
      vertex 11.621 -8.71627 5.3
      vertex 11.75 -8.65263 5.3
    endloop
  endfacet
  facet normal 0.32133 -0.946967 0
    outer loop
      vertex 11.4847 -8.76252 5.3
      vertex 11.621 -8.71627 7.5
      vertex 11.4847 -8.76252 7.5
    endloop
  endfacet
  facet normal 0.32133 -0.946967 0
    outer loop
      vertex 11.621 -8.71627 7.5
      vertex 11.4847 -8.76252 5.3
      vertex 11.621 -8.71627 5.3
    endloop
  endfacet
  facet normal -0.555694 -0.831387 0
    outer loop
      vertex 10.5304 -8.57269 5.3
      vertex 10.65 -8.65263 7.5
      vertex 10.5304 -8.57269 7.5
    endloop
  endfacet
  facet normal -0.555694 -0.831387 -0
    outer loop
      vertex 10.65 -8.65263 7.5
      vertex 10.5304 -8.57269 5.3
      vertex 10.65 -8.65263 5.3
    endloop
  endfacet
  facet normal 0.065389 -0.99786 0
    outer loop
      vertex 11.2 -8.8 5.3
      vertex 11.3436 -8.79059 7.5
      vertex 11.2 -8.8 7.5
    endloop
  endfacet
  facet normal 0.065389 -0.99786 0
    outer loop
      vertex 11.3436 -8.79059 7.5
      vertex 11.2 -8.8 5.3
      vertex 11.3436 -8.79059 5.3
    endloop
  endfacet
  facet normal 0 0 -1
    outer loop
      vertex 11.621 -8.71627 5.3
      vertex 11.75 -8.25 5.3
      vertex 11.75 -8.65263 5.3
    endloop
  endfacet
  facet normal 0 0 -1
    outer loop
      vertex 11.4847 -8.76252 5.3
      vertex 11.75 -8.25 5.3
      vertex 11.621 -8.71627 5.3
    endloop
  endfacet
  facet normal 0 0 -1
    outer loop
      vertex 11.3436 -8.79059 5.3
      vertex 11.75 -8.25 5.3
      vertex 11.4847 -8.76252 5.3
    endloop
  endfacet
  facet normal 0 0 -1
    outer loop
      vertex 11.2 -8.8 5.3
      vertex 11.75 -8.25 5.3
      vertex 11.3436 -8.79059 5.3
    endloop
  endfacet
  facet normal 0 0 -1
    outer loop
      vertex 11.0564 -8.79059 5.3
      vertex 11.75 -8.25 5.3
      vertex 11.2 -8.8 5.3
    endloop
  endfacet
  facet normal 0 0 -1
    outer loop
      vertex 10.9153 -8.76252 5.3
      vertex 11.75 -8.25 5.3
      vertex 11.0564 -8.79059 5.3
    endloop
  endfacet
  facet normal 0 0 -1
    outer loop
      vertex 10.779 -8.71627 5.3
      vertex 11.75 -8.25 5.3
      vertex 10.9153 -8.76252 5.3
    endloop
  endfacet
  facet normal 0 0 -1
    outer loop
      vertex 10.65 -8.65263 5.3
      vertex 11.75 -8.25 5.3
      vertex 10.779 -8.71627 5.3
    endloop
  endfacet
  facet normal 0 0 -1
    outer loop
      vertex 10.5304 -8.57269 5.3
      vertex 11.75 -8.25 5.3
      vertex 10.65 -8.65263 5.3
    endloop
  endfacet
  facet normal 0 0 -1
    outer loop
      vertex 10.4222 -8.47782 5.3
      vertex 11.75 -8.25 5.3
      vertex 10.5304 -8.57269 5.3
    endloop
  endfacet
  facet normal 0 0 -1
    outer loop
      vertex 10.3273 -8.36964 5.3
      vertex 11.75 -8.25 5.3
      vertex 10.4222 -8.47782 5.3
    endloop
  endfacet
  facet normal -0 0 -1
    outer loop
      vertex 11.75 -8.25 5.3
      vertex 10.3273 -8.36964 5.3
      vertex 10.2474 -8.25 5.3
    endloop
  endfacet
  facet normal 0 0 -1
    outer loop
      vertex 11.75 -8.25 5.3
      vertex 12.3 -7.7 5.3
      vertex 12.2906 -7.84358 5.3
    endloop
  endfacet
  facet normal 0 0 -1
    outer loop
      vertex 11.75 -8.25 5.3
      vertex 12.2906 -7.84358 5.3
      vertex 12.2625 -7.9847 5.3
    endloop
  endfacet
  facet normal -0 0 -1
    outer loop
      vertex 12.3 -7.7 5.3
      vertex 11.75 -8.25 5.3
      vertex 12.2906 -7.55642 5.3
    endloop
  endfacet
  facet normal 0 0 -1
    outer loop
      vertex 11.75 -8.25 5.3
      vertex 12.2625 -7.9847 5.3
      vertex 12.2163 -8.12095 5.3
    endloop
  endfacet
  facet normal -0 0 -1
    outer loop
      vertex 12.2906 -7.55642 5.3
      vertex 11.75 -8.25 5.3
      vertex 12.2625 -7.4153 5.3
    endloop
  endfacet
  facet normal 0 0 -1
    outer loop
      vertex 11.75 -8.25 5.3
      vertex 12.2163 -8.12095 5.3
      vertex 12.1526 -8.25 5.3
    endloop
  endfacet
  facet normal -0 0 -1
    outer loop
      vertex 12.2625 -7.4153 5.3
      vertex 11.75 -8.25 5.3
      vertex 12.2163 -7.27905 5.3
    endloop
  endfacet
  facet normal 0 0 -1
    outer loop
      vertex 11.75 -8.25 5.3
      vertex 12.1526 -8.25 5.3
      vertex 12.0727 -8.36964 5.3
    endloop
  endfacet
  facet normal -0 0 -1
    outer loop
      vertex 12.2163 -7.27905 5.3
      vertex 11.75 -8.25 5.3
      vertex 12.1526 -7.15 5.3
    endloop
  endfacet
  facet normal 0 0 -1
    outer loop
      vertex 11.75 -8.25 5.3
      vertex 12.0727 -8.36964 5.3
      vertex 11.9778 -8.47782 5.3
    endloop
  endfacet
  facet normal -0 0 -1
    outer loop
      vertex 12.1526 -7.15 5.3
      vertex 11.75 -8.25 5.3
      vertex 12.0727 -7.03036 5.3
    endloop
  endfacet
  facet normal 0 0 -1
    outer loop
      vertex 11.75 -8.25 5.3
      vertex 11.9778 -8.47782 5.3
      vertex 11.8696 -8.57269 5.3
    endloop
  endfacet
  facet normal -0 0 -1
    outer loop
      vertex 12.0727 -7.03036 5.3
      vertex 11.75 -8.25 5.3
      vertex 11.9778 -6.92218 5.3
    endloop
  endfacet
  facet normal -0 0 -1
    outer loop
      vertex 11.9778 -6.92218 5.3
      vertex 11.75 -8.25 5.3
      vertex 11.8696 -6.82731 5.3
    endloop
  endfacet
  facet normal 0 0 -1
    outer loop
      vertex 11.75 -8.25 5.3
      vertex 11.8696 -8.57269 5.3
      vertex 11.75 -8.65263 5.3
    endloop
  endfacet
  facet normal 0 0 -1
    outer loop
      vertex 11.75 -6.75 5.3
      vertex 11.8696 -6.82731 5.3
      vertex 11.75 -8.25 5.3
    endloop
  endfacet
  facet normal 0 0 -1
    outer loop
      vertex 11.8696 -6.82731 5.3
      vertex 11.75 -6.75 5.3
      vertex 11.7539 -6.75 5.3
    endloop
  endfacet
  facet normal -0.831601 -0.555374 0
    outer loop
      vertex 10.3273 -8.36964 5.3
      vertex 10.2474 -8.25 7.5
      vertex 10.2474 -8.25 5.3
    endloop
  endfacet
  facet normal -0.831601 -0.555374 0
    outer loop
      vertex 10.2474 -8.25 7.5
      vertex 10.3273 -8.36964 5.3
      vertex 10.3273 -8.36964 7.5
    endloop
  endfacet
  facet normal 0.751741 -0.659458 0
    outer loop
      vertex 11.9778 -8.47782 7.5
      vertex 12.0727 -8.36964 5.3
      vertex 12.0727 -8.36964 7.5
    endloop
  endfacet
  facet normal 0.751741 -0.659458 0
    outer loop
      vertex 12.0727 -8.36964 5.3
      vertex 11.9778 -8.47782 7.5
      vertex 11.9778 -8.47782 5.3
    endloop
  endfacet
  facet normal -0.442424 -0.896806 0
    outer loop
      vertex 10.65 -8.65263 5.3
      vertex 10.779 -8.71627 7.5
      vertex 10.65 -8.65263 7.5
    endloop
  endfacet
  facet normal -0.442424 -0.896806 -0
    outer loop
      vertex 10.779 -8.71627 7.5
      vertex 10.65 -8.65263 5.3
      vertex 10.779 -8.71627 5.3
    endloop
  endfacet
  facet normal -0.659272 -0.751905 0
    outer loop
      vertex 10.4222 -8.47782 5.3
      vertex 10.5304 -8.57269 7.5
      vertex 10.4222 -8.47782 7.5
    endloop
  endfacet
  facet normal -0.659272 -0.751905 -0
    outer loop
      vertex 10.5304 -8.57269 7.5
      vertex 10.4222 -8.47782 5.3
      vertex 10.5304 -8.57269 5.3
    endloop
  endfacet
  facet normal -0.32133 -0.946967 0
    outer loop
      vertex 10.779 -8.71627 5.3
      vertex 10.9153 -8.76252 7.5
      vertex 10.779 -8.71627 7.5
    endloop
  endfacet
  facet normal -0.32133 -0.946967 -0
    outer loop
      vertex 10.9153 -8.76252 7.5
      vertex 10.779 -8.71627 5.3
      vertex 10.9153 -8.76252 5.3
    endloop
  endfacet
  facet normal 0.555694 0.831387 -0
    outer loop
      vertex 11.8696 8.57269 5.3
      vertex 11.75 8.65263 7.5
      vertex 11.8696 8.57269 7.5
    endloop
  endfacet
  facet normal 0.555694 0.831387 0
    outer loop
      vertex 11.75 8.65263 7.5
      vertex 11.8696 8.57269 5.3
      vertex 11.75 8.65263 5.3
    endloop
  endfacet
  facet normal 0.980746 -0.195287 0
    outer loop
      vertex 12.2625 7.4153 7.5
      vertex 12.2906 7.55642 5.3
      vertex 12.2906 7.55642 7.5
    endloop
  endfacet
  facet normal 0.980746 -0.195287 0
    outer loop
      vertex 12.2906 7.55642 5.3
      vertex 12.2625 7.4153 7.5
      vertex 12.2625 7.4153 5.3
    endloop
  endfacet
  facet normal 0.442424 0.896806 -0
    outer loop
      vertex 11.75 8.65263 5.3
      vertex 11.621 8.71627 7.5
      vertex 11.75 8.65263 7.5
    endloop
  endfacet
  facet normal 0.442424 0.896806 0
    outer loop
      vertex 11.621 8.71627 7.5
      vertex 11.75 8.65263 5.3
      vertex 11.621 8.71627 5.3
    endloop
  endfacet
  facet normal -0.442424 0.896806 0
    outer loop
      vertex 10.779 8.71627 5.3
      vertex 10.65 8.65263 7.5
      vertex 10.779 8.71627 7.5
    endloop
  endfacet
  facet normal -0.442424 0.896806 0
    outer loop
      vertex 10.65 8.65263 7.5
      vertex 10.779 8.71627 5.3
      vertex 10.65 8.65263 5.3
    endloop
  endfacet
  facet normal 0.947037 0.321124 0
    outer loop
      vertex 12.2625 7.9847 7.5
      vertex 12.2163 8.12095 5.3
      vertex 12.2163 8.12095 7.5
    endloop
  endfacet
  facet normal 0.947037 0.321124 0
    outer loop
      vertex 12.2163 8.12095 5.3
      vertex 12.2625 7.9847 7.5
      vertex 12.2625 7.9847 5.3
    endloop
  endfacet
  facet normal 0.896708 0.442622 0
    outer loop
      vertex 12.2163 8.12095 7.5
      vertex 12.1526 8.25 5.3
      vertex 12.1526 8.25 7.5
    endloop
  endfacet
  facet normal 0.896708 0.442622 0
    outer loop
      vertex 12.1526 8.25 5.3
      vertex 12.2163 8.12095 7.5
      vertex 12.2163 8.12095 5.3
    endloop
  endfacet
  facet normal 0.831601 0.555374 0
    outer loop
      vertex 12.1526 8.25 7.5
      vertex 12.0727 8.36964 5.3
      vertex 12.0727 8.36964 7.5
    endloop
  endfacet
  facet normal 0.831601 0.555374 0
    outer loop
      vertex 12.0727 8.36964 5.3
      vertex 12.1526 8.25 7.5
      vertex 12.1526 8.25 5.3
    endloop
  endfacet
  facet normal 0.751741 0.659458 0
    outer loop
      vertex 12.0727 8.36964 7.5
      vertex 11.9778 8.47782 5.3
      vertex 11.9778 8.47782 7.5
    endloop
  endfacet
  facet normal 0.751741 0.659458 0
    outer loop
      vertex 11.9778 8.47782 5.3
      vertex 12.0727 8.36964 7.5
      vertex 12.0727 8.36964 5.3
    endloop
  endfacet
  facet normal 0.32133 0.946967 -0
    outer loop
      vertex 11.621 8.71627 5.3
      vertex 11.4847 8.76252 7.5
      vertex 11.621 8.71627 7.5
    endloop
  endfacet
  facet normal 0.32133 0.946967 0
    outer loop
      vertex 11.4847 8.76252 7.5
      vertex 11.621 8.71627 5.3
      vertex 11.4847 8.76252 5.3
    endloop
  endfacet
  facet normal 0.195113 0.980781 -0
    outer loop
      vertex 11.4847 8.76252 5.3
      vertex 11.3436 8.79059 7.5
      vertex 11.4847 8.76252 7.5
    endloop
  endfacet
  facet normal 0.195113 0.980781 0
    outer loop
      vertex 11.3436 8.79059 7.5
      vertex 11.4847 8.76252 5.3
      vertex 11.3436 8.79059 5.3
    endloop
  endfacet
  facet normal -0.831519 0.555496 0
    outer loop
      vertex 10.25 8.25393 5.3
      vertex 10.3273 8.36964 7.5
      vertex 10.3273 8.36964 5.3
    endloop
  endfacet
  facet normal -0.831519 0.555496 0
    outer loop
      vertex 10.3273 8.36964 7.5
      vertex 10.25 8.25393 5.3
      vertex 10.25 8.25393 7.5
    endloop
  endfacet
  facet normal -0.555694 0.831387 0
    outer loop
      vertex 10.65 8.65263 5.3
      vertex 10.5304 8.57269 7.5
      vertex 10.65 8.65263 7.5
    endloop
  endfacet
  facet normal -0.555694 0.831387 0
    outer loop
      vertex 10.5304 8.57269 7.5
      vertex 10.65 8.65263 5.3
      vertex 10.5304 8.57269 5.3
    endloop
  endfacet
  facet normal -0.195113 0.980781 0
    outer loop
      vertex 11.0564 8.79059 5.3
      vertex 10.9153 8.76252 7.5
      vertex 11.0564 8.79059 7.5
    endloop
  endfacet
  facet normal -0.195113 0.980781 0
    outer loop
      vertex 10.9153 8.76252 7.5
      vertex 11.0564 8.79059 5.3
      vertex 10.9153 8.76252 5.3
    endloop
  endfacet
  facet normal -0.659272 0.751905 0
    outer loop
      vertex 10.5304 8.57269 5.3
      vertex 10.4222 8.47782 7.5
      vertex 10.5304 8.57269 7.5
    endloop
  endfacet
  facet normal -0.659272 0.751905 0
    outer loop
      vertex 10.4222 8.47782 7.5
      vertex 10.5304 8.57269 5.3
      vertex 10.4222 8.47782 5.3
    endloop
  endfacet
  facet normal 0.997864 -0.0653289 0
    outer loop
      vertex 12.2906 7.55642 7.5
      vertex 12.3 7.7 5.3
      vertex 12.3 7.7 7.5
    endloop
  endfacet
  facet normal 0.997864 -0.0653289 0
    outer loop
      vertex 12.3 7.7 5.3
      vertex 12.2906 7.55642 7.5
      vertex 12.2906 7.55642 5.3
    endloop
  endfacet
  facet normal 0.947037 -0.321124 0
    outer loop
      vertex 12.2163 7.27905 7.5
      vertex 12.2625 7.4153 5.3
      vertex 12.2625 7.4153 7.5
    endloop
  endfacet
  facet normal 0.947037 -0.321124 0
    outer loop
      vertex 12.2625 7.4153 5.3
      vertex 12.2163 7.27905 7.5
      vertex 12.2163 7.27905 5.3
    endloop
  endfacet
  facet normal 0.751741 -0.659458 0
    outer loop
      vertex 11.9778 6.92218 7.5
      vertex 12.0727 7.03036 5.3
      vertex 12.0727 7.03036 7.5
    endloop
  endfacet
  facet normal 0.751741 -0.659458 0
    outer loop
      vertex 12.0727 7.03036 5.3
      vertex 11.9778 6.92218 7.5
      vertex 11.9778 6.92218 5.3
    endloop
  endfacet
  facet normal 0.555579 -0.831464 0
    outer loop
      vertex 11.7539 6.75 5.3
      vertex 11.8696 6.82731 7.5
      vertex 11.7539 6.75 7.5
    endloop
  endfacet
  facet normal 0.555579 -0.831464 0
    outer loop
      vertex 11.8696 6.82731 7.5
      vertex 11.7539 6.75 5.3
      vertex 11.8696 6.82731 5.3
    endloop
  endfacet
  facet normal 0.831601 -0.555374 0
    outer loop
      vertex 12.0727 7.03036 7.5
      vertex 12.1526 7.15 5.3
      vertex 12.1526 7.15 7.5
    endloop
  endfacet
  facet normal 0.831601 -0.555374 0
    outer loop
      vertex 12.1526 7.15 5.3
      vertex 12.0727 7.03036 7.5
      vertex 12.0727 7.03036 5.3
    endloop
  endfacet
  facet normal 0 0 -1
    outer loop
      vertex 11.75 8.25 5.3
      vertex 12.3 7.7 5.3
      vertex 12.2906 7.55642 5.3
    endloop
  endfacet
  facet normal 0 0 -1
    outer loop
      vertex 11.75 8.25 5.3
      vertex 12.2906 7.55642 5.3
      vertex 12.2625 7.4153 5.3
    endloop
  endfacet
  facet normal 0 0 -1
    outer loop
      vertex 12.3 7.7 5.3
      vertex 11.75 8.25 5.3
      vertex 12.2906 7.84358 5.3
    endloop
  endfacet
  facet normal 0 0 -1
    outer loop
      vertex 11.75 8.25 5.3
      vertex 12.2625 7.4153 5.3
      vertex 12.2163 7.27905 5.3
    endloop
  endfacet
  facet normal 0 0 -1
    outer loop
      vertex 12.2906 7.84358 5.3
      vertex 11.75 8.25 5.3
      vertex 12.2625 7.9847 5.3
    endloop
  endfacet
  facet normal 0 0 -1
    outer loop
      vertex 11.75 8.25 5.3
      vertex 12.2163 7.27905 5.3
      vertex 12.1526 7.15 5.3
    endloop
  endfacet
  facet normal 0 0 -1
    outer loop
      vertex 12.2625 7.9847 5.3
      vertex 11.75 8.25 5.3
      vertex 12.2163 8.12095 5.3
    endloop
  endfacet
  facet normal 0 0 -1
    outer loop
      vertex 11.75 8.25 5.3
      vertex 12.1526 7.15 5.3
      vertex 12.0727 7.03036 5.3
    endloop
  endfacet
  facet normal 0 0 -1
    outer loop
      vertex 12.2163 8.12095 5.3
      vertex 11.75 8.25 5.3
      vertex 12.1526 8.25 5.3
    endloop
  endfacet
  facet normal 0 0 -1
    outer loop
      vertex 11.75 8.25 5.3
      vertex 12.0727 7.03036 5.3
      vertex 11.9778 6.92218 5.3
    endloop
  endfacet
  facet normal 0 0 -1
    outer loop
      vertex 12.1526 8.25 5.3
      vertex 11.75 8.25 5.3
      vertex 12.0727 8.36964 5.3
    endloop
  endfacet
  facet normal 0 0 -1
    outer loop
      vertex 11.75 8.25 5.3
      vertex 11.9778 6.92218 5.3
      vertex 11.8696 6.82731 5.3
    endloop
  endfacet
  facet normal -0 0 -1
    outer loop
      vertex 12.0727 8.36964 5.3
      vertex 11.75 8.25 5.3
      vertex 11.9778 8.47782 5.3
    endloop
  endfacet
  facet normal 0 0 -1
    outer loop
      vertex 11.75 6.75 5.3
      vertex 11.8696 6.82731 5.3
      vertex 11.7539 6.75 5.3
    endloop
  endfacet
  facet normal -0 0 -1
    outer loop
      vertex 11.8696 6.82731 5.3
      vertex 11.75 6.75 5.3
      vertex 11.75 8.25 5.3
    endloop
  endfacet
  facet normal -0 0 -1
    outer loop
      vertex 11.9778 8.47782 5.3
      vertex 11.75 8.25 5.3
      vertex 11.8696 8.57269 5.3
    endloop
  endfacet
  facet normal 0 0 -1
    outer loop
      vertex 11.75 8.25 5.3
      vertex 11.75 8.65263 5.3
      vertex 11.8696 8.57269 5.3
    endloop
  endfacet
  facet normal 0 0 -1
    outer loop
      vertex 11.75 8.25 5.3
      vertex 11.621 8.71627 5.3
      vertex 11.75 8.65263 5.3
    endloop
  endfacet
  facet normal 0 0 -1
    outer loop
      vertex 11.75 8.25 5.3
      vertex 11.4847 8.76252 5.3
      vertex 11.621 8.71627 5.3
    endloop
  endfacet
  facet normal 0 0 -1
    outer loop
      vertex 11.75 8.25 5.3
      vertex 11.3436 8.79059 5.3
      vertex 11.4847 8.76252 5.3
    endloop
  endfacet
  facet normal 0 0 -1
    outer loop
      vertex 11.75 8.25 5.3
      vertex 11.2 8.8 5.3
      vertex 11.3436 8.79059 5.3
    endloop
  endfacet
  facet normal 0 0 -1
    outer loop
      vertex 11.75 8.25 5.3
      vertex 11.0564 8.79059 5.3
      vertex 11.2 8.8 5.3
    endloop
  endfacet
  facet normal 0 0 -1
    outer loop
      vertex 11.75 8.25 5.3
      vertex 10.9153 8.76252 5.3
      vertex 11.0564 8.79059 5.3
    endloop
  endfacet
  facet normal 0 0 -1
    outer loop
      vertex 11.75 8.25 5.3
      vertex 10.779 8.71627 5.3
      vertex 10.9153 8.76252 5.3
    endloop
  endfacet
  facet normal 0 0 -1
    outer loop
      vertex 11.75 8.25 5.3
      vertex 10.65 8.65263 5.3
      vertex 10.779 8.71627 5.3
    endloop
  endfacet
  facet normal 0 0 -1
    outer loop
      vertex 11.75 8.25 5.3
      vertex 10.5304 8.57269 5.3
      vertex 10.65 8.65263 5.3
    endloop
  endfacet
  facet normal 0 0 -1
    outer loop
      vertex 11.75 8.25 5.3
      vertex 10.4222 8.47782 5.3
      vertex 10.5304 8.57269 5.3
    endloop
  endfacet
  facet normal 0 0 -1
    outer loop
      vertex 11.75 8.25 5.3
      vertex 10.3273 8.36964 5.3
      vertex 10.4222 8.47782 5.3
    endloop
  endfacet
  facet normal 0 0 -1
    outer loop
      vertex 10.25 8.25 5.3
      vertex 10.3273 8.36964 5.3
      vertex 11.75 8.25 5.3
    endloop
  endfacet
  facet normal 0 0 -1
    outer loop
      vertex 10.3273 8.36964 5.3
      vertex 10.25 8.25 5.3
      vertex 10.25 8.25393 5.3
    endloop
  endfacet
  facet normal 0.659272 0.751905 -0
    outer loop
      vertex 11.9778 8.47782 5.3
      vertex 11.8696 8.57269 7.5
      vertex 11.9778 8.47782 7.5
    endloop
  endfacet
  facet normal 0.659272 0.751905 0
    outer loop
      vertex 11.8696 8.57269 7.5
      vertex 11.9778 8.47782 5.3
      vertex 11.8696 8.57269 5.3
    endloop
  endfacet
  facet normal -0.065389 0.99786 0
    outer loop
      vertex 11.2 8.8 5.3
      vertex 11.0564 8.79059 7.5
      vertex 11.2 8.8 7.5
    endloop
  endfacet
  facet normal -0.065389 0.99786 0
    outer loop
      vertex 11.0564 8.79059 7.5
      vertex 11.2 8.8 5.3
      vertex 11.0564 8.79059 5.3
    endloop
  endfacet
  facet normal -0.751741 0.659458 0
    outer loop
      vertex 10.3273 8.36964 5.3
      vertex 10.4222 8.47782 7.5
      vertex 10.4222 8.47782 5.3
    endloop
  endfacet
  facet normal -0.751741 0.659458 0
    outer loop
      vertex 10.4222 8.47782 7.5
      vertex 10.3273 8.36964 5.3
      vertex 10.3273 8.36964 7.5
    endloop
  endfacet
  facet normal 0.997864 0.0653289 0
    outer loop
      vertex 12.3 7.7 7.5
      vertex 12.2906 7.84358 5.3
      vertex 12.2906 7.84358 7.5
    endloop
  endfacet
  facet normal 0.997864 0.0653289 0
    outer loop
      vertex 12.2906 7.84358 5.3
      vertex 12.3 7.7 7.5
      vertex 12.3 7.7 5.3
    endloop
  endfacet
  facet normal 0.659272 -0.751905 0
    outer loop
      vertex 11.8696 6.82731 5.3
      vertex 11.9778 6.92218 7.5
      vertex 11.8696 6.82731 7.5
    endloop
  endfacet
  facet normal 0.659272 -0.751905 0
    outer loop
      vertex 11.9778 6.92218 7.5
      vertex 11.8696 6.82731 5.3
      vertex 11.9778 6.92218 5.3
    endloop
  endfacet
  facet normal 0.896708 -0.442622 0
    outer loop
      vertex 12.1526 7.15 7.5
      vertex 12.2163 7.27905 5.3
      vertex 12.2163 7.27905 7.5
    endloop
  endfacet
  facet normal 0.896708 -0.442622 0
    outer loop
      vertex 12.2163 7.27905 5.3
      vertex 12.1526 7.15 7.5
      vertex 12.1526 7.15 5.3
    endloop
  endfacet
  facet normal 0.980746 0.195287 0
    outer loop
      vertex 12.2906 7.84358 7.5
      vertex 12.2625 7.9847 5.3
      vertex 12.2625 7.9847 7.5
    endloop
  endfacet
  facet normal 0.980746 0.195287 0
    outer loop
      vertex 12.2625 7.9847 5.3
      vertex 12.2906 7.84358 7.5
      vertex 12.2906 7.84358 5.3
    endloop
  endfacet
  facet normal 0.065389 0.99786 -0
    outer loop
      vertex 11.3436 8.79059 5.3
      vertex 11.2 8.8 7.5
      vertex 11.3436 8.79059 7.5
    endloop
  endfacet
  facet normal 0.065389 0.99786 0
    outer loop
      vertex 11.2 8.8 7.5
      vertex 11.3436 8.79059 5.3
      vertex 11.2 8.8 5.3
    endloop
  endfacet
  facet normal -0.32133 0.946967 0
    outer loop
      vertex 10.9153 8.76252 5.3
      vertex 10.779 8.71627 7.5
      vertex 10.9153 8.76252 7.5
    endloop
  endfacet
  facet normal -0.32133 0.946967 0
    outer loop
      vertex 10.779 8.71627 7.5
      vertex 10.9153 8.76252 5.3
      vertex 10.779 8.71627 5.3
    endloop
  endfacet
  facet normal -1 0 0
    outer loop
      vertex -4.75 -8.25 1.7
      vertex -4.75 8.25 3
      vertex -4.75 8.25 1.7
    endloop
  endfacet
  facet normal -1 -0 0
    outer loop
      vertex -4.75 8.25 3
      vertex -4.75 -8.25 1.7
      vertex -4.75 -8.25 3
    endloop
  endfacet
  facet normal -1 0 0
    outer loop
      vertex -4.75 8.25 4.6
      vertex -4.75 6.74737 5.3
      vertex -4.75 8.25 5.3
    endloop
  endfacet
  facet normal -1 0 0
    outer loop
      vertex -4.75 6.74737 5.3
      vertex -4.75 -6.74737 5.3
      vertex -4.75 6.74737 7.5
    endloop
  endfacet
  facet normal -1 0 0
    outer loop
      vertex -4.75 8.25 4.6
      vertex -4.75 -6.74737 5.3
      vertex -4.75 6.74737 5.3
    endloop
  endfacet
  facet normal -1 0 0
    outer loop
      vertex -4.75 -8.25 4.6
      vertex -4.75 -6.74737 5.3
      vertex -4.75 8.25 4.6
    endloop
  endfacet
  facet normal -1 -0 0
    outer loop
      vertex -4.75 -6.74737 5.3
      vertex -4.75 -8.25 4.6
      vertex -4.75 -8.25 5.3
    endloop
  endfacet
  facet normal -1 -0 0
    outer loop
      vertex -4.75 6.74737 7.5
      vertex -4.75 -6.74737 5.3
      vertex -4.75 -6.74737 7.5
    endloop
  endfacet
  facet normal 1 -0 0
    outer loop
      vertex 11.75 -8.25 5.3
      vertex 11.75 -6.75 4.6
      vertex 11.75 -6.75 5.3
    endloop
  endfacet
  facet normal 1 0 0
    outer loop
      vertex 11.75 -6.75 4.6
      vertex 11.75 -8.25 5.3
      vertex 11.75 -8.25 4.6
    endloop
  endfacet
  facet normal 1 -0 0
    outer loop
      vertex 11.75 6.75 5.3
      vertex 11.75 8.25 4.6
      vertex 11.75 8.25 5.3
    endloop
  endfacet
  facet normal 1 0 0
    outer loop
      vertex 11.75 8.25 4.6
      vertex 11.75 6.75 5.3
      vertex 11.75 6.75 4.6
    endloop
  endfacet
  facet normal 1 -0 0
    outer loop
      vertex 11.75 -8.01695 3
      vertex 11.75 8.01695 1.7
      vertex 11.75 8.01695 3
    endloop
  endfacet
  facet normal 1 0 0
    outer loop
      vertex 11.75 8.01695 1.7
      vertex 11.75 -8.01695 3
      vertex 11.75 -8.01695 1.7
    endloop
  endfacet
  facet normal 0 0 -1
    outer loop
      vertex 11.5455 -8.15361 1.7
      vertex 11.75 8.01695 1.7
      vertex 11.75 -8.01695 1.7
    endloop
  endfacet
  facet normal 0 0 -1
    outer loop
      vertex 11.5455 -8.15361 1.7
      vertex 11.5455 8.15361 1.7
      vertex 11.75 8.01695 1.7
    endloop
  endfacet
  facet normal 0 0 -1
    outer loop
      vertex 11.4356 -8.25 1.7
      vertex 11.5455 8.15361 1.7
      vertex 11.5455 -8.15361 1.7
    endloop
  endfacet
  facet normal 0 0 -1
    outer loop
      vertex 11.4356 -8.25 1.7
      vertex 11.4356 8.25 1.7
      vertex 11.5455 8.15361 1.7
    endloop
  endfacet
  facet normal 0 0 -1
    outer loop
      vertex -4.75 -8.25 1.7
      vertex 11.4356 8.25 1.7
      vertex 11.4356 -8.25 1.7
    endloop
  endfacet
  facet normal -0 0 -1
    outer loop
      vertex 11.4356 8.25 1.7
      vertex -4.75 -8.25 1.7
      vertex -4.75 8.25 1.7
    endloop
  endfacet
  facet normal 0 -1 0
    outer loop
      vertex -4.75 -8.25 1.7
      vertex 11.4356 -8.25 3
      vertex -4.75 -8.25 3
    endloop
  endfacet
  facet normal 0 -1 -0
    outer loop
      vertex 11.4356 -8.25 3
      vertex -4.75 -8.25 1.7
      vertex 11.4356 -8.25 1.7
    endloop
  endfacet
  facet normal 0 -1 0
    outer loop
      vertex -4.75 -8.25 4.6
      vertex -3.24737 -8.25 5.3
      vertex -4.75 -8.25 5.3
    endloop
  endfacet
  facet normal 0 -1 -0
    outer loop
      vertex -3.24737 -8.25 5.3
      vertex -4.75 -8.25 4.6
      vertex 10.2474 -8.25 5.3
    endloop
  endfacet
  facet normal 0 -1 0
    outer loop
      vertex 11.75 -8.25 4.6
      vertex 10.2474 -8.25 5.3
      vertex -4.75 -8.25 4.6
    endloop
  endfacet
  facet normal 0 -1 0
    outer loop
      vertex 10.2474 -8.25 5.3
      vertex 11.75 -8.25 4.6
      vertex 11.75 -8.25 5.3
    endloop
  endfacet
  facet normal 0 -1 0
    outer loop
      vertex -3.24737 -8.25 5.3
      vertex 10.2474 -8.25 7.5
      vertex -3.24737 -8.25 7.5
    endloop
  endfacet
  facet normal 0 -1 -0
    outer loop
      vertex 10.2474 -8.25 7.5
      vertex -3.24737 -8.25 5.3
      vertex 10.2474 -8.25 5.3
    endloop
  endfacet
  facet normal 0 1 -0
    outer loop
      vertex 11.4356 8.25 1.7
      vertex -4.75 8.25 3
      vertex 11.4356 8.25 3
    endloop
  endfacet
  facet normal 0 1 0
    outer loop
      vertex -4.75 8.25 3
      vertex 11.4356 8.25 1.7
      vertex -4.75 8.25 1.7
    endloop
  endfacet
  facet normal 0 1 -0
    outer loop
      vertex -3.25 8.25 4.6
      vertex -4.75 8.25 5.3
      vertex -3.25 8.25 5.3
    endloop
  endfacet
  facet normal 0 1 0
    outer loop
      vertex -4.75 8.25 5.3
      vertex -3.25 8.25 4.6
      vertex -4.75 8.25 4.6
    endloop
  endfacet
  facet normal 0 1 -0
    outer loop
      vertex 11.75 8.25 4.6
      vertex 10.25 8.25 5.3
      vertex 11.75 8.25 5.3
    endloop
  endfacet
  facet normal 0 1 0
    outer loop
      vertex 10.25 8.25 5.3
      vertex 11.75 8.25 4.6
      vertex 10.25 8.25 4.6
    endloop
  endfacet
  facet normal -1 0 0
    outer loop
      vertex 11.5 -6.75 7.5
      vertex 11.5 6.75 10.4
      vertex 11.5 6.75 7.5
    endloop
  endfacet
  facet normal -1 -0 0
    outer loop
      vertex 11.5 6.75 10.4
      vertex 11.5 -6.75 7.5
      vertex 11.5 -6.75 10.4
    endloop
  endfacet
  facet normal -0 0 1
    outer loop
      vertex 11.5 6.75 10.4
      vertex 15.5 -6.75 10.4
      vertex 15.5 6.75 10.4
    endloop
  endfacet
  facet normal 0 0 1
    outer loop
      vertex 15.5 -6.75 10.4
      vertex 11.5 6.75 10.4
      vertex 11.5 -6.75 10.4
    endloop
  endfacet
  facet normal 1 -0 0
    outer loop
      vertex 15.5 -6.75 10.4
      vertex 15.5 6.75 4.6
      vertex 15.5 6.75 10.4
    endloop
  endfacet
  facet normal 1 0 0
    outer loop
      vertex 15.5 6.75 4.6
      vertex 15.5 -6.75 10.4
      vertex 15.5 -6.75 4.6
    endloop
  endfacet
  facet normal 0 1 0
    outer loop
      vertex 15.5 6.75 10.4
      vertex 11.7539 6.75 7.5
      vertex 11.5 6.75 10.4
    endloop
  endfacet
  facet normal 0 1 -0
    outer loop
      vertex 15.5 6.75 4.6
      vertex 11.7539 6.75 7.5
      vertex 15.5 6.75 10.4
    endloop
  endfacet
  facet normal 0 1 0
    outer loop
      vertex 11.7539 6.75 7.5
      vertex 15.5 6.75 4.6
      vertex 11.7539 6.75 5.3
    endloop
  endfacet
  facet normal 0 1 0
    outer loop
      vertex 11.75 6.75 4.6
      vertex 11.7539 6.75 5.3
      vertex 15.5 6.75 4.6
    endloop
  endfacet
  facet normal 0 1 0
    outer loop
      vertex 11.7539 6.75 5.3
      vertex 11.75 6.75 4.6
      vertex 11.75 6.75 5.3
    endloop
  endfacet
  facet normal 0 1 0
    outer loop
      vertex 11.5 6.75 10.4
      vertex 11.7539 6.75 7.5
      vertex 11.5 6.75 7.5
    endloop
  endfacet
  facet normal 0 -1 0
    outer loop
      vertex 11.75 -6.75 5.3
      vertex 11.75 -6.75 4.6
      vertex 11.7539 -6.75 5.3
    endloop
  endfacet
  facet normal 0 -1 0
    outer loop
      vertex 11.7539 -6.75 7.5
      vertex 11.5 -6.75 10.4
      vertex 11.5 -6.75 7.5
    endloop
  endfacet
  facet normal 0 -1 0
    outer loop
      vertex 11.5 -6.75 10.4
      vertex 11.7539 -6.75 7.5
      vertex 15.5 -6.75 10.4
    endloop
  endfacet
  facet normal 0 -1 0
    outer loop
      vertex 15.5 -6.75 4.6
      vertex 11.7539 -6.75 7.5
      vertex 11.7539 -6.75 5.3
    endloop
  endfacet
  facet normal 0 -1 0
    outer loop
      vertex 15.5 -6.75 4.6
      vertex 11.7539 -6.75 5.3
      vertex 11.75 -6.75 4.6
    endloop
  endfacet
  facet normal 0 -1 0
    outer loop
      vertex 11.7539 -6.75 7.5
      vertex 15.5 -6.75 4.6
      vertex 15.5 -6.75 10.4
    endloop
  endfacet
  facet normal -1 0 0
    outer loop
      vertex -3.25 8.25393 7.5
      vertex -3.25 12 4.6
      vertex -3.25 8.25393 5.3
    endloop
  endfacet
  facet normal -1 0 0
    outer loop
      vertex -3.25 8.25 4.6
      vertex -3.25 8.25393 5.3
      vertex -3.25 12 4.6
    endloop
  endfacet
  facet normal -1 -0 0
    outer loop
      vertex -3.25 8.25393 5.3
      vertex -3.25 8.25 4.6
      vertex -3.25 8.25 5.3
    endloop
  endfacet
  facet normal -1 0 0
    outer loop
      vertex -3.25 12 4.6
      vertex -3.25 8.25393 7.5
      vertex -3.25 12 10.4
    endloop
  endfacet
  facet normal -1 0 0
    outer loop
      vertex -3.25 8 10.4
      vertex -3.25 8.25393 7.5
      vertex -3.25 8 7.5
    endloop
  endfacet
  facet normal -1 0 0
    outer loop
      vertex -3.25 8.25393 7.5
      vertex -3.25 8 10.4
      vertex -3.25 12 10.4
    endloop
  endfacet
  facet normal -0 0 1
    outer loop
      vertex -3.25 12 10.4
      vertex 10.25 8 10.4
      vertex 10.25 12 10.4
    endloop
  endfacet
  facet normal 0 0 1
    outer loop
      vertex 10.25 8 10.4
      vertex -3.25 12 10.4
      vertex -3.25 8 10.4
    endloop
  endfacet
  facet normal 1 0 0
    outer loop
      vertex 10.25 12 10.4
      vertex 10.25 8.25393 7.5
      vertex 10.25 12 4.6
    endloop
  endfacet
  facet normal 1 -0 0
    outer loop
      vertex 10.25 8 10.4
      vertex 10.25 8.25393 7.5
      vertex 10.25 12 10.4
    endloop
  endfacet
  facet normal 1 0 0
    outer loop
      vertex 10.25 8.25393 7.5
      vertex 10.25 8 10.4
      vertex 10.25 8 7.5
    endloop
  endfacet
  facet normal 1 -0 0
    outer loop
      vertex 10.25 8.25393 5.3
      vertex 10.25 12 4.6
      vertex 10.25 8.25393 7.5
    endloop
  endfacet
  facet normal 1 0 0
    outer loop
      vertex 10.25 8.25 4.6
      vertex 10.25 8.25393 5.3
      vertex 10.25 8.25 5.3
    endloop
  endfacet
  facet normal 1 0 0
    outer loop
      vertex 10.25 8.25393 5.3
      vertex 10.25 8.25 4.6
      vertex 10.25 12 4.6
    endloop
  endfacet
  facet normal 0 1 -0
    outer loop
      vertex 10.25 12 4.6
      vertex -3.25 12 10.4
      vertex 10.25 12 10.4
    endloop
  endfacet
  facet normal 0 1 0
    outer loop
      vertex -3.25 12 10.4
      vertex 10.25 12 4.6
      vertex -3.25 12 4.6
    endloop
  endfacet
  facet normal 0 -1 0
    outer loop
      vertex -3.25 8 7.5
      vertex 10.25 8 10.4
      vertex -3.25 8 10.4
    endloop
  endfacet
  facet normal 0 -1 -0
    outer loop
      vertex 10.25 8 10.4
      vertex -3.25 8 7.5
      vertex 10.25 8 7.5
    endloop
  endfacet
  facet normal 0.831462 0.555582 0
    outer loop
      vertex 6.09808 1.5 18.6
      vertex 5.88006 1.82628 7.5
      vertex 5.88006 1.82628 18.6
    endloop
  endfacet
  facet normal 0.831462 0.555582 0
    outer loop
      vertex 5.88006 1.82628 7.5
      vertex 6.09808 1.5 18.6
      vertex 6.09808 1.5 7.5
    endloop
  endfacet
  facet normal 0.321444 0.946928 -0
    outer loop
      vertex 4.64805 2.77164 7.5
      vertex 4.27646 2.89778 18.6
      vertex 4.64805 2.77164 18.6
    endloop
  endfacet
  facet normal 0.321444 0.946928 0
    outer loop
      vertex 4.27646 2.89778 18.6
      vertex 4.64805 2.77164 7.5
      vertex 4.27646 2.89778 7.5
    endloop
  endfacet
  facet normal -0.442283 0.896875 0
    outer loop
      vertex 2.35195 2.77164 7.5
      vertex 2 2.59808 18.6
      vertex 2.35195 2.77164 18.6
    endloop
  endfacet
  facet normal -0.442283 0.896875 0
    outer loop
      vertex 2 2.59808 18.6
      vertex 2.35195 2.77164 7.5
      vertex 2 2.59808 7.5
    endloop
  endfacet
  facet normal -0.94693 0.32144 0
    outer loop
      vertex 0.602222 0.776457 7.5
      vertex 0.728361 1.14805 18.6
      vertex 0.728361 1.14805 7.5
    endloop
  endfacet
  facet normal -0.94693 0.32144 0
    outer loop
      vertex 0.728361 1.14805 18.6
      vertex 0.602222 0.776457 7.5
      vertex 0.602222 0.776457 18.6
    endloop
  endfacet
  facet normal 0.980789 -0.195073 0
    outer loop
      vertex 6.39778 -0.776457 18.6
      vertex 6.47433 -0.391578 7.5
      vertex 6.47433 -0.391578 18.6
    endloop
  endfacet
  facet normal 0.980789 -0.195073 0
    outer loop
      vertex 6.47433 -0.391578 7.5
      vertex 6.39778 -0.776457 18.6
      vertex 6.39778 -0.776457 7.5
    endloop
  endfacet
  facet normal 0.980789 0.195073 0
    outer loop
      vertex 6.47433 0.391578 18.6
      vertex 6.39778 0.776457 7.5
      vertex 6.39778 0.776457 18.6
    endloop
  endfacet
  facet normal 0.980789 0.195073 0
    outer loop
      vertex 6.39778 0.776457 7.5
      vertex 6.47433 0.391578 18.6
      vertex 6.47433 0.391578 7.5
    endloop
  endfacet
  facet normal 0.659341 0.751844 -0
    outer loop
      vertex 5.62132 2.12132 7.5
      vertex 5.32628 2.38006 18.6
      vertex 5.62132 2.12132 18.6
    endloop
  endfacet
  facet normal 0.659341 0.751844 0
    outer loop
      vertex 5.32628 2.38006 18.6
      vertex 5.62132 2.12132 7.5
      vertex 5.32628 2.38006 7.5
    endloop
  endfacet
  facet normal -0.0654145 0.997858 0
    outer loop
      vertex 3.5 3 7.5
      vertex 3.10842 2.97433 18.6
      vertex 3.5 3 18.6
    endloop
  endfacet
  facet normal -0.0654145 0.997858 0
    outer loop
      vertex 3.10842 2.97433 18.6
      vertex 3.5 3 7.5
      vertex 3.10842 2.97433 7.5
    endloop
  endfacet
  facet normal 0.555582 0.831462 -0
    outer loop
      vertex 5.32628 2.38006 7.5
      vertex 5 2.59808 18.6
      vertex 5.32628 2.38006 18.6
    endloop
  endfacet
  facet normal 0.555582 0.831462 0
    outer loop
      vertex 5 2.59808 18.6
      vertex 5.32628 2.38006 7.5
      vertex 5 2.59808 7.5
    endloop
  endfacet
  facet normal -0.997859 0.0654022 0
    outer loop
      vertex 0.5 0 7.5
      vertex 0.525665 0.391578 18.6
      vertex 0.525665 0.391578 7.5
    endloop
  endfacet
  facet normal -0.997859 0.0654022 0
    outer loop
      vertex 0.525665 0.391578 18.6
      vertex 0.5 0 7.5
      vertex 0.5 0 18.6
    endloop
  endfacet
  facet normal -0.831465 0.555577 0
    outer loop
      vertex 0.901923 1.5 7.5
      vertex 1.11994 1.82628 18.6
      vertex 1.11994 1.82628 7.5
    endloop
  endfacet
  facet normal -0.831465 0.555577 0
    outer loop
      vertex 1.11994 1.82628 18.6
      vertex 0.901923 1.5 7.5
      vertex 0.901923 1.5 18.6
    endloop
  endfacet
  facet normal -0.195072 0.980789 0
    outer loop
      vertex 3.10842 2.97433 7.5
      vertex 2.72354 2.89778 18.6
      vertex 3.10842 2.97433 18.6
    endloop
  endfacet
  facet normal -0.195072 0.980789 0
    outer loop
      vertex 2.72354 2.89778 18.6
      vertex 3.10842 2.97433 7.5
      vertex 2.72354 2.89778 7.5
    endloop
  endfacet
  facet normal -0.751844 0.659341 0
    outer loop
      vertex 1.11994 1.82628 7.5
      vertex 1.37868 2.12132 18.6
      vertex 1.37868 2.12132 7.5
    endloop
  endfacet
  facet normal -0.751844 0.659341 0
    outer loop
      vertex 1.37868 2.12132 18.6
      vertex 1.11994 1.82628 7.5
      vertex 1.11994 1.82628 18.6
    endloop
  endfacet
  facet normal 0.997858 0.0654149 0
    outer loop
      vertex 6.5 0 18.6
      vertex 6.47433 0.391578 7.5
      vertex 6.47433 0.391578 18.6
    endloop
  endfacet
  facet normal 0.997858 0.0654149 0
    outer loop
      vertex 6.47433 0.391578 7.5
      vertex 6.5 0 18.6
      vertex 6.5 0 7.5
    endloop
  endfacet
  facet normal 0.946929 -0.321442 0
    outer loop
      vertex 6.27164 -1.14805 18.6
      vertex 6.39778 -0.776457 7.5
      vertex 6.39778 -0.776457 18.6
    endloop
  endfacet
  facet normal 0.946929 -0.321442 0
    outer loop
      vertex 6.39778 -0.776457 7.5
      vertex 6.27164 -1.14805 18.6
      vertex 6.27164 -1.14805 7.5
    endloop
  endfacet
  facet normal 0.751844 0.659341 0
    outer loop
      vertex 5.88006 1.82628 18.6
      vertex 5.62132 2.12132 7.5
      vertex 5.62132 2.12132 18.6
    endloop
  endfacet
  facet normal 0.751844 0.659341 0
    outer loop
      vertex 5.62132 2.12132 7.5
      vertex 5.88006 1.82628 18.6
      vertex 5.88006 1.82628 7.5
    endloop
  endfacet
  facet normal 0.195072 0.980789 -0
    outer loop
      vertex 4.27646 2.89778 7.5
      vertex 3.89158 2.97433 18.6
      vertex 4.27646 2.89778 18.6
    endloop
  endfacet
  facet normal 0.195072 0.980789 0
    outer loop
      vertex 3.89158 2.97433 18.6
      vertex 4.27646 2.89778 7.5
      vertex 3.89158 2.97433 7.5
    endloop
  endfacet
  facet normal 0.0654145 0.997858 -0
    outer loop
      vertex 3.89158 2.97433 7.5
      vertex 3.5 3 18.6
      vertex 3.89158 2.97433 18.6
    endloop
  endfacet
  facet normal 0.0654145 0.997858 0
    outer loop
      vertex 3.5 3 18.6
      vertex 3.89158 2.97433 7.5
      vertex 3.5 3 7.5
    endloop
  endfacet
  facet normal 0.442283 0.896875 -0
    outer loop
      vertex 5 2.59808 7.5
      vertex 4.64805 2.77164 18.6
      vertex 5 2.59808 18.6
    endloop
  endfacet
  facet normal 0.442283 0.896875 0
    outer loop
      vertex 4.64805 2.77164 18.6
      vertex 5 2.59808 7.5
      vertex 4.64805 2.77164 7.5
    endloop
  endfacet
  facet normal -0.997859 -0.0654022 0
    outer loop
      vertex 0.525665 -0.391578 7.5
      vertex 0.5 0 18.6
      vertex 0.5 0 7.5
    endloop
  endfacet
  facet normal -0.997859 -0.0654022 0
    outer loop
      vertex 0.5 0 18.6
      vertex 0.525665 -0.391578 7.5
      vertex 0.525665 -0.391578 18.6
    endloop
  endfacet
  facet normal -0.980785 0.19509 0
    outer loop
      vertex 0.525665 0.391578 7.5
      vertex 0.602222 0.776457 18.6
      vertex 0.602222 0.776457 7.5
    endloop
  endfacet
  facet normal -0.980785 0.19509 0
    outer loop
      vertex 0.602222 0.776457 18.6
      vertex 0.525665 0.391578 7.5
      vertex 0.525665 0.391578 18.6
    endloop
  endfacet
  facet normal -0.896873 0.442288 0
    outer loop
      vertex 0.728361 1.14805 7.5
      vertex 0.901923 1.5 18.6
      vertex 0.901923 1.5 7.5
    endloop
  endfacet
  facet normal -0.896873 0.442288 0
    outer loop
      vertex 0.901923 1.5 18.6
      vertex 0.728361 1.14805 7.5
      vertex 0.728361 1.14805 18.6
    endloop
  endfacet
  facet normal -0.321444 0.946928 0
    outer loop
      vertex 2.72354 2.89778 7.5
      vertex 2.35195 2.77164 18.6
      vertex 2.72354 2.89778 18.6
    endloop
  endfacet
  facet normal -0.321444 0.946928 0
    outer loop
      vertex 2.35195 2.77164 18.6
      vertex 2.72354 2.89778 7.5
      vertex 2.35195 2.77164 7.5
    endloop
  endfacet
  facet normal -0.659341 0.751844 0
    outer loop
      vertex 1.67372 2.38006 7.5
      vertex 1.37868 2.12132 18.6
      vertex 1.67372 2.38006 18.6
    endloop
  endfacet
  facet normal -0.659341 0.751844 0
    outer loop
      vertex 1.37868 2.12132 18.6
      vertex 1.67372 2.38006 7.5
      vertex 1.37868 2.12132 7.5
    endloop
  endfacet
  facet normal -0.555582 0.831462 0
    outer loop
      vertex 2 2.59808 7.5
      vertex 1.67372 2.38006 18.6
      vertex 2 2.59808 18.6
    endloop
  endfacet
  facet normal -0.555582 0.831462 0
    outer loop
      vertex 1.67372 2.38006 18.6
      vertex 2 2.59808 7.5
      vertex 1.67372 2.38006 7.5
    endloop
  endfacet
  facet normal 0.997858 -0.0654149 0
    outer loop
      vertex 6.47433 -0.391578 18.6
      vertex 6.5 0 7.5
      vertex 6.5 0 18.6
    endloop
  endfacet
  facet normal 0.997858 -0.0654149 0
    outer loop
      vertex 6.5 0 7.5
      vertex 6.47433 -0.391578 18.6
      vertex 6.47433 -0.391578 7.5
    endloop
  endfacet
  facet normal 0.831462 -0.555582 0
    outer loop
      vertex 5.88006 -1.82628 18.6
      vertex 6.09808 -1.5 7.5
      vertex 6.09808 -1.5 18.6
    endloop
  endfacet
  facet normal 0.831462 -0.555582 0
    outer loop
      vertex 6.09808 -1.5 7.5
      vertex 5.88006 -1.82628 18.6
      vertex 5.88006 -1.82628 7.5
    endloop
  endfacet
  facet normal 0.0654145 -0.997858 0
    outer loop
      vertex 3.5 -3 7.5
      vertex 3.89158 -2.97433 18.6
      vertex 3.5 -3 18.6
    endloop
  endfacet
  facet normal 0.0654145 -0.997858 0
    outer loop
      vertex 3.89158 -2.97433 18.6
      vertex 3.5 -3 7.5
      vertex 3.89158 -2.97433 7.5
    endloop
  endfacet
  facet normal -0.831465 -0.555577 0
    outer loop
      vertex 1.11994 -1.82628 7.5
      vertex 0.901923 -1.5 18.6
      vertex 0.901923 -1.5 7.5
    endloop
  endfacet
  facet normal -0.831465 -0.555577 0
    outer loop
      vertex 0.901923 -1.5 18.6
      vertex 1.11994 -1.82628 7.5
      vertex 1.11994 -1.82628 18.6
    endloop
  endfacet
  facet normal 0.195072 -0.980789 0
    outer loop
      vertex 3.89158 -2.97433 7.5
      vertex 4.27646 -2.89778 18.6
      vertex 3.89158 -2.97433 18.6
    endloop
  endfacet
  facet normal 0.195072 -0.980789 0
    outer loop
      vertex 4.27646 -2.89778 18.6
      vertex 3.89158 -2.97433 7.5
      vertex 4.27646 -2.89778 7.5
    endloop
  endfacet
  facet normal 0.896875 0.442283 0
    outer loop
      vertex 6.27164 1.14805 18.6
      vertex 6.09808 1.5 7.5
      vertex 6.09808 1.5 18.6
    endloop
  endfacet
  facet normal 0.896875 0.442283 0
    outer loop
      vertex 6.09808 1.5 7.5
      vertex 6.27164 1.14805 18.6
      vertex 6.27164 1.14805 7.5
    endloop
  endfacet
  facet normal 0.946929 0.321442 0
    outer loop
      vertex 6.39778 0.776457 18.6
      vertex 6.27164 1.14805 7.5
      vertex 6.27164 1.14805 18.6
    endloop
  endfacet
  facet normal 0.946929 0.321442 0
    outer loop
      vertex 6.27164 1.14805 7.5
      vertex 6.39778 0.776457 18.6
      vertex 6.39778 0.776457 7.5
    endloop
  endfacet
  facet normal 0.751844 -0.659341 0
    outer loop
      vertex 5.62132 -2.12132 18.6
      vertex 5.88006 -1.82628 7.5
      vertex 5.88006 -1.82628 18.6
    endloop
  endfacet
  facet normal 0.751844 -0.659341 0
    outer loop
      vertex 5.88006 -1.82628 7.5
      vertex 5.62132 -2.12132 18.6
      vertex 5.62132 -2.12132 7.5
    endloop
  endfacet
  facet normal 0.896875 -0.442283 0
    outer loop
      vertex 6.09808 -1.5 18.6
      vertex 6.27164 -1.14805 7.5
      vertex 6.27164 -1.14805 18.6
    endloop
  endfacet
  facet normal 0.896875 -0.442283 0
    outer loop
      vertex 6.27164 -1.14805 7.5
      vertex 6.09808 -1.5 18.6
      vertex 6.09808 -1.5 7.5
    endloop
  endfacet
  facet normal -0.896873 -0.442288 0
    outer loop
      vertex 0.901923 -1.5 7.5
      vertex 0.728361 -1.14805 18.6
      vertex 0.728361 -1.14805 7.5
    endloop
  endfacet
  facet normal -0.896873 -0.442288 0
    outer loop
      vertex 0.728361 -1.14805 18.6
      vertex 0.901923 -1.5 7.5
      vertex 0.901923 -1.5 18.6
    endloop
  endfacet
  facet normal -0.94693 -0.32144 0
    outer loop
      vertex 0.728361 -1.14805 7.5
      vertex 0.602222 -0.776457 18.6
      vertex 0.602222 -0.776457 7.5
    endloop
  endfacet
  facet normal -0.94693 -0.32144 0
    outer loop
      vertex 0.602222 -0.776457 18.6
      vertex 0.728361 -1.14805 7.5
      vertex 0.728361 -1.14805 18.6
    endloop
  endfacet
  facet normal -0.980785 -0.19509 0
    outer loop
      vertex 0.602222 -0.776457 7.5
      vertex 0.525665 -0.391578 18.6
      vertex 0.525665 -0.391578 7.5
    endloop
  endfacet
  facet normal -0.980785 -0.19509 0
    outer loop
      vertex 0.525665 -0.391578 18.6
      vertex 0.602222 -0.776457 7.5
      vertex 0.602222 -0.776457 18.6
    endloop
  endfacet
  facet normal 0.442283 -0.896875 0
    outer loop
      vertex 4.64805 -2.77164 7.5
      vertex 5 -2.59808 18.6
      vertex 4.64805 -2.77164 18.6
    endloop
  endfacet
  facet normal 0.442283 -0.896875 0
    outer loop
      vertex 5 -2.59808 18.6
      vertex 4.64805 -2.77164 7.5
      vertex 5 -2.59808 7.5
    endloop
  endfacet
  facet normal 0.321444 -0.946928 0
    outer loop
      vertex 4.27646 -2.89778 7.5
      vertex 4.64805 -2.77164 18.6
      vertex 4.27646 -2.89778 18.6
    endloop
  endfacet
  facet normal 0.321444 -0.946928 0
    outer loop
      vertex 4.64805 -2.77164 18.6
      vertex 4.27646 -2.89778 7.5
      vertex 4.64805 -2.77164 7.5
    endloop
  endfacet
  facet normal 0.659341 -0.751844 0
    outer loop
      vertex 5.32628 -2.38006 7.5
      vertex 5.62132 -2.12132 18.6
      vertex 5.32628 -2.38006 18.6
    endloop
  endfacet
  facet normal 0.659341 -0.751844 0
    outer loop
      vertex 5.62132 -2.12132 18.6
      vertex 5.32628 -2.38006 7.5
      vertex 5.62132 -2.12132 7.5
    endloop
  endfacet
  facet normal 0.555582 -0.831462 0
    outer loop
      vertex 5 -2.59808 7.5
      vertex 5.32628 -2.38006 18.6
      vertex 5 -2.59808 18.6
    endloop
  endfacet
  facet normal 0.555582 -0.831462 0
    outer loop
      vertex 5.32628 -2.38006 18.6
      vertex 5 -2.59808 7.5
      vertex 5.32628 -2.38006 7.5
    endloop
  endfacet
  facet normal -0.555582 -0.831462 0
    outer loop
      vertex 1.67372 -2.38006 7.5
      vertex 2 -2.59808 18.6
      vertex 1.67372 -2.38006 18.6
    endloop
  endfacet
  facet normal -0.555582 -0.831462 -0
    outer loop
      vertex 2 -2.59808 18.6
      vertex 1.67372 -2.38006 7.5
      vertex 2 -2.59808 7.5
    endloop
  endfacet
  facet normal -0.321444 -0.946928 0
    outer loop
      vertex 2.35195 -2.77164 7.5
      vertex 2.72354 -2.89778 18.6
      vertex 2.35195 -2.77164 18.6
    endloop
  endfacet
  facet normal -0.321444 -0.946928 -0
    outer loop
      vertex 2.72354 -2.89778 18.6
      vertex 2.35195 -2.77164 7.5
      vertex 2.72354 -2.89778 7.5
    endloop
  endfacet
  facet normal -0.195072 -0.980789 0
    outer loop
      vertex 2.72354 -2.89778 7.5
      vertex 3.10842 -2.97433 18.6
      vertex 2.72354 -2.89778 18.6
    endloop
  endfacet
  facet normal -0.195072 -0.980789 -0
    outer loop
      vertex 3.10842 -2.97433 18.6
      vertex 2.72354 -2.89778 7.5
      vertex 3.10842 -2.97433 7.5
    endloop
  endfacet
  facet normal -0.0654145 -0.997858 0
    outer loop
      vertex 3.10842 -2.97433 7.5
      vertex 3.5 -3 18.6
      vertex 3.10842 -2.97433 18.6
    endloop
  endfacet
  facet normal -0.0654145 -0.997858 -0
    outer loop
      vertex 3.5 -3 18.6
      vertex 3.10842 -2.97433 7.5
      vertex 3.5 -3 7.5
    endloop
  endfacet
  facet normal -0.751844 -0.659341 0
    outer loop
      vertex 1.37868 -2.12132 7.5
      vertex 1.11994 -1.82628 18.6
      vertex 1.11994 -1.82628 7.5
    endloop
  endfacet
  facet normal -0.751844 -0.659341 0
    outer loop
      vertex 1.11994 -1.82628 18.6
      vertex 1.37868 -2.12132 7.5
      vertex 1.37868 -2.12132 18.6
    endloop
  endfacet
  facet normal -0.659341 -0.751844 0
    outer loop
      vertex 1.37868 -2.12132 7.5
      vertex 1.67372 -2.38006 18.6
      vertex 1.37868 -2.12132 18.6
    endloop
  endfacet
  facet normal -0.659341 -0.751844 -0
    outer loop
      vertex 1.67372 -2.38006 18.6
      vertex 1.37868 -2.12132 7.5
      vertex 1.67372 -2.38006 7.5
    endloop
  endfacet
  facet normal -0.442283 -0.896875 0
    outer loop
      vertex 2 -2.59808 7.5
      vertex 2.35195 -2.77164 18.6
      vertex 2 -2.59808 18.6
    endloop
  endfacet
  facet normal -0.442283 -0.896875 -0
    outer loop
      vertex 2.35195 -2.77164 18.6
      vertex 2 -2.59808 7.5
      vertex 2.35195 -2.77164 7.5
    endloop
  endfacet
  facet normal 0.990186 0.0648976 0.123773
    outer loop
      vertex 9.20081 0.750525 18.6
      vertex 8.5 0 24.6
      vertex 9.25 0 18.6
    endloop
  endfacet
  facet normal 0.973242 0.193597 0.123772
    outer loop
      vertex 9.05407 1.48821 18.6
      vertex 8.32963 1.2941 24.6
      vertex 9.20081 0.750525 18.6
    endloop
  endfacet
  facet normal 0.746054 0.654281 0.123772
    outer loop
      vertex 7.56586 4.06586 18.6
      vertex 7.46677 3.04381 24.6
      vertex 8.06178 3.50038 18.6
    endloop
  endfacet
  facet normal -0.825073 0.551302 0.123773
    outer loop
      vertex -1.06178 3.50038 18.6
      vertex -1.47965 2.875 18.6
      vertex -0.466766 3.04381 24.6
    endloop
  endfacet
  facet normal -0.990186 0.0648976 0.123773
    outer loop
      vertex -2.20081 0.750525 18.6
      vertex -2.25 0 18.6
      vertex -1.5 0 24.6
    endloop
  endfacet
  facet normal 0.438887 0.889977 0.123773
    outer loop
      vertex 5.70043 5.31231 18.6
      vertex 5.41342 4.6194 24.6
      vertex 6.375 4.97965 18.6
    endloop
  endfacet
  facet normal 0.889977 0.438887 0.123773
    outer loop
      vertex 8.47965 2.875 18.6
      vertex 8.1194 1.91342 24.6
      vertex 8.81231 2.20043 18.6
    endloop
  endfacet
  facet normal 0.939649 0.318967 0.123772
    outer loop
      vertex 9.05407 1.48821 18.6
      vertex 8.1194 1.91342 24.6
      vertex 8.32963 1.2941 24.6
    endloop
  endfacet
  facet normal 0.746054 -0.654281 0.123772
    outer loop
      vertex 8.06178 -3.50038 18.6
      vertex 7.46677 -3.04381 24.6
      vertex 7.56586 -4.06586 18.6
    endloop
  endfacet
  facet normal 0.939649 -0.318967 0.123772
    outer loop
      vertex 8.32963 -1.2941 24.6
      vertex 8.1194 -1.91342 24.6
      vertex 9.05407 -1.48821 18.6
    endloop
  endfacet
  facet normal 0.318961 0.939651 0.123773
    outer loop
      vertex 5.70043 5.31231 18.6
      vertex 4.98821 5.55407 18.6
      vertex 5.41342 4.6194 24.6
    endloop
  endfacet
  facet normal -0.318967 0.939649 0.123772
    outer loop
      vertex 2.01179 5.55407 18.6
      vertex 1.58658 4.6194 24.6
      vertex 2.2059 4.82963 24.6
    endloop
  endfacet
  facet normal 0.0648971 0.990186 0.123773
    outer loop
      vertex 3.5 5.75 18.6
      vertex 3.5 5 24.6
      vertex 4.25053 5.70081 18.6
    endloop
  endfacet
  facet normal -0.746055 0.65428 0.123773
    outer loop
      vertex -0.0355339 3.53553 24.6
      vertex -0.565864 4.06586 18.6
      vertex -0.466766 3.04381 24.6
    endloop
  endfacet
  facet normal -0.889977 0.438887 0.123773
    outer loop
      vertex -1.47965 2.875 18.6
      vertex -1.81231 2.20043 18.6
      vertex -1.1194 1.91342 24.6
    endloop
  endfacet
  facet normal -0.939649 0.318967 0.123772
    outer loop
      vertex -1.1194 1.91342 24.6
      vertex -2.05407 1.48821 18.6
      vertex -1.32963 1.2941 24.6
    endloop
  endfacet
  facet normal -0.654283 -0.746053 0.123773
    outer loop
      vertex -0.0355339 -3.53553 24.6
      vertex -0.565864 -4.06586 18.6
      vertex 0.456192 -3.96677 24.6
    endloop
  endfacet
  facet normal 0.825073 0.551302 0.123773
    outer loop
      vertex 8.06178 3.50038 18.6
      vertex 7.46677 3.04381 24.6
      vertex 8.47965 2.875 18.6
    endloop
  endfacet
  facet normal 0.825078 0.551296 0.123773
    outer loop
      vertex 8.47965 2.875 18.6
      vertex 7.46677 3.04381 24.6
      vertex 7.83013 2.5 24.6
    endloop
  endfacet
  facet normal 0.318961 -0.939651 0.123773
    outer loop
      vertex 5.41342 -4.6194 24.6
      vertex 4.98821 -5.55407 18.6
      vertex 5.70043 -5.31231 18.6
    endloop
  endfacet
  facet normal 0.0649068 -0.990185 0.123774
    outer loop
      vertex 4.15263 -4.95722 24.6
      vertex 3.5 -5 24.6
      vertex 4.25053 -5.70081 18.6
    endloop
  endfacet
  facet normal 0.438887 -0.889977 0.123773
    outer loop
      vertex 6.375 -4.97965 18.6
      vertex 5.41342 -4.6194 24.6
      vertex 5.70043 -5.31231 18.6
    endloop
  endfacet
  facet normal 0.889976 -0.438889 0.123773
    outer loop
      vertex 8.1194 -1.91342 24.6
      vertex 7.83013 -2.5 24.6
      vertex 8.47965 -2.875 18.6
    endloop
  endfacet
  facet normal 0.889977 -0.438887 0.123773
    outer loop
      vertex 8.81231 -2.20043 18.6
      vertex 8.1194 -1.91342 24.6
      vertex 8.47965 -2.875 18.6
    endloop
  endfacet
  facet normal 0.990186 -0.0648976 0.123773
    outer loop
      vertex 9.25 0 18.6
      vertex 8.5 0 24.6
      vertex 9.20081 -0.750525 18.6
    endloop
  endfacet
  facet normal 0.654287 0.746049 0.123773
    outer loop
      vertex 7.56586 4.06586 18.6
      vertex 6.54381 3.96677 24.6
      vertex 7.03553 3.53553 24.6
    endloop
  endfacet
  facet normal -0.438887 0.889977 0.123773
    outer loop
      vertex 1.29957 5.31231 18.6
      vertex 0.625 4.97965 18.6
      vertex 1.58658 4.6194 24.6
    endloop
  endfacet
  facet normal -0.193598 0.973242 0.123772
    outer loop
      vertex 2.74947 5.70081 18.6
      vertex 2.01179 5.55407 18.6
      vertex 2.2059 4.82963 24.6
    endloop
  endfacet
  facet normal -0.193581 0.973245 0.123775
    outer loop
      vertex 2.74947 5.70081 18.6
      vertex 2.2059 4.82963 24.6
      vertex 2.84737 4.95722 24.6
    endloop
  endfacet
  facet normal 0.318967 0.939649 0.123772
    outer loop
      vertex 4.98821 5.55407 18.6
      vertex 4.7941 4.82963 24.6
      vertex 5.41342 4.6194 24.6
    endloop
  endfacet
  facet normal -0.746056 0.654278 0.123773
    outer loop
      vertex -0.565864 4.06586 18.6
      vertex -1.06178 3.50038 18.6
      vertex -0.466766 3.04381 24.6
    endloop
  endfacet
  facet normal -0.889977 -0.438887 0.123773
    outer loop
      vertex -1.1194 -1.91342 24.6
      vertex -1.81231 -2.20043 18.6
      vertex -1.47965 -2.875 18.6
    endloop
  endfacet
  facet normal -0.939651 -0.318961 0.123773
    outer loop
      vertex -1.1194 -1.91342 24.6
      vertex -2.05407 -1.48821 18.6
      vertex -1.81231 -2.20043 18.6
    endloop
  endfacet
  facet normal 0 0 -1
    outer loop
      vertex 6.5 0 18.6
      vertex 9.25 0 18.6
      vertex 9.20081 -0.750525 18.6
    endloop
  endfacet
  facet normal 0 0 -1
    outer loop
      vertex 6.47433 -0.391578 18.6
      vertex 9.20081 -0.750525 18.6
      vertex 9.05407 -1.48821 18.6
    endloop
  endfacet
  facet normal 0 0 -1
    outer loop
      vertex 9.25 0 18.6
      vertex 6.5 0 18.6
      vertex 9.20081 0.750525 18.6
    endloop
  endfacet
  facet normal 0 0 -1
    outer loop
      vertex 6.39778 -0.776457 18.6
      vertex 9.05407 -1.48821 18.6
      vertex 8.81231 -2.20043 18.6
    endloop
  endfacet
  facet normal 0 0 -1
    outer loop
      vertex 6.47433 0.391578 18.6
      vertex 9.20081 0.750525 18.6
      vertex 6.5 0 18.6
    endloop
  endfacet
  facet normal 0 0 -1
    outer loop
      vertex 6.27164 -1.14805 18.6
      vertex 8.81231 -2.20043 18.6
      vertex 8.47965 -2.875 18.6
    endloop
  endfacet
  facet normal -0 0 -1
    outer loop
      vertex 9.20081 0.750525 18.6
      vertex 6.47433 0.391578 18.6
      vertex 9.05407 1.48821 18.6
    endloop
  endfacet
  facet normal 0 0 -1
    outer loop
      vertex 6.09808 -1.5 18.6
      vertex 8.47965 -2.875 18.6
      vertex 8.06178 -3.50038 18.6
    endloop
  endfacet
  facet normal 0 0 -1
    outer loop
      vertex 6.39778 0.776457 18.6
      vertex 9.05407 1.48821 18.6
      vertex 6.47433 0.391578 18.6
    endloop
  endfacet
  facet normal 0 0 -1
    outer loop
      vertex 5.88006 -1.82628 18.6
      vertex 8.06178 -3.50038 18.6
      vertex 7.56586 -4.06586 18.6
    endloop
  endfacet
  facet normal -0 0 -1
    outer loop
      vertex 9.05407 1.48821 18.6
      vertex 6.39778 0.776457 18.6
      vertex 8.81231 2.20043 18.6
    endloop
  endfacet
  facet normal 0 0 -1
    outer loop
      vertex 5.62132 -2.12132 18.6
      vertex 7.56586 -4.06586 18.6
      vertex 7.00038 -4.56178 18.6
    endloop
  endfacet
  facet normal 0 0 -1
    outer loop
      vertex 6.27164 1.14805 18.6
      vertex 8.81231 2.20043 18.6
      vertex 6.39778 0.776457 18.6
    endloop
  endfacet
  facet normal -0 0 -1
    outer loop
      vertex 8.81231 2.20043 18.6
      vertex 6.27164 1.14805 18.6
      vertex 8.47965 2.875 18.6
    endloop
  endfacet
  facet normal 0 0 -1
    outer loop
      vertex 9.20081 -0.750525 18.6
      vertex 6.47433 -0.391578 18.6
      vertex 6.5 0 18.6
    endloop
  endfacet
  facet normal 0 0 -1
    outer loop
      vertex 9.05407 -1.48821 18.6
      vertex 6.39778 -0.776457 18.6
      vertex 6.47433 -0.391578 18.6
    endloop
  endfacet
  facet normal 0 0 -1
    outer loop
      vertex 5.32628 -2.38006 18.6
      vertex 7.00038 -4.56178 18.6
      vertex 6.375 -4.97965 18.6
    endloop
  endfacet
  facet normal 0 0 -1
    outer loop
      vertex 8.81231 -2.20043 18.6
      vertex 6.27164 -1.14805 18.6
      vertex 6.39778 -0.776457 18.6
    endloop
  endfacet
  facet normal 0 0 -1
    outer loop
      vertex 8.47965 -2.875 18.6
      vertex 6.09808 -1.5 18.6
      vertex 6.27164 -1.14805 18.6
    endloop
  endfacet
  facet normal 0 0 -1
    outer loop
      vertex 8.06178 -3.50038 18.6
      vertex 5.88006 -1.82628 18.6
      vertex 6.09808 -1.5 18.6
    endloop
  endfacet
  facet normal 0 0 -1
    outer loop
      vertex 5 -2.59808 18.6
      vertex 6.375 -4.97965 18.6
      vertex 5.70043 -5.31231 18.6
    endloop
  endfacet
  facet normal 0 0 -1
    outer loop
      vertex 7.56586 -4.06586 18.6
      vertex 5.62132 -2.12132 18.6
      vertex 5.88006 -1.82628 18.6
    endloop
  endfacet
  facet normal 0 0 -1
    outer loop
      vertex 7.00038 -4.56178 18.6
      vertex 5.32628 -2.38006 18.6
      vertex 5.62132 -2.12132 18.6
    endloop
  endfacet
  facet normal 0 0 -1
    outer loop
      vertex 6.375 -4.97965 18.6
      vertex 5 -2.59808 18.6
      vertex 5.32628 -2.38006 18.6
    endloop
  endfacet
  facet normal 0 0 -1
    outer loop
      vertex 4.64805 -2.77164 18.6
      vertex 5.70043 -5.31231 18.6
      vertex 4.98821 -5.55407 18.6
    endloop
  endfacet
  facet normal 0 0 -1
    outer loop
      vertex 5.70043 -5.31231 18.6
      vertex 4.64805 -2.77164 18.6
      vertex 5 -2.59808 18.6
    endloop
  endfacet
  facet normal 0 0 -1
    outer loop
      vertex 4.98821 -5.55407 18.6
      vertex 4.27646 -2.89778 18.6
      vertex 4.64805 -2.77164 18.6
    endloop
  endfacet
  facet normal 0 0 -1
    outer loop
      vertex 4.25053 -5.70081 18.6
      vertex 4.27646 -2.89778 18.6
      vertex 4.98821 -5.55407 18.6
    endloop
  endfacet
  facet normal 0 0 -1
    outer loop
      vertex 4.25053 -5.70081 18.6
      vertex 3.89158 -2.97433 18.6
      vertex 4.27646 -2.89778 18.6
    endloop
  endfacet
  facet normal 0 0 -1
    outer loop
      vertex 3.5 -5.75 18.6
      vertex 3.89158 -2.97433 18.6
      vertex 4.25053 -5.70081 18.6
    endloop
  endfacet
  facet normal 0 0 -1
    outer loop
      vertex 3.5 -5.75 18.6
      vertex 3.5 -3 18.6
      vertex 3.89158 -2.97433 18.6
    endloop
  endfacet
  facet normal 0 0 -1
    outer loop
      vertex 3.5 -5.75 18.6
      vertex 3.10842 -2.97433 18.6
      vertex 3.5 -3 18.6
    endloop
  endfacet
  facet normal 0 0 -1
    outer loop
      vertex 2.74947 -5.70081 18.6
      vertex 3.10842 -2.97433 18.6
      vertex 3.5 -5.75 18.6
    endloop
  endfacet
  facet normal 0 0 -1
    outer loop
      vertex 2.74947 -5.70081 18.6
      vertex 2.72354 -2.89778 18.6
      vertex 3.10842 -2.97433 18.6
    endloop
  endfacet
  facet normal 0 0 -1
    outer loop
      vertex 2.01179 -5.55407 18.6
      vertex 2.72354 -2.89778 18.6
      vertex 2.74947 -5.70081 18.6
    endloop
  endfacet
  facet normal -0 0 -1
    outer loop
      vertex 2.72354 -2.89778 18.6
      vertex 2.01179 -5.55407 18.6
      vertex 2.35195 -2.77164 18.6
    endloop
  endfacet
  facet normal 0 0 -1
    outer loop
      vertex 1.29957 -5.31231 18.6
      vertex 2.35195 -2.77164 18.6
      vertex 2.01179 -5.55407 18.6
    endloop
  endfacet
  facet normal -0 0 -1
    outer loop
      vertex 2.35195 -2.77164 18.6
      vertex 1.29957 -5.31231 18.6
      vertex 2 -2.59808 18.6
    endloop
  endfacet
  facet normal 0 0 -1
    outer loop
      vertex 0.625 -4.97965 18.6
      vertex 2 -2.59808 18.6
      vertex 1.29957 -5.31231 18.6
    endloop
  endfacet
  facet normal -0 0 -1
    outer loop
      vertex 2 -2.59808 18.6
      vertex 0.625 -4.97965 18.6
      vertex 1.67372 -2.38006 18.6
    endloop
  endfacet
  facet normal 0 0 -1
    outer loop
      vertex -0.000377655 -4.56178 18.6
      vertex 1.67372 -2.38006 18.6
      vertex 0.625 -4.97965 18.6
    endloop
  endfacet
  facet normal -0 0 -1
    outer loop
      vertex 1.67372 -2.38006 18.6
      vertex -0.000377655 -4.56178 18.6
      vertex 1.37868 -2.12132 18.6
    endloop
  endfacet
  facet normal 0 0 -1
    outer loop
      vertex -0.565864 -4.06586 18.6
      vertex 1.37868 -2.12132 18.6
      vertex -0.000377655 -4.56178 18.6
    endloop
  endfacet
  facet normal -0 0 -1
    outer loop
      vertex 1.37868 -2.12132 18.6
      vertex -0.565864 -4.06586 18.6
      vertex 1.11994 -1.82628 18.6
    endloop
  endfacet
  facet normal 0 0 -1
    outer loop
      vertex -1.06178 -3.50038 18.6
      vertex 1.11994 -1.82628 18.6
      vertex -0.565864 -4.06586 18.6
    endloop
  endfacet
  facet normal -0 0 -1
    outer loop
      vertex 1.11994 -1.82628 18.6
      vertex -1.06178 -3.50038 18.6
      vertex 0.901923 -1.5 18.6
    endloop
  endfacet
  facet normal 0 0 -1
    outer loop
      vertex -1.47965 -2.875 18.6
      vertex 0.901923 -1.5 18.6
      vertex -1.06178 -3.50038 18.6
    endloop
  endfacet
  facet normal -0 0 -1
    outer loop
      vertex 0.901923 -1.5 18.6
      vertex -1.47965 -2.875 18.6
      vertex 0.728361 -1.14805 18.6
    endloop
  endfacet
  facet normal 0 0 -1
    outer loop
      vertex 6.09808 1.5 18.6
      vertex 8.47965 2.875 18.6
      vertex 6.27164 1.14805 18.6
    endloop
  endfacet
  facet normal -0 0 -1
    outer loop
      vertex 8.47965 2.875 18.6
      vertex 6.09808 1.5 18.6
      vertex 8.06178 3.50038 18.6
    endloop
  endfacet
  facet normal 0 0 -1
    outer loop
      vertex 5.88006 1.82628 18.6
      vertex 8.06178 3.50038 18.6
      vertex 6.09808 1.5 18.6
    endloop
  endfacet
  facet normal -0 0 -1
    outer loop
      vertex 8.06178 3.50038 18.6
      vertex 5.88006 1.82628 18.6
      vertex 7.56586 4.06586 18.6
    endloop
  endfacet
  facet normal 0 0 -1
    outer loop
      vertex 5.62132 2.12132 18.6
      vertex 7.56586 4.06586 18.6
      vertex 5.88006 1.82628 18.6
    endloop
  endfacet
  facet normal -0 0 -1
    outer loop
      vertex 7.56586 4.06586 18.6
      vertex 5.62132 2.12132 18.6
      vertex 7.00038 4.56178 18.6
    endloop
  endfacet
  facet normal 0 0 -1
    outer loop
      vertex 5.32628 2.38006 18.6
      vertex 7.00038 4.56178 18.6
      vertex 5.62132 2.12132 18.6
    endloop
  endfacet
  facet normal -0 0 -1
    outer loop
      vertex 7.00038 4.56178 18.6
      vertex 5.32628 2.38006 18.6
      vertex 6.375 4.97965 18.6
    endloop
  endfacet
  facet normal 0 0 -1
    outer loop
      vertex 5 2.59808 18.6
      vertex 6.375 4.97965 18.6
      vertex 5.32628 2.38006 18.6
    endloop
  endfacet
  facet normal -0 0 -1
    outer loop
      vertex 6.375 4.97965 18.6
      vertex 5 2.59808 18.6
      vertex 5.70043 5.31231 18.6
    endloop
  endfacet
  facet normal 0 0 -1
    outer loop
      vertex 4.64805 2.77164 18.6
      vertex 5.70043 5.31231 18.6
      vertex 5 2.59808 18.6
    endloop
  endfacet
  facet normal -0 0 -1
    outer loop
      vertex 5.70043 5.31231 18.6
      vertex 4.64805 2.77164 18.6
      vertex 4.98821 5.55407 18.6
    endloop
  endfacet
  facet normal 0 0 -1
    outer loop
      vertex 4.27646 2.89778 18.6
      vertex 4.98821 5.55407 18.6
      vertex 4.64805 2.77164 18.6
    endloop
  endfacet
  facet normal 0 0 -1
    outer loop
      vertex 4.27646 2.89778 18.6
      vertex 4.25053 5.70081 18.6
      vertex 4.98821 5.55407 18.6
    endloop
  endfacet
  facet normal 0 0 -1
    outer loop
      vertex 3.89158 2.97433 18.6
      vertex 4.25053 5.70081 18.6
      vertex 4.27646 2.89778 18.6
    endloop
  endfacet
  facet normal 0 0 -1
    outer loop
      vertex 3.5 3 18.6
      vertex 4.25053 5.70081 18.6
      vertex 3.89158 2.97433 18.6
    endloop
  endfacet
  facet normal 0 0 -1
    outer loop
      vertex 3.5 3 18.6
      vertex 3.5 5.75 18.6
      vertex 4.25053 5.70081 18.6
    endloop
  endfacet
  facet normal 0 0 -1
    outer loop
      vertex 3.10842 2.97433 18.6
      vertex 3.5 5.75 18.6
      vertex 3.5 3 18.6
    endloop
  endfacet
  facet normal 0 0 -1
    outer loop
      vertex 3.10842 2.97433 18.6
      vertex 2.74947 5.70081 18.6
      vertex 3.5 5.75 18.6
    endloop
  endfacet
  facet normal 0 0 -1
    outer loop
      vertex 2.72354 2.89778 18.6
      vertex 2.74947 5.70081 18.6
      vertex 3.10842 2.97433 18.6
    endloop
  endfacet
  facet normal 0 0 -1
    outer loop
      vertex 2.01179 5.55407 18.6
      vertex 2.72354 2.89778 18.6
      vertex 2.35195 2.77164 18.6
    endloop
  endfacet
  facet normal 0 0 -1
    outer loop
      vertex 2.72354 2.89778 18.6
      vertex 2.01179 5.55407 18.6
      vertex 2.74947 5.70081 18.6
    endloop
  endfacet
  facet normal 0 0 -1
    outer loop
      vertex 1.29957 5.31231 18.6
      vertex 2.35195 2.77164 18.6
      vertex 2 2.59808 18.6
    endloop
  endfacet
  facet normal 0 0 -1
    outer loop
      vertex 0.625 4.97965 18.6
      vertex 2 2.59808 18.6
      vertex 1.67372 2.38006 18.6
    endloop
  endfacet
  facet normal 0 0 -1
    outer loop
      vertex -0.000377655 4.56178 18.6
      vertex 1.67372 2.38006 18.6
      vertex 1.37868 2.12132 18.6
    endloop
  endfacet
  facet normal 0 0 -1
    outer loop
      vertex 2.35195 2.77164 18.6
      vertex 1.29957 5.31231 18.6
      vertex 2.01179 5.55407 18.6
    endloop
  endfacet
  facet normal 0 0 -1
    outer loop
      vertex -0.565864 4.06586 18.6
      vertex 1.37868 2.12132 18.6
      vertex 1.11994 1.82628 18.6
    endloop
  endfacet
  facet normal 0 0 -1
    outer loop
      vertex -1.06178 3.50038 18.6
      vertex 1.11994 1.82628 18.6
      vertex 0.901923 1.5 18.6
    endloop
  endfacet
  facet normal 0 0 -1
    outer loop
      vertex -1.47965 2.875 18.6
      vertex 0.901923 1.5 18.6
      vertex 0.728361 1.14805 18.6
    endloop
  endfacet
  facet normal 0 0 -1
    outer loop
      vertex 2 2.59808 18.6
      vertex 0.625 4.97965 18.6
      vertex 1.29957 5.31231 18.6
    endloop
  endfacet
  facet normal 0 0 -1
    outer loop
      vertex -1.81231 2.20043 18.6
      vertex 0.728361 1.14805 18.6
      vertex 0.602222 0.776457 18.6
    endloop
  endfacet
  facet normal 0 0 -1
    outer loop
      vertex -2.05407 1.48821 18.6
      vertex 0.602222 0.776457 18.6
      vertex 0.525665 0.391578 18.6
    endloop
  endfacet
  facet normal 0 0 -1
    outer loop
      vertex -2.20081 0.750525 18.6
      vertex 0.525665 0.391578 18.6
      vertex 0.5 0 18.6
    endloop
  endfacet
  facet normal 0 0 -1
    outer loop
      vertex -1.81231 -2.20043 18.6
      vertex 0.728361 -1.14805 18.6
      vertex -1.47965 -2.875 18.6
    endloop
  endfacet
  facet normal 0 0 -1
    outer loop
      vertex 1.67372 2.38006 18.6
      vertex -0.000377655 4.56178 18.6
      vertex 0.625 4.97965 18.6
    endloop
  endfacet
  facet normal -0 0 -1
    outer loop
      vertex 0.728361 -1.14805 18.6
      vertex -1.81231 -2.20043 18.6
      vertex 0.602222 -0.776457 18.6
    endloop
  endfacet
  facet normal 0 0 -1
    outer loop
      vertex 1.37868 2.12132 18.6
      vertex -0.565864 4.06586 18.6
      vertex -0.000377655 4.56178 18.6
    endloop
  endfacet
  facet normal 0 0 -1
    outer loop
      vertex -2.05407 -1.48821 18.6
      vertex 0.602222 -0.776457 18.6
      vertex -1.81231 -2.20043 18.6
    endloop
  endfacet
  facet normal 0 0 -1
    outer loop
      vertex 1.11994 1.82628 18.6
      vertex -1.06178 3.50038 18.6
      vertex -0.565864 4.06586 18.6
    endloop
  endfacet
  facet normal -0 0 -1
    outer loop
      vertex 0.602222 -0.776457 18.6
      vertex -2.05407 -1.48821 18.6
      vertex 0.525665 -0.391578 18.6
    endloop
  endfacet
  facet normal 0 0 -1
    outer loop
      vertex 0.901923 1.5 18.6
      vertex -1.47965 2.875 18.6
      vertex -1.06178 3.50038 18.6
    endloop
  endfacet
  facet normal 0 0 -1
    outer loop
      vertex -2.20081 -0.750525 18.6
      vertex 0.525665 -0.391578 18.6
      vertex -2.05407 -1.48821 18.6
    endloop
  endfacet
  facet normal 0 0 -1
    outer loop
      vertex 0.728361 1.14805 18.6
      vertex -1.81231 2.20043 18.6
      vertex -1.47965 2.875 18.6
    endloop
  endfacet
  facet normal -0 0 -1
    outer loop
      vertex 0.525665 -0.391578 18.6
      vertex -2.20081 -0.750525 18.6
      vertex 0.5 0 18.6
    endloop
  endfacet
  facet normal 0 0 -1
    outer loop
      vertex 0.602222 0.776457 18.6
      vertex -2.05407 1.48821 18.6
      vertex -1.81231 2.20043 18.6
    endloop
  endfacet
  facet normal 0 0 -1
    outer loop
      vertex -2.25 0 18.6
      vertex 0.5 0 18.6
      vertex -2.20081 -0.750525 18.6
    endloop
  endfacet
  facet normal 0 0 -1
    outer loop
      vertex 0.525665 0.391578 18.6
      vertex -2.20081 0.750525 18.6
      vertex -2.05407 1.48821 18.6
    endloop
  endfacet
  facet normal 0 0 -1
    outer loop
      vertex 0.5 0 18.6
      vertex -2.25 0 18.6
      vertex -2.20081 0.750525 18.6
    endloop
  endfacet
  facet normal -0.939651 0.318961 0.123773
    outer loop
      vertex -1.81231 2.20043 18.6
      vertex -2.05407 1.48821 18.6
      vertex -1.1194 1.91342 24.6
    endloop
  endfacet
  facet normal -0.889974 0.438892 0.123774
    outer loop
      vertex -0.830127 2.5 24.6
      vertex -1.47965 2.875 18.6
      vertex -1.1194 1.91342 24.6
    endloop
  endfacet
  facet normal -0.551304 -0.825072 0.123772
    outer loop
      vertex 0.456192 -3.96677 24.6
      vertex -0.000377655 -4.56178 18.6
      vertex 0.625 -4.97965 18.6
    endloop
  endfacet
  facet normal -0.438887 -0.889977 0.123773
    outer loop
      vertex 1.58658 -4.6194 24.6
      vertex 0.625 -4.97965 18.6
      vertex 1.29957 -5.31231 18.6
    endloop
  endfacet
  facet normal 0.973245 0.193581 0.123774
    outer loop
      vertex 9.20081 0.750525 18.6
      vertex 8.32963 1.2941 24.6
      vertex 8.45722 0.652631 24.6
    endloop
  endfacet
  facet normal 0.939651 0.318961 0.123773
    outer loop
      vertex 8.81231 2.20043 18.6
      vertex 8.1194 1.91342 24.6
      vertex 9.05407 1.48821 18.6
    endloop
  endfacet
  facet normal 0.889976 0.438889 0.123773
    outer loop
      vertex 8.47965 2.875 18.6
      vertex 7.83013 2.5 24.6
      vertex 8.1194 1.91342 24.6
    endloop
  endfacet
  facet normal -0.0648971 -0.990186 0.123773
    outer loop
      vertex 3.5 -5 24.6
      vertex 2.74947 -5.70081 18.6
      vertex 3.5 -5.75 18.6
    endloop
  endfacet
  facet normal -0.318961 -0.939651 0.123773
    outer loop
      vertex 1.58658 -4.6194 24.6
      vertex 1.29957 -5.31231 18.6
      vertex 2.01179 -5.55407 18.6
    endloop
  endfacet
  facet normal 0.438889 -0.889976 0.123773
    outer loop
      vertex 6 -4.33013 24.6
      vertex 5.41342 -4.6194 24.6
      vertex 6.375 -4.97965 18.6
    endloop
  endfacet
  facet normal 0.654281 -0.746054 0.123772
    outer loop
      vertex 7.56586 -4.06586 18.6
      vertex 6.54381 -3.96677 24.6
      vertex 7.00038 -4.56178 18.6
    endloop
  endfacet
  facet normal 0.825078 -0.551296 0.123773
    outer loop
      vertex 7.83013 -2.5 24.6
      vertex 7.46677 -3.04381 24.6
      vertex 8.47965 -2.875 18.6
    endloop
  endfacet
  facet normal 0.825073 -0.551302 0.123773
    outer loop
      vertex 8.47965 -2.875 18.6
      vertex 7.46677 -3.04381 24.6
      vertex 8.06178 -3.50038 18.6
    endloop
  endfacet
  facet normal 0.939651 -0.318961 0.123773
    outer loop
      vertex 9.05407 -1.48821 18.6
      vertex 8.1194 -1.91342 24.6
      vertex 8.81231 -2.20043 18.6
    endloop
  endfacet
  facet normal 0.551302 0.825073 0.123773
    outer loop
      vertex 7.00038 4.56178 18.6
      vertex 6.375 4.97965 18.6
      vertex 6.54381 3.96677 24.6
    endloop
  endfacet
  facet normal 0.654281 0.746054 0.123772
    outer loop
      vertex 7.00038 4.56178 18.6
      vertex 6.54381 3.96677 24.6
      vertex 7.56586 4.06586 18.6
    endloop
  endfacet
  facet normal 0.551296 0.825078 0.123773
    outer loop
      vertex 6.375 4.97965 18.6
      vertex 6 4.33013 24.6
      vertex 6.54381 3.96677 24.6
    endloop
  endfacet
  facet normal 0.438889 0.889976 0.123773
    outer loop
      vertex 6.375 4.97965 18.6
      vertex 5.41342 4.6194 24.6
      vertex 6 4.33013 24.6
    endloop
  endfacet
  facet normal 0.746049 0.654287 0.123773
    outer loop
      vertex 7.56586 4.06586 18.6
      vertex 7.03553 3.53553 24.6
      vertex 7.46677 3.04381 24.6
    endloop
  endfacet
  facet normal -0.318961 0.939651 0.123773
    outer loop
      vertex 2.01179 5.55407 18.6
      vertex 1.29957 5.31231 18.6
      vertex 1.58658 4.6194 24.6
    endloop
  endfacet
  facet normal -0.551297 0.825077 0.123773
    outer loop
      vertex 0.625 4.97965 18.6
      vertex 0.456192 3.96677 24.6
      vertex 1 4.33013 24.6
    endloop
  endfacet
  facet normal -0.551304 0.825072 0.123772
    outer loop
      vertex 0.625 4.97965 18.6
      vertex -0.000377655 4.56178 18.6
      vertex 0.456192 3.96677 24.6
    endloop
  endfacet
  facet normal -0.0649068 0.990185 0.123774
    outer loop
      vertex 3.5 5 24.6
      vertex 2.74947 5.70081 18.6
      vertex 2.84737 4.95722 24.6
    endloop
  endfacet
  facet normal -0.0648971 0.990186 0.123773
    outer loop
      vertex 3.5 5.75 18.6
      vertex 2.74947 5.70081 18.6
      vertex 3.5 5 24.6
    endloop
  endfacet
  facet normal 0.193598 0.973242 0.123772
    outer loop
      vertex 4.98821 5.55407 18.6
      vertex 4.25053 5.70081 18.6
      vertex 4.7941 4.82963 24.6
    endloop
  endfacet
  facet normal -0.939649 -0.318967 0.123772
    outer loop
      vertex -1.32963 -1.2941 24.6
      vertex -2.05407 -1.48821 18.6
      vertex -1.1194 -1.91342 24.6
    endloop
  endfacet
  facet normal -0.973242 -0.193597 0.123772
    outer loop
      vertex -1.32963 -1.2941 24.6
      vertex -2.20081 -0.750525 18.6
      vertex -2.05407 -1.48821 18.6
    endloop
  endfacet
  facet normal -0.973245 -0.193581 0.123774
    outer loop
      vertex -1.45722 -0.652631 24.6
      vertex -2.20081 -0.750525 18.6
      vertex -1.32963 -1.2941 24.6
    endloop
  endfacet
  facet normal -0.825077 0.551297 0.123774
    outer loop
      vertex -0.466766 3.04381 24.6
      vertex -1.47965 2.875 18.6
      vertex -0.830127 2.5 24.6
    endloop
  endfacet
  facet normal -0.654277 -0.746057 0.123772
    outer loop
      vertex 0.456192 -3.96677 24.6
      vertex -0.565864 -4.06586 18.6
      vertex -0.000377655 -4.56178 18.6
    endloop
  endfacet
  facet normal -0.318967 -0.939649 0.123772
    outer loop
      vertex 2.2059 -4.82963 24.6
      vertex 1.58658 -4.6194 24.6
      vertex 2.01179 -5.55407 18.6
    endloop
  endfacet
  facet normal 0.990185 0.0649067 0.123774
    outer loop
      vertex 9.20081 0.750525 18.6
      vertex 8.45722 0.652631 24.6
      vertex 8.5 0 24.6
    endloop
  endfacet
  facet normal 0.0648971 -0.990186 0.123773
    outer loop
      vertex 3.5 -5 24.6
      vertex 3.5 -5.75 18.6
      vertex 4.25053 -5.70081 18.6
    endloop
  endfacet
  facet normal -0.193581 -0.973245 0.123775
    outer loop
      vertex 2.84737 -4.95722 24.6
      vertex 2.2059 -4.82963 24.6
      vertex 2.74947 -5.70081 18.6
    endloop
  endfacet
  facet normal -0.0649068 -0.990185 0.123774
    outer loop
      vertex 2.84737 -4.95722 24.6
      vertex 2.74947 -5.70081 18.6
      vertex 3.5 -5 24.6
    endloop
  endfacet
  facet normal 0.654287 -0.746049 0.123773
    outer loop
      vertex 7.03553 -3.53553 24.6
      vertex 6.54381 -3.96677 24.6
      vertex 7.56586 -4.06586 18.6
    endloop
  endfacet
  facet normal 0.551296 -0.825078 0.123773
    outer loop
      vertex 6.54381 -3.96677 24.6
      vertex 6 -4.33013 24.6
      vertex 6.375 -4.97965 18.6
    endloop
  endfacet
  facet normal 0.551302 -0.825073 0.123773
    outer loop
      vertex 6.54381 -3.96677 24.6
      vertex 6.375 -4.97965 18.6
      vertex 7.00038 -4.56178 18.6
    endloop
  endfacet
  facet normal 0.973242 -0.193597 0.123772
    outer loop
      vertex 9.20081 -0.750525 18.6
      vertex 8.32963 -1.2941 24.6
      vertex 9.05407 -1.48821 18.6
    endloop
  endfacet
  facet normal -0.438889 0.889976 0.123773
    outer loop
      vertex 1.58658 4.6194 24.6
      vertex 0.625 4.97965 18.6
      vertex 1 4.33013 24.6
    endloop
  endfacet
  facet normal -0.654277 0.746057 0.123772
    outer loop
      vertex -0.000377655 4.56178 18.6
      vertex -0.565864 4.06586 18.6
      vertex 0.456192 3.96677 24.6
    endloop
  endfacet
  facet normal -0.654283 0.746053 0.123773
    outer loop
      vertex 0.456192 3.96677 24.6
      vertex -0.565864 4.06586 18.6
      vertex -0.0355339 3.53553 24.6
    endloop
  endfacet
  facet normal 0.193581 0.973245 0.123775
    outer loop
      vertex 4.25053 5.70081 18.6
      vertex 4.15263 4.95722 24.6
      vertex 4.7941 4.82963 24.6
    endloop
  endfacet
  facet normal 0.0649068 0.990185 0.123774
    outer loop
      vertex 4.25053 5.70081 18.6
      vertex 3.5 5 24.6
      vertex 4.15263 4.95722 24.6
    endloop
  endfacet
  facet normal -0.889974 -0.438892 0.123774
    outer loop
      vertex -1.1194 -1.91342 24.6
      vertex -1.47965 -2.875 18.6
      vertex -0.830127 -2.5 24.6
    endloop
  endfacet
  facet normal -0.825077 -0.551297 0.123774
    outer loop
      vertex -0.830127 -2.5 24.6
      vertex -1.47965 -2.875 18.6
      vertex -0.466766 -3.04381 24.6
    endloop
  endfacet
  facet normal -0.825073 -0.551302 0.123773
    outer loop
      vertex -0.466766 -3.04381 24.6
      vertex -1.47965 -2.875 18.6
      vertex -1.06178 -3.50038 18.6
    endloop
  endfacet
  facet normal -0.990185 -0.0649067 0.123774
    outer loop
      vertex -1.5 0 24.6
      vertex -2.20081 -0.750525 18.6
      vertex -1.45722 -0.652631 24.6
    endloop
  endfacet
  facet normal -0.990186 -0.0648976 0.123773
    outer loop
      vertex -1.5 0 24.6
      vertex -2.25 0 18.6
      vertex -2.20081 -0.750525 18.6
    endloop
  endfacet
  facet normal -0.973242 0.193597 0.123772
    outer loop
      vertex -2.05407 1.48821 18.6
      vertex -2.20081 0.750525 18.6
      vertex -1.32963 1.2941 24.6
    endloop
  endfacet
  facet normal 0 0 1
    outer loop
      vertex 8.45722 0.652631 24.6
      vertex 8.48929 0 24.6
      vertex 8.5 0 24.6
    endloop
  endfacet
  facet normal 0 0 1
    outer loop
      vertex 8.45722 0.652631 24.6
      vertex 8.44661 0.651233 24.6
      vertex 8.48929 0 24.6
    endloop
  endfacet
  facet normal 0 0 1
    outer loop
      vertex 8.32963 1.2941 24.6
      vertex 8.44661 0.651233 24.6
      vertex 8.45722 0.652631 24.6
    endloop
  endfacet
  facet normal 0 0 1
    outer loop
      vertex 8.32963 1.2941 24.6
      vertex 8.31929 1.29132 24.6
      vertex 8.44661 0.651233 24.6
    endloop
  endfacet
  facet normal 0 0 1
    outer loop
      vertex 8.1194 1.91342 24.6
      vertex 8.31929 1.29132 24.6
      vertex 8.32963 1.2941 24.6
    endloop
  endfacet
  facet normal 0 0 1
    outer loop
      vertex 8.1194 1.91342 24.6
      vertex 8.10951 1.90932 24.6
      vertex 8.31929 1.29132 24.6
    endloop
  endfacet
  facet normal 0 0 1
    outer loop
      vertex 7.83013 2.5 24.6
      vertex 8.10951 1.90932 24.6
      vertex 8.1194 1.91342 24.6
    endloop
  endfacet
  facet normal 0 0 1
    outer loop
      vertex 7.83013 2.5 24.6
      vertex 7.82086 2.49465 24.6
      vertex 8.10951 1.90932 24.6
    endloop
  endfacet
  facet normal 0 0 1
    outer loop
      vertex 7.46677 3.04381 24.6
      vertex 7.82086 2.49465 24.6
      vertex 7.83013 2.5 24.6
    endloop
  endfacet
  facet normal 0 0 1
    outer loop
      vertex 7.46677 3.04381 24.6
      vertex 7.45827 3.03729 24.6
      vertex 7.82086 2.49465 24.6
    endloop
  endfacet
  facet normal 0 0 1
    outer loop
      vertex 7.03553 3.53553 24.6
      vertex 7.45827 3.03729 24.6
      vertex 7.46677 3.04381 24.6
    endloop
  endfacet
  facet normal 0 0 1
    outer loop
      vertex 7.03553 3.53553 24.6
      vertex 7.02796 3.52796 24.6
      vertex 7.45827 3.03729 24.6
    endloop
  endfacet
  facet normal 0 0 1
    outer loop
      vertex 6.54381 3.96677 24.6
      vertex 7.02796 3.52796 24.6
      vertex 7.03553 3.53553 24.6
    endloop
  endfacet
  facet normal 0 0 1
    outer loop
      vertex 6.54381 3.96677 24.6
      vertex 6.53729 3.95827 24.6
      vertex 7.02796 3.52796 24.6
    endloop
  endfacet
  facet normal 0 0 1
    outer loop
      vertex 6 4.33013 24.6
      vertex 6.53729 3.95827 24.6
      vertex 6.54381 3.96677 24.6
    endloop
  endfacet
  facet normal 0 0 1
    outer loop
      vertex 6 4.33013 24.6
      vertex 5.99465 4.32086 24.6
      vertex 6.53729 3.95827 24.6
    endloop
  endfacet
  facet normal 0 0 1
    outer loop
      vertex 5.41342 4.6194 24.6
      vertex 5.99465 4.32086 24.6
      vertex 6 4.33013 24.6
    endloop
  endfacet
  facet normal 0 0 1
    outer loop
      vertex 5.41342 4.6194 24.6
      vertex 5.40932 4.60951 24.6
      vertex 5.99465 4.32086 24.6
    endloop
  endfacet
  facet normal 0 0 1
    outer loop
      vertex 4.7941 4.82963 24.6
      vertex 5.40932 4.60951 24.6
      vertex 5.41342 4.6194 24.6
    endloop
  endfacet
  facet normal 0 0 1
    outer loop
      vertex 4.7941 4.82963 24.6
      vertex 4.79132 4.81929 24.6
      vertex 5.40932 4.60951 24.6
    endloop
  endfacet
  facet normal 0 0 1
    outer loop
      vertex 4.15263 4.95722 24.6
      vertex 4.79132 4.81929 24.6
      vertex 4.7941 4.82963 24.6
    endloop
  endfacet
  facet normal 0 0 1
    outer loop
      vertex 4.15263 4.95722 24.6
      vertex 4.15123 4.94661 24.6
      vertex 4.79132 4.81929 24.6
    endloop
  endfacet
  facet normal 0 0 1
    outer loop
      vertex 3.5 5 24.6
      vertex 4.15123 4.94661 24.6
      vertex 4.15263 4.95722 24.6
    endloop
  endfacet
  facet normal 0 0 1
    outer loop
      vertex 3.5 5 24.6
      vertex 3.5 4.98929 24.6
      vertex 4.15123 4.94661 24.6
    endloop
  endfacet
  facet normal 0 0 1
    outer loop
      vertex 3.5 5 24.6
      vertex 2.84877 4.94661 24.6
      vertex 3.5 4.98929 24.6
    endloop
  endfacet
  facet normal -0 0 1
    outer loop
      vertex 2.84737 4.95722 24.6
      vertex 2.84877 4.94661 24.6
      vertex 3.5 5 24.6
    endloop
  endfacet
  facet normal 0 0 1
    outer loop
      vertex 2.84737 4.95722 24.6
      vertex 2.20868 4.81929 24.6
      vertex 2.84877 4.94661 24.6
    endloop
  endfacet
  facet normal -0 0 1
    outer loop
      vertex 2.2059 4.82963 24.6
      vertex 2.20868 4.81929 24.6
      vertex 2.84737 4.95722 24.6
    endloop
  endfacet
  facet normal 0 0 1
    outer loop
      vertex 2.2059 4.82963 24.6
      vertex 1.59068 4.60951 24.6
      vertex 2.20868 4.81929 24.6
    endloop
  endfacet
  facet normal -0 0 1
    outer loop
      vertex 1.58658 4.6194 24.6
      vertex 1.59068 4.60951 24.6
      vertex 2.2059 4.82963 24.6
    endloop
  endfacet
  facet normal 0 0 1
    outer loop
      vertex 1.58658 4.6194 24.6
      vertex 1.00535 4.32086 24.6
      vertex 1.59068 4.60951 24.6
    endloop
  endfacet
  facet normal -0 0 1
    outer loop
      vertex 1 4.33013 24.6
      vertex 1.00535 4.32086 24.6
      vertex 1.58658 4.6194 24.6
    endloop
  endfacet
  facet normal 0 0 1
    outer loop
      vertex 1 4.33013 24.6
      vertex 0.462709 3.95827 24.6
      vertex 1.00535 4.32086 24.6
    endloop
  endfacet
  facet normal -0 0 1
    outer loop
      vertex 0.456192 3.96677 24.6
      vertex 0.462709 3.95827 24.6
      vertex 1 4.33013 24.6
    endloop
  endfacet
  facet normal 0 0 1
    outer loop
      vertex 0.456192 3.96677 24.6
      vertex -0.0279636 3.52796 24.6
      vertex 0.462709 3.95827 24.6
    endloop
  endfacet
  facet normal -0 0 1
    outer loop
      vertex -0.0355339 3.53553 24.6
      vertex -0.0279636 3.52796 24.6
      vertex 0.456192 3.96677 24.6
    endloop
  endfacet
  facet normal 0 0 1
    outer loop
      vertex -0.0355339 3.53553 24.6
      vertex -0.458273 3.03729 24.6
      vertex -0.0279636 3.52796 24.6
    endloop
  endfacet
  facet normal -0 0 1
    outer loop
      vertex -0.466766 3.04381 24.6
      vertex -0.458273 3.03729 24.6
      vertex -0.0355339 3.53553 24.6
    endloop
  endfacet
  facet normal 0 0 1
    outer loop
      vertex -0.466766 3.04381 24.6
      vertex -0.820855 2.49465 24.6
      vertex -0.458273 3.03729 24.6
    endloop
  endfacet
  facet normal -0 0 1
    outer loop
      vertex -0.830127 2.5 24.6
      vertex -0.820855 2.49465 24.6
      vertex -0.466766 3.04381 24.6
    endloop
  endfacet
  facet normal 0 0 1
    outer loop
      vertex -0.830127 2.5 24.6
      vertex -1.10951 1.90932 24.6
      vertex -0.820855 2.49465 24.6
    endloop
  endfacet
  facet normal -0 0 1
    outer loop
      vertex -1.1194 1.91342 24.6
      vertex -1.10951 1.90932 24.6
      vertex -0.830127 2.5 24.6
    endloop
  endfacet
  facet normal 0 0 1
    outer loop
      vertex -1.1194 1.91342 24.6
      vertex -1.31929 1.29132 24.6
      vertex -1.10951 1.90932 24.6
    endloop
  endfacet
  facet normal -0 0 1
    outer loop
      vertex -1.32963 1.2941 24.6
      vertex -1.31929 1.29132 24.6
      vertex -1.1194 1.91342 24.6
    endloop
  endfacet
  facet normal 0 0 1
    outer loop
      vertex -1.32963 1.2941 24.6
      vertex -1.44661 0.651233 24.6
      vertex -1.31929 1.29132 24.6
    endloop
  endfacet
  facet normal -0 0 1
    outer loop
      vertex -1.45722 0.652631 24.6
      vertex -1.44661 0.651233 24.6
      vertex -1.32963 1.2941 24.6
    endloop
  endfacet
  facet normal 0 0 1
    outer loop
      vertex -1.45722 0.652631 24.6
      vertex -1.48929 0 24.6
      vertex -1.44661 0.651233 24.6
    endloop
  endfacet
  facet normal 0 -0 1
    outer loop
      vertex -1.48929 0 24.6
      vertex -1.45722 0.652631 24.6
      vertex -1.5 0 24.6
    endloop
  endfacet
  facet normal -0 0 1
    outer loop
      vertex 8.48929 0 24.6
      vertex 8.45722 -0.652631 24.6
      vertex 8.5 0 24.6
    endloop
  endfacet
  facet normal -0 0 1
    outer loop
      vertex 8.44661 -0.651233 24.6
      vertex 8.45722 -0.652631 24.6
      vertex 8.48929 0 24.6
    endloop
  endfacet
  facet normal 0 0 1
    outer loop
      vertex 8.44661 -0.651233 24.6
      vertex 8.32963 -1.2941 24.6
      vertex 8.45722 -0.652631 24.6
    endloop
  endfacet
  facet normal -0 0 1
    outer loop
      vertex 8.31929 -1.29132 24.6
      vertex 8.32963 -1.2941 24.6
      vertex 8.44661 -0.651233 24.6
    endloop
  endfacet
  facet normal 0 0 1
    outer loop
      vertex 8.31929 -1.29132 24.6
      vertex 8.1194 -1.91342 24.6
      vertex 8.32963 -1.2941 24.6
    endloop
  endfacet
  facet normal -0 0 1
    outer loop
      vertex 8.10951 -1.90932 24.6
      vertex 8.1194 -1.91342 24.6
      vertex 8.31929 -1.29132 24.6
    endloop
  endfacet
  facet normal 0 0 1
    outer loop
      vertex 8.10951 -1.90932 24.6
      vertex 7.83013 -2.5 24.6
      vertex 8.1194 -1.91342 24.6
    endloop
  endfacet
  facet normal -0 0 1
    outer loop
      vertex 7.82086 -2.49465 24.6
      vertex 7.83013 -2.5 24.6
      vertex 8.10951 -1.90932 24.6
    endloop
  endfacet
  facet normal 0 0 1
    outer loop
      vertex 7.82086 -2.49465 24.6
      vertex 7.46677 -3.04381 24.6
      vertex 7.83013 -2.5 24.6
    endloop
  endfacet
  facet normal -0 0 1
    outer loop
      vertex 7.45827 -3.03729 24.6
      vertex 7.46677 -3.04381 24.6
      vertex 7.82086 -2.49465 24.6
    endloop
  endfacet
  facet normal 0 0 1
    outer loop
      vertex 7.45827 -3.03729 24.6
      vertex 7.03553 -3.53553 24.6
      vertex 7.46677 -3.04381 24.6
    endloop
  endfacet
  facet normal -0 0 1
    outer loop
      vertex 7.02796 -3.52796 24.6
      vertex 7.03553 -3.53553 24.6
      vertex 7.45827 -3.03729 24.6
    endloop
  endfacet
  facet normal 0 0 1
    outer loop
      vertex 7.02796 -3.52796 24.6
      vertex 6.54381 -3.96677 24.6
      vertex 7.03553 -3.53553 24.6
    endloop
  endfacet
  facet normal -0 0 1
    outer loop
      vertex 6.53729 -3.95827 24.6
      vertex 6.54381 -3.96677 24.6
      vertex 7.02796 -3.52796 24.6
    endloop
  endfacet
  facet normal 0 0 1
    outer loop
      vertex 6.53729 -3.95827 24.6
      vertex 6 -4.33013 24.6
      vertex 6.54381 -3.96677 24.6
    endloop
  endfacet
  facet normal -0 0 1
    outer loop
      vertex 5.99465 -4.32086 24.6
      vertex 6 -4.33013 24.6
      vertex 6.53729 -3.95827 24.6
    endloop
  endfacet
  facet normal 0 0 1
    outer loop
      vertex 5.99465 -4.32086 24.6
      vertex 5.41342 -4.6194 24.6
      vertex 6 -4.33013 24.6
    endloop
  endfacet
  facet normal -0 0 1
    outer loop
      vertex 5.40932 -4.60951 24.6
      vertex 5.41342 -4.6194 24.6
      vertex 5.99465 -4.32086 24.6
    endloop
  endfacet
  facet normal 0 0 1
    outer loop
      vertex 5.40932 -4.60951 24.6
      vertex 4.7941 -4.82963 24.6
      vertex 5.41342 -4.6194 24.6
    endloop
  endfacet
  facet normal -0 0 1
    outer loop
      vertex 4.79132 -4.81929 24.6
      vertex 4.7941 -4.82963 24.6
      vertex 5.40932 -4.60951 24.6
    endloop
  endfacet
  facet normal 0 0 1
    outer loop
      vertex 4.79132 -4.81929 24.6
      vertex 4.15263 -4.95722 24.6
      vertex 4.7941 -4.82963 24.6
    endloop
  endfacet
  facet normal -0 0 1
    outer loop
      vertex 4.15123 -4.94661 24.6
      vertex 4.15263 -4.95722 24.6
      vertex 4.79132 -4.81929 24.6
    endloop
  endfacet
  facet normal 0 0 1
    outer loop
      vertex 3.5 -4.98929 24.6
      vertex 4.15263 -4.95722 24.6
      vertex 4.15123 -4.94661 24.6
    endloop
  endfacet
  facet normal -0 0 1
    outer loop
      vertex 3.5 -4.98929 24.6
      vertex 3.5 -5 24.6
      vertex 4.15263 -4.95722 24.6
    endloop
  endfacet
  facet normal 0 0 1
    outer loop
      vertex 2.84877 -4.94661 24.6
      vertex 3.5 -5 24.6
      vertex 3.5 -4.98929 24.6
    endloop
  endfacet
  facet normal 0 0 1
    outer loop
      vertex 2.84877 -4.94661 24.6
      vertex 2.84737 -4.95722 24.6
      vertex 3.5 -5 24.6
    endloop
  endfacet
  facet normal 0 0 1
    outer loop
      vertex 2.20868 -4.81929 24.6
      vertex 2.84737 -4.95722 24.6
      vertex 2.84877 -4.94661 24.6
    endloop
  endfacet
  facet normal 0 0 1
    outer loop
      vertex 2.20868 -4.81929 24.6
      vertex 2.2059 -4.82963 24.6
      vertex 2.84737 -4.95722 24.6
    endloop
  endfacet
  facet normal 0 0 1
    outer loop
      vertex 1.59068 -4.60951 24.6
      vertex 2.2059 -4.82963 24.6
      vertex 2.20868 -4.81929 24.6
    endloop
  endfacet
  facet normal 0 0 1
    outer loop
      vertex 1.59068 -4.60951 24.6
      vertex 1.58658 -4.6194 24.6
      vertex 2.2059 -4.82963 24.6
    endloop
  endfacet
  facet normal 0 0 1
    outer loop
      vertex 1.00535 -4.32086 24.6
      vertex 1.58658 -4.6194 24.6
      vertex 1.59068 -4.60951 24.6
    endloop
  endfacet
  facet normal 0 0 1
    outer loop
      vertex 1.00535 -4.32086 24.6
      vertex 1 -4.33013 24.6
      vertex 1.58658 -4.6194 24.6
    endloop
  endfacet
  facet normal 0 0 1
    outer loop
      vertex 0.462709 -3.95827 24.6
      vertex 1 -4.33013 24.6
      vertex 1.00535 -4.32086 24.6
    endloop
  endfacet
  facet normal 0 0 1
    outer loop
      vertex 0.462709 -3.95827 24.6
      vertex 0.456192 -3.96677 24.6
      vertex 1 -4.33013 24.6
    endloop
  endfacet
  facet normal 0 0 1
    outer loop
      vertex -0.0279636 -3.52796 24.6
      vertex 0.456192 -3.96677 24.6
      vertex 0.462709 -3.95827 24.6
    endloop
  endfacet
  facet normal 0 0 1
    outer loop
      vertex -0.0279636 -3.52796 24.6
      vertex -0.0355339 -3.53553 24.6
      vertex 0.456192 -3.96677 24.6
    endloop
  endfacet
  facet normal 0 0 1
    outer loop
      vertex -0.458273 -3.03729 24.6
      vertex -0.0355339 -3.53553 24.6
      vertex -0.0279636 -3.52796 24.6
    endloop
  endfacet
  facet normal 0 0 1
    outer loop
      vertex -0.458273 -3.03729 24.6
      vertex -0.466766 -3.04381 24.6
      vertex -0.0355339 -3.53553 24.6
    endloop
  endfacet
  facet normal 0 0 1
    outer loop
      vertex -0.820855 -2.49465 24.6
      vertex -0.466766 -3.04381 24.6
      vertex -0.458273 -3.03729 24.6
    endloop
  endfacet
  facet normal 0 0 1
    outer loop
      vertex -0.820855 -2.49465 24.6
      vertex -0.830127 -2.5 24.6
      vertex -0.466766 -3.04381 24.6
    endloop
  endfacet
  facet normal 0 0 1
    outer loop
      vertex -1.10951 -1.90932 24.6
      vertex -0.830127 -2.5 24.6
      vertex -0.820855 -2.49465 24.6
    endloop
  endfacet
  facet normal 0 0 1
    outer loop
      vertex -1.10951 -1.90932 24.6
      vertex -1.1194 -1.91342 24.6
      vertex -0.830127 -2.5 24.6
    endloop
  endfacet
  facet normal 0 0 1
    outer loop
      vertex -1.31929 -1.29132 24.6
      vertex -1.1194 -1.91342 24.6
      vertex -1.10951 -1.90932 24.6
    endloop
  endfacet
  facet normal 0 0 1
    outer loop
      vertex -1.31929 -1.29132 24.6
      vertex -1.32963 -1.2941 24.6
      vertex -1.1194 -1.91342 24.6
    endloop
  endfacet
  facet normal 0 0 1
    outer loop
      vertex -1.44661 -0.651233 24.6
      vertex -1.32963 -1.2941 24.6
      vertex -1.31929 -1.29132 24.6
    endloop
  endfacet
  facet normal 0 0 1
    outer loop
      vertex -1.44661 -0.651233 24.6
      vertex -1.45722 -0.652631 24.6
      vertex -1.32963 -1.2941 24.6
    endloop
  endfacet
  facet normal 0 0 1
    outer loop
      vertex -1.48929 0 24.6
      vertex -1.45722 -0.652631 24.6
      vertex -1.44661 -0.651233 24.6
    endloop
  endfacet
  facet normal 0 0 1
    outer loop
      vertex -1.45722 -0.652631 24.6
      vertex -1.48929 0 24.6
      vertex -1.5 0 24.6
    endloop
  endfacet
  facet normal -0.438889 -0.889976 0.123773
    outer loop
      vertex 1 -4.33013 24.6
      vertex 0.625 -4.97965 18.6
      vertex 1.58658 -4.6194 24.6
    endloop
  endfacet
  facet normal 0.193598 -0.973242 0.123772
    outer loop
      vertex 4.7941 -4.82963 24.6
      vertex 4.25053 -5.70081 18.6
      vertex 4.98821 -5.55407 18.6
    endloop
  endfacet
  facet normal 0.318967 -0.939649 0.123772
    outer loop
      vertex 5.41342 -4.6194 24.6
      vertex 4.7941 -4.82963 24.6
      vertex 4.98821 -5.55407 18.6
    endloop
  endfacet
  facet normal -0.193598 -0.973242 0.123772
    outer loop
      vertex 2.2059 -4.82963 24.6
      vertex 2.01179 -5.55407 18.6
      vertex 2.74947 -5.70081 18.6
    endloop
  endfacet
  facet normal 0.746049 -0.654287 0.123773
    outer loop
      vertex 7.46677 -3.04381 24.6
      vertex 7.03553 -3.53553 24.6
      vertex 7.56586 -4.06586 18.6
    endloop
  endfacet
  facet normal 0.973245 -0.193581 0.123774
    outer loop
      vertex 8.45722 -0.652631 24.6
      vertex 8.32963 -1.2941 24.6
      vertex 9.20081 -0.750525 18.6
    endloop
  endfacet
  facet normal 0.990185 -0.0649067 0.123774
    outer loop
      vertex 8.5 0 24.6
      vertex 8.45722 -0.652631 24.6
      vertex 9.20081 -0.750525 18.6
    endloop
  endfacet
  facet normal -0.746056 -0.654278 0.123773
    outer loop
      vertex -0.466766 -3.04381 24.6
      vertex -1.06178 -3.50038 18.6
      vertex -0.565864 -4.06586 18.6
    endloop
  endfacet
  facet normal -0.746055 -0.65428 0.123773
    outer loop
      vertex -0.466766 -3.04381 24.6
      vertex -0.565864 -4.06586 18.6
      vertex -0.0355339 -3.53553 24.6
    endloop
  endfacet
  facet normal -0.973245 0.193581 0.123774
    outer loop
      vertex -1.32963 1.2941 24.6
      vertex -2.20081 0.750525 18.6
      vertex -1.45722 0.652631 24.6
    endloop
  endfacet
  facet normal -0.990185 0.0649067 0.123774
    outer loop
      vertex -1.45722 0.652631 24.6
      vertex -2.20081 0.750525 18.6
      vertex -1.5 0 24.6
    endloop
  endfacet
  facet normal -0.551297 -0.825077 0.123773
    outer loop
      vertex 1 -4.33013 24.6
      vertex 0.456192 -3.96677 24.6
      vertex 0.625 -4.97965 18.6
    endloop
  endfacet
  facet normal 0.193581 -0.973245 0.123775
    outer loop
      vertex 4.7941 -4.82963 24.6
      vertex 4.15263 -4.95722 24.6
      vertex 4.25053 -5.70081 18.6
    endloop
  endfacet
  facet normal -0.934203 0.0612251 0.351448
    outer loop
      vertex -1.44661 0.651233 24.7145
      vertex -1.48929 0 24.7145
      vertex -1.40393 0 24.9414
    endloop
  endfacet
  facet normal 0.509158 0.10128 0.854693
    outer loop
      vertex 7.83156 1.16064 25.374
      vertex 7.51569 1.076 25.5722
      vertex 7.946 0.585326 25.374
    endloop
  endfacet
  facet normal 0.934203 -0.0612251 0.351448
    outer loop
      vertex 8.48929 0 24.7145
      vertex 8.40393 0 24.9414
      vertex 8.44661 -0.651233 24.7145
    endloop
  endfacet
  facet normal -0.70387 0.617275 0.35148
    outer loop
      vertex 0.0324001 3.4676 24.9414
      vertex -0.458273 3.03729 24.7145
      vertex -0.390546 2.98532 24.9414
    endloop
  endfacet
  facet normal -0.229609 0.465596 0.854693
    outer loop
      vertex 1.90905 3.84089 25.5722
      vertex 1.25782 3.88357 25.374
      vertex 1.42133 3.60037 25.5722
    endloop
  endfacet
  facet normal -0.896871 0.442291 0
    outer loop
      vertex -1.10951 1.90932 24.6
      vertex -0.820855 2.49465 24.7145
      vertex -0.820855 2.49465 24.6
    endloop
  endfacet
  facet normal -0.896871 0.442291 0
    outer loop
      vertex -0.820855 2.49465 24.7145
      vertex -1.10951 1.90932 24.6
      vertex -1.10951 1.90932 24.7145
    endloop
  endfacet
  facet normal -0.171414 0.195462 0.965615
    outer loop
      vertex 1.49308 2.61547 25.9157
      vertex 1.16886 2.33114 25.9157
      vertex 1.53576 1.96424 26.0551
    endloop
  endfacet
  facet normal -0.0612391 0.934188 0.351485
    outer loop
      vertex 3.5 4.90393 24.9414
      vertex 2.84877 4.94661 24.7145
      vertex 2.85991 4.86197 24.9414
    endloop
  endfacet
  facet normal -0.4261 -0.485871 0.763131
    outer loop
      vertex 0.770092 -3.55768 25.374
      vertex 0.152096 -3.3479 25.1625
      vertex 0.617727 -3.75625 25.1625
    endloop
  endfacet
  facet normal -0.35903 0.537326 0.763137
    outer loop
      vertex 1.13267 4.10033 25.1625
      vertex 0.770092 3.55768 25.374
      vertex 1.25782 3.88357 25.374
    endloop
  endfacet
  facet normal 0.40792 -0.0811393 0.909405
    outer loop
      vertex 7.62178 -0.542643 25.5722
      vertex 7.13111 -0.972952 25.7539
      vertex 7.51569 -1.076 25.5722
    endloop
  endfacet
  facet normal 0.0301008 -0.0886854 0.995605
    outer loop
      vertex 4.11505 -1.48486 26.2571
      vertex 3.87329 -0.901199 26.3164
      vertex 3.91597 -1.55243 26.2571
    endloop
  endfacet
  facet normal 0.0947959 0.108096 0.989611
    outer loop
      vertex 4.84624 1.75446 26.1695
      vertex 4.4784 1.27507 26.2571
      vertex 5.06373 1.56373 26.1695
    endloop
  endfacet
  facet normal 0.0645476 0.324502 0.94368
    outer loop
      vertex 4.47295 3.63111 25.7539
      vertex 3.93031 3.26852 25.9157
      vertex 4.35326 3.18439 25.9157
    endloop
  endfacet
  facet normal 0.101281 -0.509158 0.854693
    outer loop
      vertex 4.576 -4.01569 25.5722
      vertex 4.08533 -4.446 25.374
      vertex 4.66064 -4.33156 25.374
    endloop
  endfacet
  facet normal -0.597441 -0.523941 0.607083
    outer loop
      vertex -0.25625 -2.88227 25.1625
      vertex -0.390546 -2.98532 24.9414
      vertex 0.152096 -3.3479 25.1625
    endloop
  endfacet
  facet normal 0.465599 0.229609 0.854692
    outer loop
      vertex 7.38357 2.24218 25.374
      vertex 7.34089 1.59095 25.5722
      vertex 7.64301 1.71609 25.374
    endloop
  endfacet
  facet normal 0.171415 -0.195462 0.965615
    outer loop
      vertex 5.46424 -1.96424 26.0551
      vertex 5.19105 -2.20382 26.0551
      vertex 5.50692 -2.61547 25.9157
    endloop
  endfacet
  facet normal 0.324502 0.0645478 0.94368
    outer loop
      vertex 7.13111 0.972952 25.7539
      vertex 6.68439 0.853256 25.9157
      vertex 6.76852 0.430309 25.9157
    endloop
  endfacet
  facet normal 0.296741 0.146338 0.943679
    outer loop
      vertex 6.75556 1.8796 25.7539
      vertex 6.54578 1.2616 25.9157
      vertex 6.97305 1.43858 25.7539
    endloop
  endfacet
  facet normal 0.611951 0.207726 0.763129
    outer loop
      vertex 7.87425 1.81187 25.1625
      vertex 7.83156 1.16064 25.374
      vertex 8.07332 1.22542 25.1625
    endloop
  endfacet
  facet normal 0.351463 0.71269 0.60708
    outer loop
      vertex 5.37665 4.53064 24.9414
      vertex 5.31187 4.37425 25.1625
      vertex 5.86732 4.10033 25.1625
    endloop
  endfacet
  facet normal -0.141014 -0.0280534 0.98961
    outer loop
      vertex 1.90655 -0.209781 26.2571
      vertex 1.30748 -0.288651 26.1695
      vertex 1.94757 -0.415973 26.2571
    endloop
  endfacet
  facet normal -0.752465 -0.255426 0.607086
    outer loop
      vertex -0.874247 -1.81187 25.1625
      vertex -1.23683 -1.26923 24.9414
      vertex -1.03064 -1.87665 24.9414
    endloop
  endfacet
  facet normal -0.0653972 0.997859 0
    outer loop
      vertex 3.5 4.98929 24.6
      vertex 2.84877 4.94661 24.7145
      vertex 3.5 4.98929 24.7145
    endloop
  endfacet
  facet normal -0.0653972 0.997859 0
    outer loop
      vertex 2.84877 4.94661 24.7145
      vertex 3.5 4.98929 24.6
      vertex 2.84877 4.94661 24.6
    endloop
  endfacet
  facet normal 0.0637669 0.187858 0.980124
    outer loop
      vertex 4.56304 2.5664 26.0551
      vertex 4.07236 2.13609 26.1695
      vertex 4.34628 2.04311 26.1695
    endloop
  endfacet
  facet normal -0.597441 0.523941 0.607083
    outer loop
      vertex 0.152096 3.3479 25.1625
      vertex -0.390546 2.98532 24.9414
      vertex -0.25625 2.88227 25.1625
    endloop
  endfacet
  facet normal 0.523941 -0.597435 0.60709
    outer loop
      vertex 6.8479 -3.3479 25.1625
      vertex 6.38227 -3.75625 25.1625
      vertex 6.48532 -3.89055 24.9414
    endloop
  endfacet
  facet normal 0.183953 -0.373016 0.909407
    outer loop
      vertex 5.3796 -3.25556 25.7539
      vertex 5.09095 -3.84089 25.5722
      vertex 5.57867 -3.60037 25.5722
    endloop
  endfacet
  facet normal 0.792932 0.0519793 0.607089
    outer loop
      vertex 8.36197 0.64009 24.9414
      vertex 8.23465 0 25.1625
      vertex 8.40393 0 24.9414
    endloop
  endfacet
  facet normal -0.285827 -0.579597 0.763132
    outer loop
      vertex 1.78391 -4.14301 25.374
      vertex 1.25782 -3.88357 25.374
      vertex 1.68813 -4.37425 25.1625
    endloop
  endfacet
  facet normal 0.520136 -0.778418 0.351459
    outer loop
      vertex 6.48532 -3.89055 24.9414
      vertex 5.99465 -4.32086 24.7145
      vertex 6.53729 -3.95827 24.7145
    endloop
  endfacet
  facet normal 0.259418 -0.0170068 0.965615
    outer loop
      vertex 6.79673 0 25.9157
      vertex 6.27785 0 26.0551
      vertex 6.76852 -0.430309 25.9157
    endloop
  endfacet
  facet normal 0.373016 0.183954 0.909407
    outer loop
      vertex 7.34089 1.59095 25.5722
      vertex 6.75556 1.8796 25.7539
      vertex 6.97305 1.43858 25.7539
    endloop
  endfacet
  facet normal -0.25498 -0.0507179 0.965615
    outer loop
      vertex 0.745914 -0.362582 26.0551
      vertex 0.231475 -0.430309 25.9157
      vertex 0.816801 -0.718961 26.0551
    endloop
  endfacet
  facet normal -0.712688 0.351464 0.607082
    outer loop
      vertex -0.746924 2.45196 24.9414
      vertex -1.03064 1.87665 24.9414
      vertex -0.600327 2.36732 25.1625
    endloop
  endfacet
  facet normal -0.839643 0.414073 0.351487
    outer loop
      vertex -0.820855 2.49465 24.7145
      vertex -1.03064 1.87665 24.9414
      vertex -0.746924 2.45196 24.9414
    endloop
  endfacet
  facet normal -0.0934549 -0.00612165 0.995605
    outer loop
      vertex 2.52455 0 26.3164
      vertex 1.90655 -0.209781 26.2571
      vertex 2.53289 -0.127321 26.3164
    endloop
  endfacet
  facet normal 0.779369 0.155021 0.607086
    outer loop
      vertex 8.23683 1.26923 24.9414
      vertex 8.19414 0.617995 25.1625
      vertex 8.36197 0.64009 24.9414
    endloop
  endfacet
  facet normal 0.896874 0.442285 0
    outer loop
      vertex 8.10951 1.90932 24.7145
      vertex 7.82086 2.49465 24.6
      vertex 7.82086 2.49465 24.7145
    endloop
  endfacet
  facet normal 0.896874 0.442285 0
    outer loop
      vertex 7.82086 2.49465 24.6
      vertex 8.10951 1.90932 24.7145
      vertex 8.10951 1.90932 24.6
    endloop
  endfacet
  facet normal 0.171415 0.195462 0.965615
    outer loop
      vertex 5.50692 2.61547 25.9157
      vertex 5.19105 2.20382 26.0551
      vertex 5.46424 1.96424 26.0551
    endloop
  endfacet
  facet normal 0.644873 0.0422719 0.76312
    outer loop
      vertex 8.19414 0.617995 25.1625
      vertex 7.946 0.585326 25.374
      vertex 8.23465 0 25.1625
    endloop
  endfacet
  facet normal 0.485874 -0.426104 0.763126
    outer loop
      vertex 7.05768 -2.72991 25.374
      vertex 6.8479 -3.3479 25.1625
      vertex 7.25625 -2.88227 25.1625
    endloop
  endfacet
  facet normal -0.633839 -0.126074 0.763121
    outer loop
      vertex -0.945999 -0.585326 25.374
      vertex -1.19414 -0.617995 25.1625
      vertex -1.07332 -1.22542 25.1625
    endloop
  endfacet
  facet normal -0.918206 0.182637 0.351485
    outer loop
      vertex -1.23683 1.26923 24.9414
      vertex -1.44661 0.651233 24.7145
      vertex -1.36197 0.64009 24.9414
    endloop
  endfacet
  facet normal -0.324507 0.0645483 0.943678
    outer loop
      vertex -0.131107 0.972952 25.7539
      vertex -0.227038 0.490673 25.7539
      vertex 0.231475 0.430309 25.9157
    endloop
  endfacet
  facet normal -0.415018 -0.0272019 0.909406
    outer loop
      vertex -0.227038 -0.490673 25.7539
      vertex -0.657348 0 25.5722
      vertex -0.621781 -0.542643 25.5722
    endloop
  endfacet
  facet normal -0.934188 0.0612391 0.351486
    outer loop
      vertex -1.36197 0.64009 24.9414
      vertex -1.44661 0.651233 24.7145
      vertex -1.40393 0 24.9414
    endloop
  endfacet
  facet normal -0.934203 -0.0612251 0.351448
    outer loop
      vertex -1.40393 0 24.9414
      vertex -1.48929 0 24.7145
      vertex -1.44661 -0.651233 24.7145
    endloop
  endfacet
  facet normal -0.0637687 -0.187856 0.980124
    outer loop
      vertex 2.92764 -2.13609 26.1695
      vertex 2.43696 -2.5664 26.0551
      vertex 2.78104 -2.6832 26.0551
    endloop
  endfacet
  facet normal -0.579605 -0.285832 0.763124
    outer loop
      vertex -0.383573 -2.24218 25.374
      vertex -0.874247 -1.81187 25.1625
      vertex -0.600327 -2.36732 25.1625
    endloop
  endfacet
  facet normal -0.166869 -0.491586 0.854692
    outer loop
      vertex 1.90905 -3.84089 25.5722
      vertex 1.78391 -4.14301 25.374
      vertex 2.424 -4.01569 25.5722
    endloop
  endfacet
  facet normal -0.274227 -0.312691 0.909409
    outer loop
      vertex 0.841845 -2.65815 25.7539
      vertex 0.56031 -2.93969 25.5722
      vertex 1.21154 -2.98237 25.7539
    endloop
  endfacet
  facet normal 0.207728 -0.611946 0.763133
    outer loop
      vertex 5.21609 -4.14301 25.374
      vertex 4.66064 -4.33156 25.374
      vertex 5.31187 -4.37425 25.1625
    endloop
  endfacet
  facet normal 0.55558 -0.831463 0
    outer loop
      vertex 5.99465 -4.32086 24.6
      vertex 6.53729 -3.95827 24.7145
      vertex 5.99465 -4.32086 24.7145
    endloop
  endfacet
  facet normal 0.55558 -0.831463 0
    outer loop
      vertex 6.53729 -3.95827 24.7145
      vertex 5.99465 -4.32086 24.6
      vertex 6.53729 -3.95827 24.6
    endloop
  endfacet
  facet normal 0.324502 -0.0645478 0.94368
    outer loop
      vertex 6.76852 -0.430309 25.9157
      vertex 6.68439 -0.853256 25.9157
      vertex 7.13111 -0.972952 25.7539
    endloop
  endfacet
  facet normal 0.342294 -0.390307 0.85469
    outer loop
      vertex 6.43969 -2.93969 25.5722
      vertex 6.22991 -3.55768 25.374
      vertex 6.67092 -3.17092 25.374
    endloop
  endfacet
  facet normal 0.126075 -0.63384 0.76312
    outer loop
      vertex 4.72542 -4.57332 25.1625
      vertex 4.08533 -4.446 25.374
      vertex 4.118 -4.69414 25.1625
    endloop
  endfacet
  facet normal -0.114984 -0.233167 0.965615
    outer loop
      vertex 2.43696 -2.5664 26.0551
      vertex 2.11107 -2.40569 26.0551
      vertex 2.2384 -3.04578 25.9157
    endloop
  endfacet
  facet normal 0.393836 -0.13369 0.909406
    outer loop
      vertex 7.13111 -0.972952 25.7539
      vertex 6.97305 -1.43858 25.7539
      vertex 7.34089 -1.59095 25.5722
    endloop
  endfacet
  facet normal 0.491583 -0.16687 0.854693
    outer loop
      vertex 7.83156 -1.16064 25.374
      vertex 7.51569 -1.076 25.5722
      vertex 7.64301 -1.71609 25.374
    endloop
  endfacet
  facet normal 0.0383808 0.0256458 0.998934
    outer loop
      vertex 4.27388 0.593817 26.3164
      vertex 3.75944 0.199074 26.3463
      vertex 4.34477 0.487725 26.3164
    endloop
  endfacet
  facet normal 0.128945 0.0635934 0.989611
    outer loop
      vertex 5.41517 1.10572 26.1695
      vertex 4.89187 0.803598 26.2571
      vertex 4.98486 0.615047 26.2571
    endloop
  endfacet
  facet normal -0.617283 0.703874 0.351458
    outer loop
      vertex 0.462709 3.95827 24.7145
      vertex -0.0279636 3.52796 24.7145
      vertex 0.514678 3.89055 24.9414
    endloop
  endfacet
  facet normal 0.285827 0.579597 0.763132
    outer loop
      vertex 5.31187 4.37425 25.1625
      vertex 5.21609 4.14301 25.374
      vertex 5.74218 3.88357 25.374
    endloop
  endfacet
  facet normal -0.351458 0.712693 0.60708
    outer loop
      vertex 1.62335 4.53064 24.9414
      vertex 1.13267 4.10033 25.1625
      vertex 1.68813 4.37425 25.1625
    endloop
  endfacet
  facet normal 0.274228 0.312686 0.90941
    outer loop
      vertex 6.43969 2.93969 25.5722
      vertex 5.78846 2.98237 25.7539
      vertex 6.15815 2.65815 25.7539
    endloop
  endfacet
  facet normal 0.229609 0.465599 0.854692
    outer loop
      vertex 5.21609 4.14301 25.374
      vertex 5.09095 3.84089 25.5722
      vertex 5.74218 3.88357 25.374
    endloop
  endfacet
  facet normal 0.300927 0.886513 0.351479
    outer loop
      vertex 5.40932 4.60951 24.7145
      vertex 4.79132 4.81929 24.7145
      vertex 5.37665 4.53064 24.9414
    endloop
  endfacet
  facet normal 0.778418 0.520136 0.351459
    outer loop
      vertex 7.45827 3.03729 24.7145
      vertex 7.39055 2.98532 24.9414
      vertex 7.82086 2.49465 24.7145
    endloop
  endfacet
  facet normal 0.751837 0.659349 0
    outer loop
      vertex 7.45827 3.03729 24.7145
      vertex 7.02796 3.52796 24.6
      vertex 7.02796 3.52796 24.7145
    endloop
  endfacet
  facet normal 0.751837 0.659349 0
    outer loop
      vertex 7.02796 3.52796 24.6
      vertex 7.45827 3.03729 24.7145
      vertex 7.45827 3.03729 24.6
    endloop
  endfacet
  facet normal -0.285827 0.579597 0.763132
    outer loop
      vertex 1.68813 4.37425 25.1625
      vertex 1.25782 3.88357 25.374
      vertex 1.78391 4.14301 25.374
    endloop
  endfacet
  facet normal 0.415017 -0.0272013 0.909407
    outer loop
      vertex 7.2592 0 25.7539
      vertex 7.22704 -0.490673 25.7539
      vertex 7.65735 0 25.5722
    endloop
  endfacet
  facet normal 0.918206 0.182637 0.351485
    outer loop
      vertex 8.44661 0.651233 24.7145
      vertex 8.23683 1.26923 24.9414
      vertex 8.36197 0.64009 24.9414
    endloop
  endfacet
  facet normal 0.0460619 0.00301723 0.998934
    outer loop
      vertex 4.46711 0.127321 26.3164
      vertex 3.82422 0.0426836 26.3463
      vertex 4.47545 0 26.3164
    endloop
  endfacet
  facet normal 0.324503 0.0645468 0.94368
    outer loop
      vertex 7.13111 0.972952 25.7539
      vertex 6.76852 0.430309 25.9157
      vertex 7.22704 0.490673 25.7539
    endloop
  endfacet
  facet normal 0.431644 0.288415 0.854693
    outer loop
      vertex 7.38357 2.24218 25.374
      vertex 7.05768 2.72991 25.374
      vertex 7.10037 2.07867 25.5722
    endloop
  endfacet
  facet normal 0.611946 0.207728 0.763133
    outer loop
      vertex 7.87425 1.81187 25.1625
      vertex 7.64301 1.71609 25.374
      vertex 7.83156 1.16064 25.374
    endloop
  endfacet
  facet normal -0.51802 -0.0339534 0.854695
    outer loop
      vertex -0.621781 -0.542643 25.5722
      vertex -0.984364 0 25.374
      vertex -0.945999 -0.585326 25.374
    endloop
  endfacet
  facet normal -0.110217 -0.164951 0.980124
    outer loop
      vertex 2.39428 -1.91517 26.1695
      vertex 1.80895 -2.20382 26.0551
      vertex 2.11107 -2.40569 26.0551
    endloop
  endfacet
  facet normal -0.373017 -0.183949 0.909407
    outer loop
      vertex 0.0269527 -1.43858 25.7539
      vertex -0.340888 -1.59095 25.5722
      vertex 0.244437 -1.8796 25.7539
    endloop
  endfacet
  facet normal -0.312702 -0.274229 0.909404
    outer loop
      vertex 0.517627 -2.28846 25.7539
      vertex 0.201754 -2.53083 25.5722
      vertex 0.56031 -2.93969 25.5722
    endloop
  endfacet
  facet normal -0.218155 -0.248754 0.943679
    outer loop
      vertex 1.49308 -2.61547 25.9157
      vertex 0.841845 -2.65815 25.7539
      vertex 1.21154 -2.98237 25.7539
    endloop
  endfacet
  facet normal -0.997859 -0.0653969 0
    outer loop
      vertex -1.44661 -0.651233 24.6
      vertex -1.48929 0 24.7145
      vertex -1.48929 0 24.6
    endloop
  endfacet
  facet normal -0.997859 -0.0653969 0
    outer loop
      vertex -1.48929 0 24.7145
      vertex -1.44661 -0.651233 24.6
      vertex -1.44661 -0.651233 24.7145
    endloop
  endfacet
  facet normal -0.839647 0.414071 0.351479
    outer loop
      vertex -0.820855 2.49465 24.7145
      vertex -1.10951 1.90932 24.7145
      vertex -1.03064 1.87665 24.9414
    endloop
  endfacet
  facet normal -0.275103 0.183816 0.943679
    outer loop
      vertex 0.884528 2.00692 25.9157
      vertex 0.244437 1.8796 25.7539
      vertex 0.644948 1.64836 25.9157
    endloop
  endfacet
  facet normal 0.183953 0.373016 0.909407
    outer loop
      vertex 5.57867 3.60037 25.5722
      vertex 5.09095 3.84089 25.5722
      vertex 5.3796 3.25556 25.7539
    endloop
  endfacet
  facet normal -0.51802 0.0339534 0.854695
    outer loop
      vertex -0.945999 0.585326 25.374
      vertex -0.984364 0 25.374
      vertex -0.621781 0.542643 25.5722
    endloop
  endfacet
  facet normal -0.752465 0.255426 0.607086
    outer loop
      vertex -1.03064 1.87665 24.9414
      vertex -1.23683 1.26923 24.9414
      vertex -0.874247 1.81187 25.1625
    endloop
  endfacet
  facet normal -0.792932 -0.0519793 0.607089
    outer loop
      vertex -1.23465 0 25.1625
      vertex -1.40393 0 24.9414
      vertex -1.36197 -0.64009 24.9414
    endloop
  endfacet
  facet normal -0.934188 -0.0612391 0.351486
    outer loop
      vertex -1.40393 0 24.9414
      vertex -1.44661 -0.651233 24.7145
      vertex -1.36197 -0.64009 24.9414
    endloop
  endfacet
  facet normal -0.617283 -0.703874 0.351458
    outer loop
      vertex 0.514678 -3.89055 24.9414
      vertex -0.0279636 -3.52796 24.7145
      vertex 0.462709 -3.95827 24.7145
    endloop
  endfacet
  facet normal -0.133689 -0.393837 0.909406
    outer loop
      vertex 2.06142 -3.47305 25.7539
      vertex 1.90905 -3.84089 25.5722
      vertex 2.52705 -3.63111 25.7539
    endloop
  endfacet
  facet normal 0.143469 -0.00940363 0.98961
    outer loop
      vertex 5.1072 0 26.2571
      vertex 5.09345 -0.209781 26.2571
      vertex 5.69252 -0.288651 26.1695
    endloop
  endfacet
  facet normal -0.0256482 -0.0383794 0.998934
    outer loop
      vertex 3.30093 -0.259439 26.3463
      vertex 3.01227 -0.844766 26.3164
      vertex 3.33649 -0.283203 26.3463
    endloop
  endfacet
  facet normal -0.0460619 0.00301723 0.998934
    outer loop
      vertex 2.53289 0.127321 26.3164
      vertex 2.52455 0 26.3164
      vertex 3.17578 0.0426836 26.3463
    endloop
  endfacet
  facet normal -0.177926 0.0877434 0.980124
    outer loop
      vertex 1.09431 1.38893 26.0551
      vertex 0.933599 1.06304 26.0551
      vertex 1.58483 1.10572 26.1695
    endloop
  endfacet
  facet normal 0.712696 -0.351473 0.607068
    outer loop
      vertex 8.03064 -1.87665 24.9414
      vertex 7.60033 -2.36732 25.1625
      vertex 7.74692 -2.45196 24.9414
    endloop
  endfacet
  facet normal 0.18264 -0.918208 0.351476
    outer loop
      vertex 4.76923 -4.73683 24.9414
      vertex 4.15123 -4.94661 24.7145
      vertex 4.79132 -4.81929 24.7145
    endloop
  endfacet
  facet normal 0.351463 -0.71269 0.60708
    outer loop
      vertex 5.86732 -4.10033 25.1625
      vertex 5.31187 -4.37425 25.1625
      vertex 5.37665 -4.53064 24.9414
    endloop
  endfacet
  facet normal 0.644873 -0.0422719 0.76312
    outer loop
      vertex 8.23465 0 25.1625
      vertex 7.946 -0.585326 25.374
      vertex 8.19414 -0.617995 25.1625
    endloop
  endfacet
  facet normal 0.345817 0.231065 0.909406
    outer loop
      vertex 6.79825 2.53083 25.5722
      vertex 6.75556 1.8796 25.7539
      vertex 7.10037 2.07867 25.5722
    endloop
  endfacet
  facet normal -0.520136 -0.778419 0.351457
    outer loop
      vertex 0.514678 -3.89055 24.9414
      vertex 0.462709 -3.95827 24.7145
      vertex 1.00535 -4.32086 24.7145
    endloop
  endfacet
  facet normal 0.426104 -0.485874 0.763126
    outer loop
      vertex 6.8479 -3.3479 25.1625
      vertex 6.22991 -3.55768 25.374
      vertex 6.38227 -3.75625 25.1625
    endloop
  endfacet
  facet normal 0.617284 -0.703875 0.351455
    outer loop
      vertex 6.9676 -3.4676 24.9414
      vertex 6.48532 -3.89055 24.9414
      vertex 7.02796 -3.52796 24.7145
    endloop
  endfacet
  facet normal 0.313301 -0.106348 0.94368
    outer loop
      vertex 6.68439 -0.853256 25.9157
      vertex 6.54578 -1.2616 25.9157
      vertex 7.13111 -0.972952 25.7539
    endloop
  endfacet
  facet normal 0.00940391 -0.143469 0.98961
    outer loop
      vertex 3.5 -1.6072 26.2571
      vertex 3.5 -2.21144 26.1695
      vertex 3.78865 -2.19252 26.1695
    endloop
  endfacet
  facet normal 0.194573 -0.0387003 0.980124
    outer loop
      vertex 5.69252 -0.288651 26.1695
      vertex 5.63609 -0.572363 26.1695
      vertex 6.1832 -0.718961 26.0551
    endloop
  endfacet
  facet normal 0.187858 0.0637671 0.980124
    outer loop
      vertex 6.0664 1.06304 26.0551
      vertex 5.54311 0.846282 26.1695
      vertex 5.63609 0.572363 26.1695
    endloop
  endfacet
  facet normal 0.633828 0.12608 0.763129
    outer loop
      vertex 8.07332 1.22542 25.1625
      vertex 7.83156 1.16064 25.374
      vertex 7.946 0.585326 25.374
    endloop
  endfacet
  facet normal 0.55558 0.831463 -0
    outer loop
      vertex 6.53729 3.95827 24.6
      vertex 5.99465 4.32086 24.7145
      vertex 6.53729 3.95827 24.7145
    endloop
  endfacet
  facet normal 0.55558 0.831463 0
    outer loop
      vertex 5.99465 4.32086 24.7145
      vertex 6.53729 3.95827 24.6
      vertex 5.99465 4.32086 24.6
    endloop
  endfacet
  facet normal 0.229609 0.465596 0.854693
    outer loop
      vertex 5.74218 3.88357 25.374
      vertex 5.09095 3.84089 25.5722
      vertex 5.57867 3.60037 25.5722
    endloop
  endfacet
  facet normal -0.0460619 -0.00301723 0.998934
    outer loop
      vertex 3.17578 -0.0426836 26.3463
      vertex 2.52455 0 26.3164
      vertex 2.53289 -0.127321 26.3164
    endloop
  endfacet
  facet normal 0.485872 0.426104 0.763128
    outer loop
      vertex 6.8479 3.3479 25.1625
      vertex 6.67092 3.17092 25.374
      vertex 7.05768 2.72991 25.374
    endloop
  endfacet
  facet normal 0.288414 0.431648 0.854691
    outer loop
      vertex 6.22991 3.55768 25.374
      vertex 5.57867 3.60037 25.5722
      vertex 6.03083 3.29825 25.5722
    endloop
  endfacet
  facet normal 0.442285 0.896874 -0
    outer loop
      vertex 5.99465 4.32086 24.6
      vertex 5.40932 4.60951 24.7145
      vertex 5.99465 4.32086 24.7145
    endloop
  endfacet
  facet normal 0.442285 0.896874 0
    outer loop
      vertex 5.40932 4.60951 24.7145
      vertex 5.99465 4.32086 24.6
      vertex 5.40932 4.60951 24.6
    endloop
  endfacet
  facet normal 0.792935 0.0519774 0.607086
    outer loop
      vertex 8.36197 0.64009 24.9414
      vertex 8.19414 0.617995 25.1625
      vertex 8.23465 0 25.1625
    endloop
  endfacet
  facet normal 0.712696 0.351473 0.607068
    outer loop
      vertex 7.74692 2.45196 24.9414
      vertex 7.60033 2.36732 25.1625
      vertex 8.03064 1.87665 24.9414
    endloop
  endfacet
  facet normal 0.779369 -0.155021 0.607086
    outer loop
      vertex 8.36197 -0.64009 24.9414
      vertex 8.19414 -0.617995 25.1625
      vertex 8.23683 -1.26923 24.9414
    endloop
  endfacet
  facet normal 0.63384 -0.126074 0.76312
    outer loop
      vertex 8.19414 -0.617995 25.1625
      vertex 7.946 -0.585326 25.374
      vertex 8.07332 -1.22542 25.1625
    endloop
  endfacet
  facet normal 0.465596 0.229609 0.854693
    outer loop
      vertex 7.38357 2.24218 25.374
      vertex 7.10037 2.07867 25.5722
      vertex 7.34089 1.59095 25.5722
    endloop
  endfacet
  facet normal 0.491583 0.16687 0.854693
    outer loop
      vertex 7.64301 1.71609 25.374
      vertex 7.51569 1.076 25.5722
      vertex 7.83156 1.16064 25.374
    endloop
  endfacet
  facet normal 0.703872 0.617284 0.351461
    outer loop
      vertex 7.45827 3.03729 24.7145
      vertex 7.02796 3.52796 24.7145
      vertex 7.39055 2.98532 24.9414
    endloop
  endfacet
  facet normal 0.597435 0.523941 0.60709
    outer loop
      vertex 7.39055 2.98532 24.9414
      vertex 6.8479 3.3479 25.1625
      vertex 7.25625 2.88227 25.1625
    endloop
  endfacet
  facet normal -0.195461 -0.171414 0.965615
    outer loop
      vertex 1.53576 -1.96424 26.0551
      vertex 0.884528 -2.00692 25.9157
      vertex 1.16886 -2.33114 25.9157
    endloop
  endfacet
  facet normal -0.778417 -0.520124 0.35148
    outer loop
      vertex -0.390546 -2.98532 24.9414
      vertex -0.820855 -2.49465 24.7145
      vertex -0.458273 -3.03729 24.7145
    endloop
  endfacet
  facet normal -0.644872 -0.0422718 0.763121
    outer loop
      vertex -0.945999 -0.585326 25.374
      vertex -1.23465 0 25.1625
      vertex -1.19414 -0.617995 25.1625
    endloop
  endfacet
  facet normal -0.465596 -0.229606 0.854694
    outer loop
      vertex -0.340888 -1.59095 25.5722
      vertex -0.643011 -1.71609 25.374
      vertex -0.383573 -2.24218 25.374
    endloop
  endfacet
  facet normal -0.611951 -0.207731 0.763128
    outer loop
      vertex -0.831562 -1.16064 25.374
      vertex -0.874247 -1.81187 25.1625
      vertex -0.643011 -1.71609 25.374
    endloop
  endfacet
  facet normal -0.393836 0.13369 0.909406
    outer loop
      vertex 0.0269527 1.43858 25.7539
      vertex -0.51569 1.076 25.5722
      vertex -0.131107 0.972952 25.7539
    endloop
  endfacet
  facet normal -0.4261 0.485875 0.763128
    outer loop
      vertex 0.770092 3.55768 25.374
      vertex 0.152096 3.3479 25.1625
      vertex 0.329076 3.17092 25.374
    endloop
  endfacet
  facet normal -0.918208 0.182641 0.351476
    outer loop
      vertex -1.31929 1.29132 24.7145
      vertex -1.44661 0.651233 24.7145
      vertex -1.23683 1.26923 24.9414
    endloop
  endfacet
  facet normal -0.43164 0.288411 0.854696
    outer loop
      vertex 0.201754 2.53083 25.5722
      vertex -0.383573 2.24218 25.374
      vertex -0.100368 2.07867 25.5722
    endloop
  endfacet
  facet normal 0.0519793 0.792932 0.607089
    outer loop
      vertex 3.5 4.90393 24.9414
      vertex 3.5 4.73465 25.1625
      vertex 4.14009 4.86197 24.9414
    endloop
  endfacet
  facet normal -0.0437113 0.0148365 0.998934
    outer loop
      vertex 2.5988 0.373289 26.3164
      vertex 2.55779 0.252465 26.3164
      vertex 3.18413 0.0846376 26.3463
    endloop
  endfacet
  facet normal 0.0778716 0.0520329 0.995605
    outer loop
      vertex 4.77507 0.978399 26.2571
      vertex 4.34477 0.487725 26.3164
      vertex 4.89187 0.803598 26.2571
    endloop
  endfacet
  facet normal -0.136146 0.0462109 0.98961
    outer loop
      vertex 2.01514 0.615047 26.2571
      vertex 1.36391 0.572363 26.1695
      vertex 1.94757 0.415973 26.2571
    endloop
  endfacet
  facet normal -0.393836 0.133689 0.909407
    outer loop
      vertex -0.340888 1.59095 25.5722
      vertex -0.51569 1.076 25.5722
      vertex 0.0269527 1.43858 25.7539
    endloop
  endfacet
  facet normal -0.0934537 -0.00612538 0.995605
    outer loop
      vertex 2.52455 0 26.3164
      vertex 1.8928 0 26.2571
      vertex 1.90655 -0.209781 26.2571
    endloop
  endfacet
  facet normal -0.0280475 0.141013 0.98961
    outer loop
      vertex 3.21135 2.19252 26.1695
      vertex 2.92764 2.13609 26.1695
      vertex 3.08403 1.55243 26.2571
    endloop
  endfacet
  facet normal -0.259419 0.017004 0.965615
    outer loop
      vertex 0.745914 0.362582 26.0551
      vertex 0.231475 0.430309 25.9157
      vertex 0.722148 0 26.0551
    endloop
  endfacet
  facet normal -0.712686 0.351461 0.607086
    outer loop
      vertex -0.600327 2.36732 25.1625
      vertex -1.03064 1.87665 24.9414
      vertex -0.874247 1.81187 25.1625
    endloop
  endfacet
  facet normal -0.644867 -0.0422676 0.763126
    outer loop
      vertex -0.984364 0 25.374
      vertex -1.23465 0 25.1625
      vertex -0.945999 -0.585326 25.374
    endloop
  endfacet
  facet normal -0.792935 0.0519774 0.607086
    outer loop
      vertex -1.19414 0.617995 25.1625
      vertex -1.36197 0.64009 24.9414
      vertex -1.23465 0 25.1625
    endloop
  endfacet
  facet normal -0.792932 0.0519793 0.607089
    outer loop
      vertex -1.36197 0.64009 24.9414
      vertex -1.40393 0 24.9414
      vertex -1.23465 0 25.1625
    endloop
  endfacet
  facet normal -0.918206 -0.182637 0.351485
    outer loop
      vertex -1.36197 -0.64009 24.9414
      vertex -1.44661 -0.651233 24.7145
      vertex -1.23683 -1.26923 24.9414
    endloop
  endfacet
  facet normal -0.0129723 -0.197958 0.980125
    outer loop
      vertex 3.21135 -2.19252 26.1695
      vertex 3.13742 -2.75409 26.0551
      vertex 3.5 -2.77785 26.0551
    endloop
  endfacet
  facet normal 0.0272045 -0.41502 0.909405
    outer loop
      vertex 3.99067 -3.72704 25.7539
      vertex 3.5 -4.15735 25.5722
      vertex 4.04264 -4.12178 25.5722
    endloop
  endfacet
  facet normal -0.051977 -0.792935 0.607085
    outer loop
      vertex 2.882 -4.69414 25.1625
      vertex 2.85991 -4.86197 24.9414
      vertex 3.5 -4.73465 25.1625
    endloop
  endfacet
  facet normal -0.617283 -0.703871 0.351464
    outer loop
      vertex 0.0324001 -3.4676 24.9414
      vertex -0.0279636 -3.52796 24.7145
      vertex 0.514678 -3.89055 24.9414
    endloop
  endfacet
  facet normal -0.0272015 -0.415017 0.909407
    outer loop
      vertex 3.5 -3.7592 25.7539
      vertex 3.00933 -3.72704 25.7539
      vertex 3.5 -4.15735 25.5722
    endloop
  endfacet
  facet normal 0.00301862 -0.0460618 0.998934
    outer loop
      vertex 3.5 -0.327015 26.3463
      vertex 3.5 -0.975451 26.3164
      vertex 3.54268 -0.324218 26.3463
    endloop
  endfacet
  facet normal -0.0877425 -0.177926 0.980124
    outer loop
      vertex 2.65372 -2.04311 26.1695
      vertex 2.39428 -1.91517 26.1695
      vertex 2.43696 -2.5664 26.0551
    endloop
  endfacet
  facet normal -0.275103 -0.183816 0.943679
    outer loop
      vertex 0.644948 -1.64836 25.9157
      vertex 0.244437 -1.8796 25.7539
      vertex 0.884528 -2.00692 25.9157
    endloop
  endfacet
  facet normal 0.778418 -0.520136 0.351459
    outer loop
      vertex 7.82086 -2.49465 24.7145
      vertex 7.39055 -2.98532 24.9414
      vertex 7.45827 -3.03729 24.7145
    endloop
  endfacet
  facet normal 0.345817 -0.231065 0.909406
    outer loop
      vertex 7.10037 -2.07867 25.5722
      vertex 6.75556 -1.8796 25.7539
      vertex 6.79825 -2.53083 25.5722
    endloop
  endfacet
  facet normal 0.918208 -0.182641 0.351476
    outer loop
      vertex 8.44661 -0.651233 24.7145
      vertex 8.23683 -1.26923 24.9414
      vertex 8.31929 -1.29132 24.7145
    endloop
  endfacet
  facet normal 0.896874 -0.442285 0
    outer loop
      vertex 7.82086 -2.49465 24.7145
      vertex 8.10951 -1.90932 24.6
      vertex 8.10951 -1.90932 24.7145
    endloop
  endfacet
  facet normal 0.896874 -0.442285 0
    outer loop
      vertex 8.10951 -1.90932 24.6
      vertex 7.82086 -2.49465 24.7145
      vertex 7.82086 -2.49465 24.6
    endloop
  endfacet
  facet normal 0.71269 0.351463 0.60708
    outer loop
      vertex 8.03064 1.87665 24.9414
      vertex 7.60033 2.36732 25.1625
      vertex 7.87425 1.81187 25.1625
    endloop
  endfacet
  facet normal 0.537335 -0.359037 0.763128
    outer loop
      vertex 7.60033 -2.36732 25.1625
      vertex 7.05768 -2.72991 25.374
      vertex 7.25625 -2.88227 25.1625
    endloop
  endfacet
  facet normal 0.195088 -0.980786 0
    outer loop
      vertex 4.15123 -4.94661 24.6
      vertex 4.79132 -4.81929 24.7145
      vertex 4.15123 -4.94661 24.7145
    endloop
  endfacet
  facet normal 0.195088 -0.980786 0
    outer loop
      vertex 4.79132 -4.81929 24.7145
      vertex 4.15123 -4.94661 24.6
      vertex 4.79132 -4.81929 24.6
    endloop
  endfacet
  facet normal 0.300929 -0.886514 0.351474
    outer loop
      vertex 5.37665 -4.53064 24.9414
      vertex 4.76923 -4.73683 24.9414
      vertex 4.79132 -4.81929 24.7145
    endloop
  endfacet
  facet normal 0.255427 -0.75247 0.60708
    outer loop
      vertex 5.31187 -4.37425 25.1625
      vertex 4.76923 -4.73683 24.9414
      vertex 5.37665 -4.53064 24.9414
    endloop
  endfacet
  facet normal 0.751837 -0.659349 0
    outer loop
      vertex 7.02796 -3.52796 24.7145
      vertex 7.45827 -3.03729 24.6
      vertex 7.45827 -3.03729 24.7145
    endloop
  endfacet
  facet normal 0.751837 -0.659349 0
    outer loop
      vertex 7.45827 -3.03729 24.6
      vertex 7.02796 -3.52796 24.7145
      vertex 7.02796 -3.52796 24.6
    endloop
  endfacet
  facet normal 0.660732 -0.441475 0.60707
    outer loop
      vertex 7.60033 -2.36732 25.1625
      vertex 7.39055 -2.98532 24.9414
      vertex 7.74692 -2.45196 24.9414
    endloop
  endfacet
  facet normal -0.351458 -0.712693 0.60708
    outer loop
      vertex 1.68813 -4.37425 25.1625
      vertex 1.13267 -4.10033 25.1625
      vertex 1.62335 -4.53064 24.9414
    endloop
  endfacet
  facet normal 0.980786 0.195089 0
    outer loop
      vertex 8.44661 0.651233 24.7145
      vertex 8.31929 1.29132 24.6
      vertex 8.31929 1.29132 24.7145
    endloop
  endfacet
  facet normal 0.980786 0.195089 0
    outer loop
      vertex 8.31929 1.29132 24.6
      vertex 8.44661 0.651233 24.7145
      vertex 8.44661 0.651233 24.6
    endloop
  endfacet
  facet normal 0.63384 0.126074 0.76312
    outer loop
      vertex 8.07332 1.22542 25.1625
      vertex 7.946 0.585326 25.374
      vertex 8.19414 0.617995 25.1625
    endloop
  endfacet
  facet normal 0.106352 -0.313303 0.943679
    outer loop
      vertex 4.7616 -3.04578 25.9157
      vertex 4.47295 -3.63111 25.7539
      vertex 4.93858 -3.47305 25.7539
    endloop
  endfacet
  facet normal 0.274228 -0.312686 0.90941
    outer loop
      vertex 6.15815 -2.65815 25.7539
      vertex 5.78846 -2.98237 25.7539
      vertex 6.43969 -2.93969 25.5722
    endloop
  endfacet
  facet normal 0.373016 -0.183953 0.909407
    outer loop
      vertex 7.34089 -1.59095 25.5722
      vertex 6.75556 -1.8796 25.7539
      vertex 7.10037 -2.07867 25.5722
    endloop
  endfacet
  facet normal 0.324503 -0.0645468 0.94368
    outer loop
      vertex 7.22704 -0.490673 25.7539
      vertex 6.76852 -0.430309 25.9157
      vertex 7.13111 -0.972952 25.7539
    endloop
  endfacet
  facet normal -0.0414206 0.0839966 0.995605
    outer loop
      vertex 3.12671 0.901199 26.3164
      vertex 2.88495 1.48486 26.2571
      vertex 3.01227 0.844766 26.3164
    endloop
  endfacet
  facet normal 0.24618 -0.0835674 0.965615
    outer loop
      vertex 6.1832 -0.718961 26.0551
      vertex 6.0664 -1.06304 26.0551
      vertex 6.54578 -1.2616 25.9157
    endloop
  endfacet
  facet normal 0.330156 0.0216393 0.943678
    outer loop
      vertex 7.22704 0.490673 25.7539
      vertex 6.79673 0 25.9157
      vertex 7.2592 0 25.7539
    endloop
  endfacet
  facet normal 0.518018 0.0339489 0.854696
    outer loop
      vertex 7.946 0.585326 25.374
      vertex 7.62178 0.542643 25.5722
      vertex 7.98436 0 25.374
    endloop
  endfacet
  facet normal 0.171414 0.195462 0.965615
    outer loop
      vertex 5.50692 2.61547 25.9157
      vertex 5.46424 1.96424 26.0551
      vertex 5.83114 2.33114 25.9157
    endloop
  endfacet
  facet normal 0.313301 0.106348 0.94368
    outer loop
      vertex 7.13111 0.972952 25.7539
      vertex 6.54578 1.2616 25.9157
      vertex 6.68439 0.853256 25.9157
    endloop
  endfacet
  facet normal 0.177927 0.0877432 0.980124
    outer loop
      vertex 6.0664 1.06304 26.0551
      vertex 5.41517 1.10572 26.1695
      vertex 5.54311 0.846282 26.1695
    endloop
  endfacet
  facet normal 0.197958 -0.0129722 0.980125
    outer loop
      vertex 6.27785 0 26.0551
      vertex 5.69252 -0.288651 26.1695
      vertex 6.25409 -0.362582 26.0551
    endloop
  endfacet
  facet normal 0.182637 0.918206 0.351483
    outer loop
      vertex 4.15123 4.94661 24.7145
      vertex 4.14009 4.86197 24.9414
      vertex 4.76923 4.73683 24.9414
    endloop
  endfacet
  facet normal 0.12608 0.633828 0.763129
    outer loop
      vertex 4.72542 4.57332 25.1625
      vertex 4.08533 4.446 25.374
      vertex 4.66064 4.33156 25.374
    endloop
  endfacet
  facet normal 0.359034 0.537334 0.76313
    outer loop
      vertex 5.86732 4.10033 25.1625
      vertex 5.74218 3.88357 25.374
      vertex 6.22991 3.55768 25.374
    endloop
  endfacet
  facet normal 0.342289 0.390306 0.854692
    outer loop
      vertex 6.22991 3.55768 25.374
      vertex 6.03083 3.29825 25.5722
      vertex 6.43969 2.93969 25.5722
    endloop
  endfacet
  facet normal 0.0612391 0.934188 0.351485
    outer loop
      vertex 4.15123 4.94661 24.7145
      vertex 3.5 4.90393 24.9414
      vertex 4.14009 4.86197 24.9414
    endloop
  endfacet
  facet normal 0.0612254 0.934203 0.351448
    outer loop
      vertex 3.5 4.98929 24.7145
      vertex 3.5 4.90393 24.9414
      vertex 4.15123 4.94661 24.7145
    endloop
  endfacet
  facet normal 0.218157 0.248752 0.943679
    outer loop
      vertex 5.78846 2.98237 25.7539
      vertex 5.50692 2.61547 25.9157
      vertex 6.15815 2.65815 25.7539
    endloop
  endfacet
  facet normal 0.248762 0.218156 0.943677
    outer loop
      vertex 6.15815 2.65815 25.7539
      vertex 5.83114 2.33114 25.9157
      vertex 6.11547 2.00692 25.9157
    endloop
  endfacet
  facet normal 0.485874 0.426104 0.763126
    outer loop
      vertex 7.25625 2.88227 25.1625
      vertex 6.8479 3.3479 25.1625
      vertex 7.05768 2.72991 25.374
    endloop
  endfacet
  facet normal 0.537334 0.359034 0.76313
    outer loop
      vertex 7.60033 2.36732 25.1625
      vertex 7.05768 2.72991 25.374
      vertex 7.38357 2.24218 25.374
    endloop
  endfacet
  facet normal -0.126075 0.63384 0.76312
    outer loop
      vertex 2.882 4.69414 25.1625
      vertex 2.27458 4.57332 25.1625
      vertex 2.91467 4.446 25.374
    endloop
  endfacet
  facet normal -0.0612254 0.934203 0.351448
    outer loop
      vertex 3.5 4.98929 24.7145
      vertex 2.84877 4.94661 24.7145
      vertex 3.5 4.90393 24.9414
    endloop
  endfacet
  facet normal 0.0653972 0.997859 -0
    outer loop
      vertex 4.15123 4.94661 24.6
      vertex 3.5 4.98929 24.7145
      vertex 4.15123 4.94661 24.7145
    endloop
  endfacet
  facet normal 0.0653972 0.997859 0
    outer loop
      vertex 3.5 4.98929 24.7145
      vertex 4.15123 4.94661 24.6
      vertex 3.5 4.98929 24.6
    endloop
  endfacet
  facet normal 0.0339486 0.518017 0.854696
    outer loop
      vertex 4.08533 4.446 25.374
      vertex 3.5 4.48436 25.374
      vertex 4.04264 4.12178 25.5722
    endloop
  endfacet
  facet normal 0.051977 0.792935 0.607085
    outer loop
      vertex 4.14009 4.86197 24.9414
      vertex 3.5 4.73465 25.1625
      vertex 4.118 4.69414 25.1625
    endloop
  endfacet
  facet normal 0.886514 0.300929 0.351474
    outer loop
      vertex 8.31929 1.29132 24.7145
      vertex 8.03064 1.87665 24.9414
      vertex 8.23683 1.26923 24.9414
    endloop
  endfacet
  facet normal 0.659349 0.751837 -0
    outer loop
      vertex 7.02796 3.52796 24.6
      vertex 6.53729 3.95827 24.7145
      vertex 7.02796 3.52796 24.7145
    endloop
  endfacet
  facet normal 0.659349 0.751837 0
    outer loop
      vertex 6.53729 3.95827 24.7145
      vertex 7.02796 3.52796 24.6
      vertex 6.53729 3.95827 24.6
    endloop
  endfacet
  facet normal 0.644861 0.0422617 0.763131
    outer loop
      vertex 8.23465 0 25.1625
      vertex 7.946 0.585326 25.374
      vertex 7.98436 0 25.374
    endloop
  endfacet
  facet normal 0.41502 -0.0272044 0.909405
    outer loop
      vertex 7.65735 0 25.5722
      vertex 7.22704 -0.490673 25.7539
      vertex 7.62178 -0.542643 25.5722
    endloop
  endfacet
  facet normal 0.792932 -0.0519793 0.607089
    outer loop
      vertex 8.40393 0 24.9414
      vertex 8.23465 0 25.1625
      vertex 8.36197 -0.64009 24.9414
    endloop
  endfacet
  facet normal 0.393839 0.133689 0.909405
    outer loop
      vertex 7.34089 1.59095 25.5722
      vertex 7.13111 0.972952 25.7539
      vertex 7.51569 1.076 25.5722
    endloop
  endfacet
  facet normal 0.491586 0.166869 0.854692
    outer loop
      vertex 7.64301 1.71609 25.374
      vertex 7.34089 1.59095 25.5722
      vertex 7.51569 1.076 25.5722
    endloop
  endfacet
  facet normal 0.579598 0.285828 0.763131
    outer loop
      vertex 7.60033 2.36732 25.1625
      vertex 7.38357 2.24218 25.374
      vertex 7.87425 1.81187 25.1625
    endloop
  endfacet
  facet normal 0.579597 0.285827 0.763132
    outer loop
      vertex 7.87425 1.81187 25.1625
      vertex 7.38357 2.24218 25.374
      vertex 7.64301 1.71609 25.374
    endloop
  endfacet
  facet normal 0.520136 0.778418 0.351459
    outer loop
      vertex 6.53729 3.95827 24.7145
      vertex 5.99465 4.32086 24.7145
      vertex 6.48532 3.89055 24.9414
    endloop
  endfacet
  facet normal 0.617284 0.703872 0.351461
    outer loop
      vertex 6.53729 3.95827 24.7145
      vertex 6.48532 3.89055 24.9414
      vertex 7.02796 3.52796 24.7145
    endloop
  endfacet
  facet normal -0.886513 -0.300927 0.351479
    outer loop
      vertex -1.03064 -1.87665 24.9414
      vertex -1.31929 -1.29132 24.7145
      vertex -1.10951 -1.90932 24.7145
    endloop
  endfacet
  facet normal -0.918208 -0.182641 0.351476
    outer loop
      vertex -1.23683 -1.26923 24.9414
      vertex -1.44661 -0.651233 24.7145
      vertex -1.31929 -1.29132 24.7145
    endloop
  endfacet
  facet normal -0.660719 -0.441476 0.607083
    outer loop
      vertex -0.600327 -2.36732 25.1625
      vertex -0.746924 -2.45196 24.9414
      vertex -0.390546 -2.98532 24.9414
    endloop
  endfacet
  facet normal -0.712686 -0.351461 0.607086
    outer loop
      vertex -0.874247 -1.81187 25.1625
      vertex -1.03064 -1.87665 24.9414
      vertex -0.600327 -2.36732 25.1625
    endloop
  endfacet
  facet normal -0.886514 -0.300929 0.351474
    outer loop
      vertex -1.23683 -1.26923 24.9414
      vertex -1.31929 -1.29132 24.7145
      vertex -1.03064 -1.87665 24.9414
    endloop
  endfacet
  facet normal -0.187856 -0.0637681 0.980124
    outer loop
      vertex 1.36391 -0.572363 26.1695
      vertex 0.816801 -0.718961 26.0551
      vertex 0.933599 -1.06304 26.0551
    endloop
  endfacet
  facet normal -0.579602 -0.285827 0.763128
    outer loop
      vertex -0.643011 -1.71609 25.374
      vertex -0.874247 -1.81187 25.1625
      vertex -0.383573 -2.24218 25.374
    endloop
  endfacet
  facet normal -0.633832 -0.126077 0.763126
    outer loop
      vertex -0.945999 -0.585326 25.374
      vertex -1.07332 -1.22542 25.1625
      vertex -0.831562 -1.16064 25.374
    endloop
  endfacet
  facet normal -0.77937 -0.155021 0.607084
    outer loop
      vertex -1.19414 -0.617995 25.1625
      vertex -1.23683 -1.26923 24.9414
      vertex -1.07332 -1.22542 25.1625
    endloop
  endfacet
  facet normal -0.660719 0.441476 0.607083
    outer loop
      vertex -0.390546 2.98532 24.9414
      vertex -0.600327 2.36732 25.1625
      vertex -0.25625 2.88227 25.1625
    endloop
  endfacet
  facet normal -0.660719 0.441476 0.607083
    outer loop
      vertex -0.390546 2.98532 24.9414
      vertex -0.746924 2.45196 24.9414
      vertex -0.600327 2.36732 25.1625
    endloop
  endfacet
  facet normal -0.886514 0.300929 0.351474
    outer loop
      vertex -1.03064 1.87665 24.9414
      vertex -1.31929 1.29132 24.7145
      vertex -1.23683 1.26923 24.9414
    endloop
  endfacet
  facet normal -0.886513 0.300927 0.351479
    outer loop
      vertex -1.10951 1.90932 24.7145
      vertex -1.31929 1.29132 24.7145
      vertex -1.03064 1.87665 24.9414
    endloop
  endfacet
  facet normal -0.946931 0.321436 0
    outer loop
      vertex -1.31929 1.29132 24.6
      vertex -1.10951 1.90932 24.7145
      vertex -1.10951 1.90932 24.6
    endloop
  endfacet
  facet normal -0.946931 0.321436 0
    outer loop
      vertex -1.10951 1.90932 24.7145
      vertex -1.31929 1.29132 24.6
      vertex -1.31929 1.29132 24.7145
    endloop
  endfacet
  facet normal -0.751837 0.659349 0
    outer loop
      vertex -0.458273 3.03729 24.6
      vertex -0.0279636 3.52796 24.7145
      vertex -0.0279636 3.52796 24.6
    endloop
  endfacet
  facet normal -0.751837 0.659349 0
    outer loop
      vertex -0.0279636 3.52796 24.7145
      vertex -0.458273 3.03729 24.6
      vertex -0.458273 3.03729 24.7145
    endloop
  endfacet
  facet normal -0.44148 0.66071 0.607089
    outer loop
      vertex 1.13267 4.10033 25.1625
      vertex 0.514678 3.89055 24.9414
      vertex 0.617727 3.75625 25.1625
    endloop
  endfacet
  facet normal -0.195088 0.980786 0
    outer loop
      vertex 2.84877 4.94661 24.6
      vertex 2.20868 4.81929 24.7145
      vertex 2.84877 4.94661 24.7145
    endloop
  endfacet
  facet normal -0.195088 0.980786 0
    outer loop
      vertex 2.20868 4.81929 24.7145
      vertex 2.84877 4.94661 24.6
      vertex 2.20868 4.81929 24.6
    endloop
  endfacet
  facet normal 0.0204155 0.0414005 0.998934
    outer loop
      vertex 3.87329 0.901199 26.3164
      vertex 3.66351 0.283203 26.3463
      vertex 3.98773 0.844766 26.3164
    endloop
  endfacet
  facet normal -0.0414003 0.0204151 0.998934
    outer loop
      vertex 2.65523 0.487725 26.3164
      vertex 2.5988 0.373289 26.3164
      vertex 3.2168 0.163507 26.3463
    endloop
  endfacet
  facet normal 0.133689 0.393837 0.909406
    outer loop
      vertex 5.09095 3.84089 25.5722
      vertex 4.47295 3.63111 25.7539
      vertex 4.93858 3.47305 25.7539
    endloop
  endfacet
  facet normal 0.10635 0.313302 0.94368
    outer loop
      vertex 4.47295 3.63111 25.7539
      vertex 4.35326 3.18439 25.9157
      vertex 4.7616 3.04578 25.9157
    endloop
  endfacet
  facet normal -0.43164 0.28841 0.854697
    outer loop
      vertex -0.0576849 2.72991 25.374
      vertex -0.383573 2.24218 25.374
      vertex 0.201754 2.53083 25.5722
    endloop
  endfacet
  facet normal -0.25498 0.0507179 0.965615
    outer loop
      vertex 0.816801 0.718961 26.0551
      vertex 0.231475 0.430309 25.9157
      vertex 0.745914 0.362582 26.0551
    endloop
  endfacet
  facet normal -0.633832 0.126077 0.763126
    outer loop
      vertex -0.831562 1.16064 25.374
      vertex -1.07332 1.22542 25.1625
      vertex -0.945999 0.585326 25.374
    endloop
  endfacet
  facet normal -0.491582 0.16687 0.854694
    outer loop
      vertex -0.340888 1.59095 25.5722
      vertex -0.643011 1.71609 25.374
      vertex -0.51569 1.076 25.5722
    endloop
  endfacet
  facet normal -0.518019 -0.0339531 0.854695
    outer loop
      vertex -0.657348 0 25.5722
      vertex -0.984364 0 25.374
      vertex -0.621781 -0.542643 25.5722
    endloop
  endfacet
  facet normal -0.330156 -0.0216396 0.943678
    outer loop
      vertex 0.203271 0 25.9157
      vertex -0.227038 -0.490673 25.7539
      vertex 0.231475 -0.430309 25.9157
    endloop
  endfacet
  facet normal -0.194572 -0.0387021 0.980124
    outer loop
      vertex 1.30748 -0.288651 26.1695
      vertex 0.745914 -0.362582 26.0551
      vertex 0.816801 -0.718961 26.0551
    endloop
  endfacet
  facet normal -0.0635899 0.128949 0.98961
    outer loop
      vertex 2.65372 2.04311 26.1695
      vertex 2.39428 1.91517 26.1695
      vertex 2.88495 1.48486 26.2571
    endloop
  endfacet
  facet normal -0.644867 0.0422676 0.763126
    outer loop
      vertex -0.945999 0.585326 25.374
      vertex -1.23465 0 25.1625
      vertex -0.984364 0 25.374
    endloop
  endfacet
  facet normal -0.752467 0.255428 0.607083
    outer loop
      vertex -0.874247 1.81187 25.1625
      vertex -1.23683 1.26923 24.9414
      vertex -1.07332 1.22542 25.1625
    endloop
  endfacet
  facet normal -0.407917 0.0811395 0.909407
    outer loop
      vertex -0.51569 1.076 25.5722
      vertex -0.621781 0.542643 25.5722
      vertex -0.131107 0.972952 25.7539
    endloop
  endfacet
  facet normal -0.518019 0.0339531 0.854695
    outer loop
      vertex -0.621781 0.542643 25.5722
      vertex -0.984364 0 25.374
      vertex -0.657348 0 25.5722
    endloop
  endfacet
  facet normal -0.359038 0.537329 0.763131
    outer loop
      vertex 1.13267 4.10033 25.1625
      vertex 0.617727 3.75625 25.1625
      vertex 0.770092 3.55768 25.374
    endloop
  endfacet
  facet normal -0.48588 0.426105 0.763122
    outer loop
      vertex 0.152096 3.3479 25.1625
      vertex -0.25625 2.88227 25.1625
      vertex -0.0576849 2.72991 25.374
    endloop
  endfacet
  facet normal -0.997859 0.0653969 0
    outer loop
      vertex -1.48929 0 24.6
      vertex -1.44661 0.651233 24.7145
      vertex -1.44661 0.651233 24.6
    endloop
  endfacet
  facet normal -0.997859 0.0653969 0
    outer loop
      vertex -1.44661 0.651233 24.7145
      vertex -1.48929 0 24.6
      vertex -1.48929 0 24.7145
    endloop
  endfacet
  facet normal -0.980786 0.195089 0
    outer loop
      vertex -1.44661 0.651233 24.6
      vertex -1.31929 1.29132 24.7145
      vertex -1.31929 1.29132 24.6
    endloop
  endfacet
  facet normal -0.980786 0.195089 0
    outer loop
      vertex -1.31929 1.29132 24.7145
      vertex -1.44661 0.651233 24.6
      vertex -1.44661 0.651233 24.7145
    endloop
  endfacet
  facet normal -0.946931 -0.321436 0
    outer loop
      vertex -1.10951 -1.90932 24.6
      vertex -1.31929 -1.29132 24.7145
      vertex -1.31929 -1.29132 24.6
    endloop
  endfacet
  facet normal -0.946931 -0.321436 0
    outer loop
      vertex -1.31929 -1.29132 24.7145
      vertex -1.10951 -1.90932 24.6
      vertex -1.10951 -1.90932 24.7145
    endloop
  endfacet
  facet normal -0.0811388 -0.407919 0.909405
    outer loop
      vertex 2.52705 -3.63111 25.7539
      vertex 2.424 -4.01569 25.5722
      vertex 2.95736 -4.12178 25.5722
    endloop
  endfacet
  facet normal -0.183953 -0.373016 0.909407
    outer loop
      vertex 1.6204 -3.25556 25.7539
      vertex 1.42133 -3.60037 25.5722
      vertex 1.90905 -3.84089 25.5722
    endloop
  endfacet
  facet normal -0.597441 -0.523939 0.607086
    outer loop
      vertex 0.152096 -3.3479 25.1625
      vertex -0.390546 -2.98532 24.9414
      vertex 0.0324001 -3.4676 24.9414
    endloop
  endfacet
  facet normal -0.523942 -0.597436 0.607087
    outer loop
      vertex 0.152096 -3.3479 25.1625
      vertex 0.0324001 -3.4676 24.9414
      vertex 0.514678 -3.89055 24.9414
    endloop
  endfacet
  facet normal -0.155022 -0.77937 0.607083
    outer loop
      vertex 2.882 -4.69414 25.1625
      vertex 2.23077 -4.73683 24.9414
      vertex 2.85991 -4.86197 24.9414
    endloop
  endfacet
  facet normal -0.442285 -0.896874 0
    outer loop
      vertex 1.00535 -4.32086 24.6
      vertex 1.59068 -4.60951 24.7145
      vertex 1.00535 -4.32086 24.7145
    endloop
  endfacet
  facet normal -0.442285 -0.896874 -0
    outer loop
      vertex 1.59068 -4.60951 24.7145
      vertex 1.00535 -4.32086 24.6
      vertex 1.59068 -4.60951 24.6
    endloop
  endfacet
  facet normal 0.300927 -0.886513 0.351479
    outer loop
      vertex 5.37665 -4.53064 24.9414
      vertex 4.79132 -4.81929 24.7145
      vertex 5.40932 -4.60951 24.7145
    endloop
  endfacet
  facet normal -0.751837 -0.659349 0
    outer loop
      vertex -0.0279636 -3.52796 24.6
      vertex -0.458273 -3.03729 24.7145
      vertex -0.458273 -3.03729 24.6
    endloop
  endfacet
  facet normal -0.751837 -0.659349 0
    outer loop
      vertex -0.458273 -3.03729 24.7145
      vertex -0.0279636 -3.52796 24.6
      vertex -0.0279636 -3.52796 24.7145
    endloop
  endfacet
  facet normal -0.177926 -0.0877434 0.980124
    outer loop
      vertex 1.58483 -1.10572 26.1695
      vertex 0.933599 -1.06304 26.0551
      vertex 1.09431 -1.38893 26.0551
    endloop
  endfacet
  facet normal 0.0798765 -0.119544 0.989611
    outer loop
      vertex 4.84624 -1.75446 26.1695
      vertex 4.4784 -1.27507 26.2571
      vertex 4.60572 -1.91517 26.1695
    endloop
  endfacet
  facet normal -0.187858 -0.063767 0.980124
    outer loop
      vertex 1.36391 -0.572363 26.1695
      vertex 0.933599 -1.06304 26.0551
      vertex 1.45689 -0.846282 26.1695
    endloop
  endfacet
  facet normal -0.128945 -0.0635934 0.989611
    outer loop
      vertex 2.01514 -0.615047 26.2571
      vertex 1.58483 -1.10572 26.1695
      vertex 2.10813 -0.803598 26.2571
    endloop
  endfacet
  facet normal 0.149154 0.130804 0.980124
    outer loop
      vertex 5.46424 1.96424 26.0551
      vertex 5.06373 1.56373 26.1695
      vertex 5.70382 1.69105 26.0551
    endloop
  endfacet
  facet normal -0.0462139 0.136147 0.98961
    outer loop
      vertex 2.92764 2.13609 26.1695
      vertex 2.65372 2.04311 26.1695
      vertex 2.88495 1.48486 26.2571
    endloop
  endfacet
  facet normal -0.296742 -0.146337 0.943679
    outer loop
      vertex 0.454219 -1.2616 25.9157
      vertex 0.244437 -1.8796 25.7539
      vertex 0.644948 -1.64836 25.9157
    endloop
  endfacet
  facet normal -0.144435 -0.216162 0.965615
    outer loop
      vertex 2.11107 -2.40569 26.0551
      vertex 1.80895 -2.20382 26.0551
      vertex 1.85163 -2.85505 25.9157
    endloop
  endfacet
  facet normal 0.0507206 -0.254984 0.965614
    outer loop
      vertex 4.21896 -2.6832 26.0551
      vertex 3.86258 -2.75409 26.0551
      vertex 3.93031 -3.26852 25.9157
    endloop
  endfacet
  facet normal -0.0704125 -0.061752 0.995605
    outer loop
      vertex 2.81025 -0.689748 26.3164
      vertex 2.22492 -0.978399 26.2571
      vertex 2.36354 -1.13646 26.2571
    endloop
  endfacet
  facet normal 0.633828 -0.12608 0.763129
    outer loop
      vertex 7.946 -0.585326 25.374
      vertex 7.83156 -1.16064 25.374
      vertex 8.07332 -1.22542 25.1625
    endloop
  endfacet
  facet normal 0.465596 -0.229609 0.854693
    outer loop
      vertex 7.34089 -1.59095 25.5722
      vertex 7.10037 -2.07867 25.5722
      vertex 7.38357 -2.24218 25.374
    endloop
  endfacet
  facet normal 0.83965 -0.414065 0.35148
    outer loop
      vertex 8.03064 -1.87665 24.9414
      vertex 7.82086 -2.49465 24.7145
      vertex 8.10951 -1.90932 24.7145
    endloop
  endfacet
  facet normal 0.778413 0.520105 0.351517
    outer loop
      vertex 7.82086 2.49465 24.7145
      vertex 7.39055 2.98532 24.9414
      vertex 7.74692 2.45196 24.9414
    endloop
  endfacet
  facet normal 0.351473 -0.712696 0.607068
    outer loop
      vertex 5.86732 -4.10033 25.1625
      vertex 5.37665 -4.53064 24.9414
      vertex 5.95196 -4.24692 24.9414
    endloop
  endfacet
  facet normal 0.0612391 -0.934188 0.351485
    outer loop
      vertex 4.14009 -4.86197 24.9414
      vertex 3.5 -4.90393 24.9414
      vertex 4.15123 -4.94661 24.7145
    endloop
  endfacet
  facet normal -0.0653972 -0.997859 0
    outer loop
      vertex 2.84877 -4.94661 24.6
      vertex 3.5 -4.98929 24.7145
      vertex 2.84877 -4.94661 24.7145
    endloop
  endfacet
  facet normal -0.0653972 -0.997859 -0
    outer loop
      vertex 3.5 -4.98929 24.7145
      vertex 2.84877 -4.94661 24.6
      vertex 3.5 -4.98929 24.6
    endloop
  endfacet
  facet normal 0.441476 -0.660712 0.60709
    outer loop
      vertex 6.38227 -3.75625 25.1625
      vertex 5.86732 -4.10033 25.1625
      vertex 6.48532 -3.89055 24.9414
    endloop
  endfacet
  facet normal 0.288415 -0.431644 0.854693
    outer loop
      vertex 6.22991 -3.55768 25.374
      vertex 5.57867 -3.60037 25.5722
      vertex 5.74218 -3.88357 25.374
    endloop
  endfacet
  facet normal 0.144435 -0.216164 0.965615
    outer loop
      vertex 5.19105 -2.20382 26.0551
      vertex 5.14836 -2.85505 25.9157
      vertex 5.50692 -2.61547 25.9157
    endloop
  endfacet
  facet normal 0.275103 -0.183817 0.943679
    outer loop
      vertex 6.75556 -1.8796 25.7539
      vertex 6.11547 -2.00692 25.9157
      vertex 6.48237 -2.28846 25.7539
    endloop
  endfacet
  facet normal 0.183954 -0.373016 0.909407
    outer loop
      vertex 5.3796 -3.25556 25.7539
      vertex 4.93858 -3.47305 25.7539
      vertex 5.09095 -3.84089 25.5722
    endloop
  endfacet
  facet normal 0.229609 -0.465596 0.854693
    outer loop
      vertex 5.57867 -3.60037 25.5722
      vertex 5.09095 -3.84089 25.5722
      vertex 5.74218 -3.88357 25.374
    endloop
  endfacet
  facet normal 0.617284 -0.703872 0.351461
    outer loop
      vertex 7.02796 -3.52796 24.7145
      vertex 6.48532 -3.89055 24.9414
      vertex 6.53729 -3.95827 24.7145
    endloop
  endfacet
  facet normal 0.426104 -0.485872 0.763128
    outer loop
      vertex 6.67092 -3.17092 25.374
      vertex 6.22991 -3.55768 25.374
      vertex 6.8479 -3.3479 25.1625
    endloop
  endfacet
  facet normal 0.703875 -0.617284 0.351455
    outer loop
      vertex 7.39055 -2.98532 24.9414
      vertex 6.9676 -3.4676 24.9414
      vertex 7.02796 -3.52796 24.7145
    endloop
  endfacet
  facet normal 0.155022 -0.77937 0.607083
    outer loop
      vertex 4.76923 -4.73683 24.9414
      vertex 4.118 -4.69414 25.1625
      vertex 4.14009 -4.86197 24.9414
    endloop
  endfacet
  facet normal 0.051977 -0.792935 0.607085
    outer loop
      vertex 4.118 -4.69414 25.1625
      vertex 3.5 -4.73465 25.1625
      vertex 4.14009 -4.86197 24.9414
    endloop
  endfacet
  facet normal 0.133689 -0.393838 0.909406
    outer loop
      vertex 5.09095 -3.84089 25.5722
      vertex 4.47295 -3.63111 25.7539
      vertex 4.576 -4.01569 25.5722
    endloop
  endfacet
  facet normal -0.0339566 -0.518026 0.854691
    outer loop
      vertex 3.5 -4.15735 25.5722
      vertex 2.95736 -4.12178 25.5722
      vertex 3.5 -4.48436 25.374
    endloop
  endfacet
  facet normal -0.0272045 -0.41502 0.909405
    outer loop
      vertex 3.00933 -3.72704 25.7539
      vertex 2.95736 -4.12178 25.5722
      vertex 3.5 -4.15735 25.5722
    endloop
  endfacet
  facet normal 0.0835658 -0.246182 0.965614
    outer loop
      vertex 4.7616 -3.04578 25.9157
      vertex 4.21896 -2.6832 26.0551
      vertex 4.35326 -3.18439 25.9157
    endloop
  endfacet
  facet normal 0.144436 -0.216164 0.965614
    outer loop
      vertex 5.19105 -2.20382 26.0551
      vertex 4.88893 -2.40569 26.0551
      vertex 5.14836 -2.85505 25.9157
    endloop
  endfacet
  facet normal 0.171414 -0.195462 0.965615
    outer loop
      vertex 5.83114 -2.33114 25.9157
      vertex 5.46424 -1.96424 26.0551
      vertex 5.50692 -2.61547 25.9157
    endloop
  endfacet
  facet normal 0.0811388 -0.407919 0.909405
    outer loop
      vertex 4.47295 -3.63111 25.7539
      vertex 4.04264 -4.12178 25.5722
      vertex 4.576 -4.01569 25.5722
    endloop
  endfacet
  facet normal 0.0645468 -0.324503 0.94368
    outer loop
      vertex 4.47295 -3.63111 25.7539
      vertex 3.93031 -3.26852 25.9157
      vertex 3.99067 -3.72704 25.7539
    endloop
  endfacet
  facet normal 0.40792 -0.0811392 0.909405
    outer loop
      vertex 7.22704 -0.490673 25.7539
      vertex 7.13111 -0.972952 25.7539
      vertex 7.62178 -0.542643 25.5722
    endloop
  endfacet
  facet normal 0.644861 -0.0422617 0.763131
    outer loop
      vertex 7.98436 0 25.374
      vertex 7.946 -0.585326 25.374
      vertex 8.23465 0 25.1625
    endloop
  endfacet
  facet normal 0.313303 -0.106352 0.943679
    outer loop
      vertex 7.13111 -0.972952 25.7539
      vertex 6.54578 -1.2616 25.9157
      vertex 6.97305 -1.43858 25.7539
    endloop
  endfacet
  facet normal 0.218156 -0.248762 0.943677
    outer loop
      vertex 5.83114 -2.33114 25.9157
      vertex 5.50692 -2.61547 25.9157
      vertex 6.15815 -2.65815 25.7539
    endloop
  endfacet
  facet normal 0.611946 -0.207728 0.763133
    outer loop
      vertex 7.83156 -1.16064 25.374
      vertex 7.64301 -1.71609 25.374
      vertex 7.87425 -1.81187 25.1625
    endloop
  endfacet
  facet normal 0.393839 -0.133689 0.909405
    outer loop
      vertex 7.51569 -1.076 25.5722
      vertex 7.13111 -0.972952 25.7539
      vertex 7.34089 -1.59095 25.5722
    endloop
  endfacet
  facet normal 0.19457 -0.0387034 0.980125
    outer loop
      vertex 6.25409 -0.362582 26.0551
      vertex 5.69252 -0.288651 26.1695
      vertex 6.1832 -0.718961 26.0551
    endloop
  endfacet
  facet normal 0.259424 0.017 0.965614
    outer loop
      vertex 6.76852 0.430309 25.9157
      vertex 6.25409 0.362582 26.0551
      vertex 6.27785 0 26.0551
    endloop
  endfacet
  facet normal 0.259418 0.0170068 0.965615
    outer loop
      vertex 6.76852 0.430309 25.9157
      vertex 6.27785 0 26.0551
      vertex 6.79673 0 25.9157
    endloop
  endfacet
  facet normal 0.330151 0.0216439 0.94368
    outer loop
      vertex 7.22704 0.490673 25.7539
      vertex 6.76852 0.430309 25.9157
      vertex 6.79673 0 25.9157
    endloop
  endfacet
  facet normal 0.393836 0.13369 0.909406
    outer loop
      vertex 7.34089 1.59095 25.5722
      vertex 6.97305 1.43858 25.7539
      vertex 7.13111 0.972952 25.7539
    endloop
  endfacet
  facet normal 0.373016 0.183953 0.909407
    outer loop
      vertex 7.10037 2.07867 25.5722
      vertex 6.75556 1.8796 25.7539
      vertex 7.34089 1.59095 25.5722
    endloop
  endfacet
  facet normal 0.0304359 0.034705 0.998934
    outer loop
      vertex 4.09382 0.773877 26.3164
      vertex 3.69907 0.259439 26.3463
      vertex 3.73123 0.231235 26.3463
    endloop
  endfacet
  facet normal 0.313303 0.106352 0.943679
    outer loop
      vertex 6.97305 1.43858 25.7539
      vertex 6.54578 1.2616 25.9157
      vertex 7.13111 0.972952 25.7539
    endloop
  endfacet
  facet normal 0.216164 0.144435 0.965615
    outer loop
      vertex 6.11547 2.00692 25.9157
      vertex 5.70382 1.69105 26.0551
      vertex 6.35505 1.64836 25.9157
    endloop
  endfacet
  facet normal 0.0778714 0.0520331 0.995605
    outer loop
      vertex 4.77507 0.978399 26.2571
      vertex 4.27388 0.593817 26.3164
      vertex 4.34477 0.487725 26.3164
    endloop
  endfacet
  facet normal 0.143469 0.00940387 0.98961
    outer loop
      vertex 5.69252 0.288651 26.1695
      vertex 5.1072 0 26.2571
      vertex 5.71144 0 26.1695
    endloop
  endfacet
  facet normal 0.194573 0.0387003 0.980124
    outer loop
      vertex 6.1832 0.718961 26.0551
      vertex 5.63609 0.572363 26.1695
      vertex 5.69252 0.288651 26.1695
    endloop
  endfacet
  facet normal 0.0272045 0.41502 0.909405
    outer loop
      vertex 4.04264 4.12178 25.5722
      vertex 3.5 4.15735 25.5722
      vertex 3.99067 3.72704 25.7539
    endloop
  endfacet
  facet normal 0.207728 0.611946 0.763133
    outer loop
      vertex 5.31187 4.37425 25.1625
      vertex 4.66064 4.33156 25.374
      vertex 5.21609 4.14301 25.374
    endloop
  endfacet
  facet normal 0.101275 0.509153 0.854697
    outer loop
      vertex 4.08533 4.446 25.374
      vertex 4.04264 4.12178 25.5722
      vertex 4.576 4.01569 25.5722
    endloop
  endfacet
  facet normal 0.321436 0.946931 -0
    outer loop
      vertex 5.40932 4.60951 24.6
      vertex 4.79132 4.81929 24.7145
      vertex 5.40932 4.60951 24.7145
    endloop
  endfacet
  facet normal 0.321436 0.946931 0
    outer loop
      vertex 4.79132 4.81929 24.7145
      vertex 5.40932 4.60951 24.6
      vertex 4.79132 4.81929 24.6
    endloop
  endfacet
  facet normal 0.216164 0.144436 0.965614
    outer loop
      vertex 6.35505 1.64836 25.9157
      vertex 5.70382 1.69105 26.0551
      vertex 5.90569 1.38893 26.0551
    endloop
  endfacet
  facet normal 0.183817 0.275103 0.943679
    outer loop
      vertex 5.78846 2.98237 25.7539
      vertex 5.3796 3.25556 25.7539
      vertex 5.50692 2.61547 25.9157
    endloop
  endfacet
  facet normal 0.426104 0.485874 0.763126
    outer loop
      vertex 6.38227 3.75625 25.1625
      vertex 6.22991 3.55768 25.374
      vertex 6.8479 3.3479 25.1625
    endloop
  endfacet
  facet normal 0.231065 0.345817 0.909406
    outer loop
      vertex 5.57867 3.60037 25.5722
      vertex 5.3796 3.25556 25.7539
      vertex 6.03083 3.29825 25.5722
    endloop
  endfacet
  facet normal 0.312686 0.274228 0.90941
    outer loop
      vertex 6.43969 2.93969 25.5722
      vertex 6.15815 2.65815 25.7539
      vertex 6.48237 2.28846 25.7539
    endloop
  endfacet
  facet normal 0.390307 0.342294 0.85469
    outer loop
      vertex 6.67092 3.17092 25.374
      vertex 6.43969 2.93969 25.5722
      vertex 7.05768 2.72991 25.374
    endloop
  endfacet
  facet normal 0.886513 0.300927 0.351479
    outer loop
      vertex 8.10951 1.90932 24.7145
      vertex 8.03064 1.87665 24.9414
      vertex 8.31929 1.29132 24.7145
    endloop
  endfacet
  facet normal 0.537335 0.359037 0.763128
    outer loop
      vertex 7.25625 2.88227 25.1625
      vertex 7.05768 2.72991 25.374
      vertex 7.60033 2.36732 25.1625
    endloop
  endfacet
  facet normal -0.0519793 0.792932 0.607089
    outer loop
      vertex 3.5 4.90393 24.9414
      vertex 2.85991 4.86197 24.9414
      vertex 3.5 4.73465 25.1625
    endloop
  endfacet
  facet normal 0.126075 0.63384 0.76312
    outer loop
      vertex 4.118 4.69414 25.1625
      vertex 4.08533 4.446 25.374
      vertex 4.72542 4.57332 25.1625
    endloop
  endfacet
  facet normal -0.274227 0.312691 0.909409
    outer loop
      vertex 1.21154 2.98237 25.7539
      vertex 0.56031 2.93969 25.5722
      vertex 0.841845 2.65815 25.7539
    endloop
  endfacet
  facet normal -0.146338 0.296741 0.943679
    outer loop
      vertex 2.06142 3.47305 25.7539
      vertex 1.6204 3.25556 25.7539
      vertex 2.2384 3.04578 25.9157
    endloop
  endfacet
  facet normal -0.0387033 0.19457 0.980125
    outer loop
      vertex 3.13742 2.75409 26.0551
      vertex 2.78104 2.6832 26.0551
      vertex 3.21135 2.19252 26.1695
    endloop
  endfacet
  facet normal -0.146336 0.296746 0.943678
    outer loop
      vertex 2.2384 3.04578 25.9157
      vertex 1.6204 3.25556 25.7539
      vertex 1.85163 2.85505 25.9157
    endloop
  endfacet
  facet normal 0.40792 0.0811392 0.909405
    outer loop
      vertex 7.62178 0.542643 25.5722
      vertex 7.13111 0.972952 25.7539
      vertex 7.22704 0.490673 25.7539
    endloop
  endfacet
  facet normal 0.518018 -0.0339489 0.854696
    outer loop
      vertex 7.98436 0 25.374
      vertex 7.62178 -0.542643 25.5722
      vertex 7.946 -0.585326 25.374
    endloop
  endfacet
  facet normal 0.997859 -0.0653969 0
    outer loop
      vertex 8.44661 -0.651233 24.7145
      vertex 8.48929 0 24.6
      vertex 8.48929 0 24.7145
    endloop
  endfacet
  facet normal 0.997859 -0.0653969 0
    outer loop
      vertex 8.48929 0 24.6
      vertex 8.44661 -0.651233 24.7145
      vertex 8.44661 -0.651233 24.6
    endloop
  endfacet
  facet normal 0.611951 -0.207726 0.763129
    outer loop
      vertex 8.07332 -1.22542 25.1625
      vertex 7.83156 -1.16064 25.374
      vertex 7.87425 -1.81187 25.1625
    endloop
  endfacet
  facet normal 0.792935 -0.0519774 0.607086
    outer loop
      vertex 8.23465 0 25.1625
      vertex 8.19414 -0.617995 25.1625
      vertex 8.36197 -0.64009 24.9414
    endloop
  endfacet
  facet normal 0.579597 -0.285827 0.763132
    outer loop
      vertex 7.64301 -1.71609 25.374
      vertex 7.38357 -2.24218 25.374
      vertex 7.87425 -1.81187 25.1625
    endloop
  endfacet
  facet normal 0.579598 -0.285828 0.763131
    outer loop
      vertex 7.87425 -1.81187 25.1625
      vertex 7.38357 -2.24218 25.374
      vertex 7.60033 -2.36732 25.1625
    endloop
  endfacet
  facet normal 0.752468 0.255425 0.607084
    outer loop
      vertex 8.23683 1.26923 24.9414
      vertex 7.87425 1.81187 25.1625
      vertex 8.07332 1.22542 25.1625
    endloop
  endfacet
  facet normal 0.77937 0.155021 0.607084
    outer loop
      vertex 8.23683 1.26923 24.9414
      vertex 8.07332 1.22542 25.1625
      vertex 8.19414 0.617995 25.1625
    endloop
  endfacet
  facet normal 0.523938 0.597434 0.607093
    outer loop
      vertex 6.9676 3.4676 24.9414
      vertex 6.48532 3.89055 24.9414
      vertex 6.8479 3.3479 25.1625
    endloop
  endfacet
  facet normal -0.703871 -0.617283 0.351465
    outer loop
      vertex 0.0324001 -3.4676 24.9414
      vertex -0.458273 -3.03729 24.7145
      vertex -0.0279636 -3.52796 24.7145
    endloop
  endfacet
  facet normal -0.70387 -0.617275 0.35148
    outer loop
      vertex -0.390546 -2.98532 24.9414
      vertex -0.458273 -3.03729 24.7145
      vertex 0.0324001 -3.4676 24.9414
    endloop
  endfacet
  facet normal -0.839647 -0.414071 0.351479
    outer loop
      vertex -1.03064 -1.87665 24.9414
      vertex -1.10951 -1.90932 24.7145
      vertex -0.820855 -2.49465 24.7145
    endloop
  endfacet
  facet normal -0.712688 -0.351464 0.607082
    outer loop
      vertex -0.600327 -2.36732 25.1625
      vertex -1.03064 -1.87665 24.9414
      vertex -0.746924 -2.45196 24.9414
    endloop
  endfacet
  facet normal -0.324507 -0.0645482 0.943678
    outer loop
      vertex 0.231475 -0.430309 25.9157
      vertex -0.131107 -0.972952 25.7539
      vertex 0.315604 -0.853256 25.9157
    endloop
  endfacet
  facet normal -0.313305 -0.106353 0.943678
    outer loop
      vertex 0.454219 -1.2616 25.9157
      vertex -0.131107 -0.972952 25.7539
      vertex 0.0269527 -1.43858 25.7539
    endloop
  endfacet
  facet normal -0.43164 -0.288411 0.854696
    outer loop
      vertex -0.100368 -2.07867 25.5722
      vertex -0.383573 -2.24218 25.374
      vertex 0.201754 -2.53083 25.5722
    endloop
  endfacet
  facet normal -0.407917 -0.0811395 0.909407
    outer loop
      vertex -0.131107 -0.972952 25.7539
      vertex -0.621781 -0.542643 25.5722
      vertex -0.51569 -1.076 25.5722
    endloop
  endfacet
  facet normal -0.537341 -0.359038 0.763122
    outer loop
      vertex -0.0576849 -2.72991 25.374
      vertex -0.600327 -2.36732 25.1625
      vertex -0.25625 -2.88227 25.1625
    endloop
  endfacet
  facet normal -0.4261 -0.485875 0.763128
    outer loop
      vertex 0.329076 -3.17092 25.374
      vertex 0.152096 -3.3479 25.1625
      vertex 0.770092 -3.55768 25.374
    endloop
  endfacet
  facet normal -0.216164 -0.144435 0.965615
    outer loop
      vertex 1.29618 -1.69105 26.0551
      vertex 0.644948 -1.64836 25.9157
      vertex 0.884528 -2.00692 25.9157
    endloop
  endfacet
  facet normal -0.00900518 -0.0452737 0.998934
    outer loop
      vertex 3.45732 -0.324218 26.3463
      vertex 3.24753 -0.942213 26.3164
      vertex 3.37268 -0.967106 26.3164
    endloop
  endfacet
  facet normal -0.633839 0.126074 0.763121
    outer loop
      vertex -1.07332 1.22542 25.1625
      vertex -1.19414 0.617995 25.1625
      vertex -0.945999 0.585326 25.374
    endloop
  endfacet
  facet normal -0.644872 0.0422718 0.763121
    outer loop
      vertex -1.19414 0.617995 25.1625
      vertex -1.23465 0 25.1625
      vertex -0.945999 0.585326 25.374
    endloop
  endfacet
  facet normal -0.752467 -0.255428 0.607083
    outer loop
      vertex -1.07332 -1.22542 25.1625
      vertex -1.23683 -1.26923 24.9414
      vertex -0.874247 -1.81187 25.1625
    endloop
  endfacet
  facet normal -0.611953 -0.20773 0.763126
    outer loop
      vertex -0.831562 -1.16064 25.374
      vertex -1.07332 -1.22542 25.1625
      vertex -0.874247 -1.81187 25.1625
    endloop
  endfacet
  facet normal -0.778416 0.520119 0.351489
    outer loop
      vertex -0.390546 2.98532 24.9414
      vertex -0.820855 2.49465 24.7145
      vertex -0.746924 2.45196 24.9414
    endloop
  endfacet
  facet normal -0.465591 0.229607 0.854696
    outer loop
      vertex -0.100368 2.07867 25.5722
      vertex -0.383573 2.24218 25.374
      vertex -0.340888 1.59095 25.5722
    endloop
  endfacet
  facet normal -0.465596 0.229606 0.854694
    outer loop
      vertex -0.383573 2.24218 25.374
      vertex -0.643011 1.71609 25.374
      vertex -0.340888 1.59095 25.5722
    endloop
  endfacet
  facet normal -0.537341 0.359038 0.763122
    outer loop
      vertex -0.25625 2.88227 25.1625
      vertex -0.600327 2.36732 25.1625
      vertex -0.0576849 2.72991 25.374
    endloop
  endfacet
  facet normal -0.778417 0.520124 0.35148
    outer loop
      vertex -0.458273 3.03729 24.7145
      vertex -0.820855 2.49465 24.7145
      vertex -0.390546 2.98532 24.9414
    endloop
  endfacet
  facet normal -0.597441 0.523939 0.607086
    outer loop
      vertex 0.0324001 3.4676 24.9414
      vertex -0.390546 2.98532 24.9414
      vertex 0.152096 3.3479 25.1625
    endloop
  endfacet
  facet normal -0.520136 0.778419 0.351457
    outer loop
      vertex 1.00535 4.32086 24.7145
      vertex 0.462709 3.95827 24.7145
      vertex 0.514678 3.89055 24.9414
    endloop
  endfacet
  facet normal -0.414073 0.839631 0.351516
    outer loop
      vertex 1.62335 4.53064 24.9414
      vertex 1.00535 4.32086 24.7145
      vertex 1.04804 4.24692 24.9414
    endloop
  endfacet
  facet normal -0.703871 0.617283 0.351465
    outer loop
      vertex -0.0279636 3.52796 24.7145
      vertex -0.458273 3.03729 24.7145
      vertex 0.0324001 3.4676 24.9414
    endloop
  endfacet
  facet normal -0.523941 0.597436 0.607088
    outer loop
      vertex 0.514678 3.89055 24.9414
      vertex 0.152096 3.3479 25.1625
      vertex 0.617727 3.75625 25.1625
    endloop
  endfacet
  facet normal -0.351477 0.712703 0.607058
    outer loop
      vertex 1.62335 4.53064 24.9414
      vertex 1.04804 4.24692 24.9414
      vertex 1.13267 4.10033 25.1625
    endloop
  endfacet
  facet normal 0.0414003 0.0204151 0.998934
    outer loop
      vertex 4.34477 0.487725 26.3164
      vertex 3.7832 0.163507 26.3463
      vertex 4.4012 0.373289 26.3164
    endloop
  endfacet
  facet normal 0.197959 0.0129755 0.980124
    outer loop
      vertex 6.27785 0 26.0551
      vertex 5.69252 0.288651 26.1695
      vertex 5.71144 0 26.1695
    endloop
  endfacet
  facet normal -0.0460622 -0.00302163 0.998934
    outer loop
      vertex 3.17298 0 26.3463
      vertex 2.52455 0 26.3164
      vertex 3.17578 -0.0426836 26.3463
    endloop
  endfacet
  facet normal -0.183953 0.373016 0.909407
    outer loop
      vertex 1.90905 3.84089 25.5722
      vertex 1.42133 3.60037 25.5722
      vertex 1.6204 3.25556 25.7539
    endloop
  endfacet
  facet normal 0.0387006 0.194573 0.980124
    outer loop
      vertex 4.21896 2.6832 26.0551
      vertex 3.78865 2.19252 26.1695
      vertex 4.07236 2.13609 26.1695
    endloop
  endfacet
  facet normal -0.0129723 0.197958 0.980125
    outer loop
      vertex 3.5 2.77785 26.0551
      vertex 3.13742 2.75409 26.0551
      vertex 3.21135 2.19252 26.1695
    endloop
  endfacet
  facet normal -0.296742 0.146337 0.943679
    outer loop
      vertex 0.644948 1.64836 25.9157
      vertex 0.244437 1.8796 25.7539
      vertex 0.454219 1.2616 25.9157
    endloop
  endfacet
  facet normal 0.146338 0.296742 0.943679
    outer loop
      vertex 5.3796 3.25556 25.7539
      vertex 4.7616 3.04578 25.9157
      vertex 5.14836 2.85505 25.9157
    endloop
  endfacet
  facet normal 0.144436 0.216164 0.965614
    outer loop
      vertex 5.14836 2.85505 25.9157
      vertex 4.88893 2.40569 26.0551
      vertex 5.19105 2.20382 26.0551
    endloop
  endfacet
  facet normal -0.0383808 0.0256458 0.998934
    outer loop
      vertex 2.72612 0.593817 26.3164
      vertex 2.65523 0.487725 26.3164
      vertex 3.24056 0.199074 26.3463
    endloop
  endfacet
  facet normal -0.259419 -0.0170033 0.965615
    outer loop
      vertex 0.722148 0 26.0551
      vertex 0.203271 0 25.9157
      vertex 0.231475 -0.430309 25.9157
    endloop
  endfacet
  facet normal -0.509156 0.101277 0.854695
    outer loop
      vertex -0.51569 1.076 25.5722
      vertex -0.945999 0.585326 25.374
      vertex -0.621781 0.542643 25.5722
    endloop
  endfacet
  facet normal -0.259419 0.0170033 0.965615
    outer loop
      vertex 0.231475 0.430309 25.9157
      vertex 0.203271 0 25.9157
      vertex 0.722148 0 26.0551
    endloop
  endfacet
  facet normal -0.373019 0.183955 0.909405
    outer loop
      vertex -0.100368 2.07867 25.5722
      vertex -0.340888 1.59095 25.5722
      vertex 0.244437 1.8796 25.7539
    endloop
  endfacet
  facet normal -0.313305 0.106353 0.943678
    outer loop
      vertex 0.0269527 1.43858 25.7539
      vertex -0.131107 0.972952 25.7539
      vertex 0.454219 1.2616 25.9157
    endloop
  endfacet
  facet normal -0.141014 0.0280534 0.98961
    outer loop
      vertex 1.94757 0.415973 26.2571
      vertex 1.30748 0.288651 26.1695
      vertex 1.90655 0.209781 26.2571
    endloop
  endfacet
  facet normal -0.197959 0.0129755 0.980124
    outer loop
      vertex 1.30748 0.288651 26.1695
      vertex 0.722148 0 26.0551
      vertex 1.28856 0 26.1695
    endloop
  endfacet
  facet normal -0.233166 0.114985 0.965615
    outer loop
      vertex 1.09431 1.38893 26.0551
      vertex 0.454219 1.2616 25.9157
      vertex 0.933599 1.06304 26.0551
    endloop
  endfacet
  facet normal -0.330156 0.0216396 0.943678
    outer loop
      vertex 0.231475 0.430309 25.9157
      vertex -0.227038 0.490673 25.7539
      vertex 0.203271 0 25.9157
    endloop
  endfacet
  facet normal -0.77937 0.155021 0.607084
    outer loop
      vertex -1.07332 1.22542 25.1625
      vertex -1.23683 1.26923 24.9414
      vertex -1.19414 0.617995 25.1625
    endloop
  endfacet
  facet normal -0.779369 0.155021 0.607086
    outer loop
      vertex -1.23683 1.26923 24.9414
      vertex -1.36197 0.64009 24.9414
      vertex -1.19414 0.617995 25.1625
    endloop
  endfacet
  facet normal -0.509157 0.101277 0.854694
    outer loop
      vertex -0.831562 1.16064 25.374
      vertex -0.945999 0.585326 25.374
      vertex -0.51569 1.076 25.5722
    endloop
  endfacet
  facet normal -0.491581 0.16687 0.854695
    outer loop
      vertex -0.643011 1.71609 25.374
      vertex -0.831562 1.16064 25.374
      vertex -0.51569 1.076 25.5722
    endloop
  endfacet
  facet normal -0.373017 0.183949 0.909407
    outer loop
      vertex 0.244437 1.8796 25.7539
      vertex -0.340888 1.59095 25.5722
      vertex 0.0269527 1.43858 25.7539
    endloop
  endfacet
  facet normal -0.537341 0.359037 0.763124
    outer loop
      vertex -0.0576849 2.72991 25.374
      vertex -0.600327 2.36732 25.1625
      vertex -0.383573 2.24218 25.374
    endloop
  endfacet
  facet normal -0.415018 0.0272019 0.909406
    outer loop
      vertex -0.621781 0.542643 25.5722
      vertex -0.657348 0 25.5722
      vertex -0.227038 0.490673 25.7539
    endloop
  endfacet
  facet normal -0.407917 0.0811395 0.909407
    outer loop
      vertex -0.131107 0.972952 25.7539
      vertex -0.621781 0.542643 25.5722
      vertex -0.227038 0.490673 25.7539
    endloop
  endfacet
  facet normal -0.980786 -0.195089 0
    outer loop
      vertex -1.31929 -1.29132 24.6
      vertex -1.44661 -0.651233 24.7145
      vertex -1.44661 -0.651233 24.6
    endloop
  endfacet
  facet normal -0.980786 -0.195089 0
    outer loop
      vertex -1.44661 -0.651233 24.7145
      vertex -1.31929 -1.29132 24.6
      vertex -1.31929 -1.29132 24.7145
    endloop
  endfacet
  facet normal -0.183822 -0.275104 0.943678
    outer loop
      vertex 1.85163 -2.85505 25.9157
      vertex 1.49308 -2.61547 25.9157
      vertex 1.6204 -3.25556 25.7539
    endloop
  endfacet
  facet normal -0.133689 -0.393838 0.909406
    outer loop
      vertex 2.52705 -3.63111 25.7539
      vertex 1.90905 -3.84089 25.5722
      vertex 2.424 -4.01569 25.5722
    endloop
  endfacet
  facet normal -0.31269 -0.274229 0.909408
    outer loop
      vertex 0.841845 -2.65815 25.7539
      vertex 0.517627 -2.28846 25.7539
      vertex 0.56031 -2.93969 25.5722
    endloop
  endfacet
  facet normal -0.523941 -0.597436 0.607088
    outer loop
      vertex 0.617727 -3.75625 25.1625
      vertex 0.152096 -3.3479 25.1625
      vertex 0.514678 -3.89055 24.9414
    endloop
  endfacet
  facet normal -0.0422715 -0.644873 0.76312
    outer loop
      vertex 2.91467 -4.446 25.374
      vertex 2.882 -4.69414 25.1625
      vertex 3.5 -4.73465 25.1625
    endloop
  endfacet
  facet normal -0.255425 -0.752468 0.607084
    outer loop
      vertex 2.27458 -4.57332 25.1625
      vertex 1.68813 -4.37425 25.1625
      vertex 2.23077 -4.73683 24.9414
    endloop
  endfacet
  facet normal -0.101275 -0.509153 0.854697
    outer loop
      vertex 2.95736 -4.12178 25.5722
      vertex 2.424 -4.01569 25.5722
      vertex 2.91467 -4.446 25.374
    endloop
  endfacet
  facet normal -0.16687 -0.491583 0.854693
    outer loop
      vertex 2.424 -4.01569 25.5722
      vertex 1.78391 -4.14301 25.374
      vertex 2.33936 -4.33156 25.374
    endloop
  endfacet
  facet normal -0.390302 -0.342282 0.854697
    outer loop
      vertex 0.201754 -2.53083 25.5722
      vertex -0.0576849 -2.72991 25.374
      vertex 0.56031 -2.93969 25.5722
    endloop
  endfacet
  facet normal -0.43164 -0.28841 0.854697
    outer loop
      vertex 0.201754 -2.53083 25.5722
      vertex -0.383573 -2.24218 25.374
      vertex -0.0576849 -2.72991 25.374
    endloop
  endfacet
  facet normal -0.300929 -0.886514 0.351474
    outer loop
      vertex 2.23077 -4.73683 24.9414
      vertex 1.62335 -4.53064 24.9414
      vertex 2.20868 -4.81929 24.7145
    endloop
  endfacet
  facet normal -0.195088 -0.980786 0
    outer loop
      vertex 2.20868 -4.81929 24.6
      vertex 2.84877 -4.94661 24.7145
      vertex 2.20868 -4.81929 24.7145
    endloop
  endfacet
  facet normal -0.195088 -0.980786 -0
    outer loop
      vertex 2.84877 -4.94661 24.7145
      vertex 2.20868 -4.81929 24.6
      vertex 2.84877 -4.94661 24.6
    endloop
  endfacet
  facet normal -0.55558 -0.831463 0
    outer loop
      vertex 0.462709 -3.95827 24.6
      vertex 1.00535 -4.32086 24.7145
      vertex 0.462709 -3.95827 24.7145
    endloop
  endfacet
  facet normal -0.55558 -0.831463 -0
    outer loop
      vertex 1.00535 -4.32086 24.7145
      vertex 0.462709 -3.95827 24.6
      vertex 1.00535 -4.32086 24.6
    endloop
  endfacet
  facet normal -0.0304361 -0.0347054 0.998934
    outer loop
      vertex 3.26876 -0.231235 26.3463
      vertex 2.81025 -0.689748 26.3164
      vertex 2.90618 -0.773877 26.3164
    endloop
  endfacet
  facet normal 0.0617517 -0.0704138 0.995605
    outer loop
      vertex 4.18975 -0.689748 26.3164
      vertex 4.09382 -0.773877 26.3164
      vertex 4.4784 -1.27507 26.2571
    endloop
  endfacet
  facet normal 0.0347026 -0.0304394 0.998934
    outer loop
      vertex 3.75944 -0.199074 26.3463
      vertex 3.73123 -0.231235 26.3463
      vertex 4.27388 -0.593817 26.3164
    endloop
  endfacet
  facet normal -0.0280537 -0.141014 0.98961
    outer loop
      vertex 3.29022 -1.59345 26.2571
      vertex 3.08403 -1.55243 26.2571
      vertex 3.21135 -2.19252 26.1695
    endloop
  endfacet
  facet normal -0.141013 -0.0280473 0.98961
    outer loop
      vertex 1.94757 -0.415973 26.2571
      vertex 1.30748 -0.288651 26.1695
      vertex 1.36391 -0.572363 26.1695
    endloop
  endfacet
  facet normal -0.119546 -0.0798726 0.989611
    outer loop
      vertex 2.10813 -0.803598 26.2571
      vertex 1.58483 -1.10572 26.1695
      vertex 2.22492 -0.978399 26.2571
    endloop
  endfacet
  facet normal 0.0414206 -0.0839966 0.995605
    outer loop
      vertex 3.98773 -0.844766 26.3164
      vertex 3.87329 -0.901199 26.3164
      vertex 4.11505 -1.48486 26.2571
    endloop
  endfacet
  facet normal 0.136146 -0.0462139 0.98961
    outer loop
      vertex 5.63609 -0.572363 26.1695
      vertex 4.98486 -0.615047 26.2571
      vertex 5.54311 -0.846282 26.1695
    endloop
  endfacet
  facet normal 0.136146 -0.0462109 0.98961
    outer loop
      vertex 5.05243 -0.415973 26.2571
      vertex 4.98486 -0.615047 26.2571
      vertex 5.63609 -0.572363 26.1695
    endloop
  endfacet
  facet normal -0.106352 -0.313303 0.943679
    outer loop
      vertex 2.2384 -3.04578 25.9157
      vertex 2.06142 -3.47305 25.7539
      vertex 2.52705 -3.63111 25.7539
    endloop
  endfacet
  facet normal -0.183817 -0.275103 0.943679
    outer loop
      vertex 1.49308 -2.61547 25.9157
      vertex 1.21154 -2.98237 25.7539
      vertex 1.6204 -3.25556 25.7539
    endloop
  endfacet
  facet normal 0.597435 -0.523941 0.60709
    outer loop
      vertex 7.25625 -2.88227 25.1625
      vertex 6.8479 -3.3479 25.1625
      vertex 7.39055 -2.98532 24.9414
    endloop
  endfacet
  facet normal 0.660712 -0.441476 0.60709
    outer loop
      vertex 7.60033 -2.36732 25.1625
      vertex 7.25625 -2.88227 25.1625
      vertex 7.39055 -2.98532 24.9414
    endloop
  endfacet
  facet normal 0.703872 -0.617284 0.351461
    outer loop
      vertex 7.39055 -2.98532 24.9414
      vertex 7.02796 -3.52796 24.7145
      vertex 7.45827 -3.03729 24.7145
    endloop
  endfacet
  facet normal 0.831463 0.55558 0
    outer loop
      vertex 7.82086 2.49465 24.7145
      vertex 7.45827 3.03729 24.6
      vertex 7.45827 3.03729 24.7145
    endloop
  endfacet
  facet normal 0.831463 0.55558 0
    outer loop
      vertex 7.45827 3.03729 24.6
      vertex 7.82086 2.49465 24.7145
      vertex 7.82086 2.49465 24.6
    endloop
  endfacet
  facet normal 0.321436 -0.946931 0
    outer loop
      vertex 4.79132 -4.81929 24.6
      vertex 5.40932 -4.60951 24.7145
      vertex 4.79132 -4.81929 24.7145
    endloop
  endfacet
  facet normal 0.321436 -0.946931 0
    outer loop
      vertex 5.40932 -4.60951 24.7145
      vertex 4.79132 -4.81929 24.6
      vertex 5.40932 -4.60951 24.6
    endloop
  endfacet
  facet normal 0.0339566 -0.518026 0.854691
    outer loop
      vertex 3.5 -4.15735 25.5722
      vertex 3.5 -4.48436 25.374
      vertex 4.04264 -4.12178 25.5722
    endloop
  endfacet
  facet normal 0.155022 -0.77937 0.607084
    outer loop
      vertex 4.72542 -4.57332 25.1625
      vertex 4.118 -4.69414 25.1625
      vertex 4.76923 -4.73683 24.9414
    endloop
  endfacet
  facet normal -0.182637 -0.918206 0.351483
    outer loop
      vertex 2.85991 -4.86197 24.9414
      vertex 2.23077 -4.73683 24.9414
      vertex 2.84877 -4.94661 24.7145
    endloop
  endfacet
  facet normal 0.0519793 -0.792932 0.607089
    outer loop
      vertex 3.5 -4.73465 25.1625
      vertex 3.5 -4.90393 24.9414
      vertex 4.14009 -4.86197 24.9414
    endloop
  endfacet
  facet normal 0.285827 -0.579597 0.763132
    outer loop
      vertex 5.74218 -3.88357 25.374
      vertex 5.21609 -4.14301 25.374
      vertex 5.31187 -4.37425 25.1625
    endloop
  endfacet
  facet normal 0.441475 -0.660732 0.60707
    outer loop
      vertex 6.48532 -3.89055 24.9414
      vertex 5.86732 -4.10033 25.1625
      vertex 5.95196 -4.24692 24.9414
    endloop
  endfacet
  facet normal 0.359034 -0.537334 0.76313
    outer loop
      vertex 6.22991 -3.55768 25.374
      vertex 5.74218 -3.88357 25.374
      vertex 5.86732 -4.10033 25.1625
    endloop
  endfacet
  facet normal 0.359037 -0.537335 0.763128
    outer loop
      vertex 6.22991 -3.55768 25.374
      vertex 5.86732 -4.10033 25.1625
      vertex 6.38227 -3.75625 25.1625
    endloop
  endfacet
  facet normal 0.285828 -0.579598 0.763131
    outer loop
      vertex 5.74218 -3.88357 25.374
      vertex 5.31187 -4.37425 25.1625
      vertex 5.86732 -4.10033 25.1625
    endloop
  endfacet
  facet normal 0.229609 -0.465599 0.854692
    outer loop
      vertex 5.74218 -3.88357 25.374
      vertex 5.09095 -3.84089 25.5722
      vertex 5.21609 -4.14301 25.374
    endloop
  endfacet
  facet normal 0.183816 -0.275103 0.943679
    outer loop
      vertex 5.50692 -2.61547 25.9157
      vertex 5.14836 -2.85505 25.9157
      vertex 5.3796 -3.25556 25.7539
    endloop
  endfacet
  facet normal 0.114986 -0.233167 0.965615
    outer loop
      vertex 4.88893 -2.40569 26.0551
      vertex 4.7616 -3.04578 25.9157
      vertex 5.14836 -2.85505 25.9157
    endloop
  endfacet
  facet normal 0.659349 -0.751837 0
    outer loop
      vertex 6.53729 -3.95827 24.6
      vertex 7.02796 -3.52796 24.7145
      vertex 6.53729 -3.95827 24.7145
    endloop
  endfacet
  facet normal 0.659349 -0.751837 0
    outer loop
      vertex 7.02796 -3.52796 24.7145
      vertex 6.53729 -3.95827 24.6
      vertex 7.02796 -3.52796 24.6
    endloop
  endfacet
  facet normal 0.597434 -0.523938 0.607093
    outer loop
      vertex 7.39055 -2.98532 24.9414
      vertex 6.8479 -3.3479 25.1625
      vertex 6.9676 -3.4676 24.9414
    endloop
  endfacet
  facet normal 0.523938 -0.597434 0.607093
    outer loop
      vertex 6.8479 -3.3479 25.1625
      vertex 6.48532 -3.89055 24.9414
      vertex 6.9676 -3.4676 24.9414
    endloop
  endfacet
  facet normal 0.886514 -0.300929 0.351474
    outer loop
      vertex 8.23683 -1.26923 24.9414
      vertex 8.03064 -1.87665 24.9414
      vertex 8.31929 -1.29132 24.7145
    endloop
  endfacet
  facet normal -0.0519793 -0.792932 0.607089
    outer loop
      vertex 3.5 -4.73465 25.1625
      vertex 2.85991 -4.86197 24.9414
      vertex 3.5 -4.90393 24.9414
    endloop
  endfacet
  facet normal 0.182637 -0.918206 0.351483
    outer loop
      vertex 4.76923 -4.73683 24.9414
      vertex 4.14009 -4.86197 24.9414
      vertex 4.15123 -4.94661 24.7145
    endloop
  endfacet
  facet normal 0.110217 -0.164951 0.980124
    outer loop
      vertex 4.84624 -1.75446 26.1695
      vertex 4.60572 -1.91517 26.1695
      vertex 5.19105 -2.20382 26.0551
    endloop
  endfacet
  facet normal 0.231065 -0.345817 0.909406
    outer loop
      vertex 6.03083 -3.29825 25.5722
      vertex 5.3796 -3.25556 25.7539
      vertex 5.57867 -3.60037 25.5722
    endloop
  endfacet
  facet normal 0.081139 -0.40792 0.909405
    outer loop
      vertex 4.47295 -3.63111 25.7539
      vertex 3.99067 -3.72704 25.7539
      vertex 4.04264 -4.12178 25.5722
    endloop
  endfacet
  facet normal 0.133689 -0.393837 0.909406
    outer loop
      vertex 4.93858 -3.47305 25.7539
      vertex 4.47295 -3.63111 25.7539
      vertex 5.09095 -3.84089 25.5722
    endloop
  endfacet
  facet normal 0.0507193 -0.254983 0.965614
    outer loop
      vertex 4.21896 -2.6832 26.0551
      vertex 3.93031 -3.26852 25.9157
      vertex 4.35326 -3.18439 25.9157
    endloop
  endfacet
  facet normal -0.0129756 -0.197959 0.980124
    outer loop
      vertex 3.5 -2.21144 26.1695
      vertex 3.21135 -2.19252 26.1695
      vertex 3.5 -2.77785 26.0551
    endloop
  endfacet
  facet normal 0.12608 -0.633828 0.763129
    outer loop
      vertex 4.66064 -4.33156 25.374
      vertex 4.08533 -4.446 25.374
      vertex 4.72542 -4.57332 25.1625
    endloop
  endfacet
  facet normal -0.0835658 -0.246182 0.965614
    outer loop
      vertex 2.78104 -2.6832 26.0551
      vertex 2.2384 -3.04578 25.9157
      vertex 2.64674 -3.18439 25.9157
    endloop
  endfacet
  facet normal 0.254984 -0.0507198 0.965614
    outer loop
      vertex 6.76852 -0.430309 25.9157
      vertex 6.1832 -0.718961 26.0551
      vertex 6.68439 -0.853256 25.9157
    endloop
  endfacet
  facet normal 0.246183 -0.0835652 0.965614
    outer loop
      vertex 6.68439 -0.853256 25.9157
      vertex 6.1832 -0.718961 26.0551
      vertex 6.54578 -1.2616 25.9157
    endloop
  endfacet
  facet normal 0.177927 -0.0877432 0.980124
    outer loop
      vertex 5.54311 -0.846282 26.1695
      vertex 5.41517 -1.10572 26.1695
      vertex 6.0664 -1.06304 26.0551
    endloop
  endfacet
  facet normal 0.233167 -0.114984 0.965615
    outer loop
      vertex 6.0664 -1.06304 26.0551
      vertex 5.90569 -1.38893 26.0551
      vertex 6.54578 -1.2616 25.9157
    endloop
  endfacet
  facet normal 0.312686 -0.274228 0.90941
    outer loop
      vertex 6.48237 -2.28846 25.7539
      vertex 6.15815 -2.65815 25.7539
      vertex 6.43969 -2.93969 25.5722
    endloop
  endfacet
  facet normal 0.345815 -0.231065 0.909407
    outer loop
      vertex 6.75556 -1.8796 25.7539
      vertex 6.48237 -2.28846 25.7539
      vertex 6.79825 -2.53083 25.5722
    endloop
  endfacet
  facet normal 0.509158 -0.10128 0.854693
    outer loop
      vertex 7.946 -0.585326 25.374
      vertex 7.51569 -1.076 25.5722
      vertex 7.83156 -1.16064 25.374
    endloop
  endfacet
  facet normal 0.509154 -0.101276 0.854696
    outer loop
      vertex 7.62178 -0.542643 25.5722
      vertex 7.51569 -1.076 25.5722
      vertex 7.946 -0.585326 25.374
    endloop
  endfacet
  facet normal 0.296741 -0.146338 0.943679
    outer loop
      vertex 6.97305 -1.43858 25.7539
      vertex 6.54578 -1.2616 25.9157
      vertex 6.75556 -1.8796 25.7539
    endloop
  endfacet
  facet normal 0.373016 -0.183954 0.909407
    outer loop
      vertex 6.97305 -1.43858 25.7539
      vertex 6.75556 -1.8796 25.7539
      vertex 7.34089 -1.59095 25.5722
    endloop
  endfacet
  facet normal 0.254984 -0.0507208 0.965614
    outer loop
      vertex 6.25409 -0.362582 26.0551
      vertex 6.1832 -0.718961 26.0551
      vertex 6.76852 -0.430309 25.9157
    endloop
  endfacet
  facet normal 0.259424 -0.017 0.965614
    outer loop
      vertex 6.27785 0 26.0551
      vertex 6.25409 -0.362582 26.0551
      vertex 6.76852 -0.430309 25.9157
    endloop
  endfacet
  facet normal 0.330151 -0.0216439 0.94368
    outer loop
      vertex 6.79673 0 25.9157
      vertex 6.76852 -0.430309 25.9157
      vertex 7.22704 -0.490673 25.7539
    endloop
  endfacet
  facet normal 0.330156 -0.0216393 0.943678
    outer loop
      vertex 7.2592 0 25.7539
      vertex 6.79673 0 25.9157
      vertex 7.22704 -0.490673 25.7539
    endloop
  endfacet
  facet normal 0.195462 0.171415 0.965615
    outer loop
      vertex 6.11547 2.00692 25.9157
      vertex 5.46424 1.96424 26.0551
      vertex 5.70382 1.69105 26.0551
    endloop
  endfacet
  facet normal 0.233167 0.114986 0.965615
    outer loop
      vertex 6.35505 1.64836 25.9157
      vertex 5.90569 1.38893 26.0551
      vertex 6.54578 1.2616 25.9157
    endloop
  endfacet
  facet normal 0.254984 0.0507208 0.965614
    outer loop
      vertex 6.76852 0.430309 25.9157
      vertex 6.1832 0.718961 26.0551
      vertex 6.25409 0.362582 26.0551
    endloop
  endfacet
  facet normal 0.254984 0.0507198 0.965614
    outer loop
      vertex 6.68439 0.853256 25.9157
      vertex 6.1832 0.718961 26.0551
      vertex 6.76852 0.430309 25.9157
    endloop
  endfacet
  facet normal 0.0877425 0.177926 0.980124
    outer loop
      vertex 4.56304 2.5664 26.0551
      vertex 4.34628 2.04311 26.1695
      vertex 4.60572 1.91517 26.1695
    endloop
  endfacet
  facet normal 0.0637687 0.187856 0.980124
    outer loop
      vertex 4.21896 2.6832 26.0551
      vertex 4.07236 2.13609 26.1695
      vertex 4.56304 2.5664 26.0551
    endloop
  endfacet
  facet normal 0.128949 0.0635901 0.98961
    outer loop
      vertex 5.41517 1.10572 26.1695
      vertex 4.98486 0.615047 26.2571
      vertex 5.54311 0.846282 26.1695
    endloop
  endfacet
  facet normal 0.187856 0.063769 0.980124
    outer loop
      vertex 6.0664 1.06304 26.0551
      vertex 5.63609 0.572363 26.1695
      vertex 6.1832 0.718961 26.0551
    endloop
  endfacet
  facet normal -0.183954 0.373016 0.909407
    outer loop
      vertex 1.90905 3.84089 25.5722
      vertex 1.6204 3.25556 25.7539
      vertex 2.06142 3.47305 25.7539
    endloop
  endfacet
  facet normal -0.207726 0.611951 0.763129
    outer loop
      vertex 2.27458 4.57332 25.1625
      vertex 1.68813 4.37425 25.1625
      vertex 2.33936 4.33156 25.374
    endloop
  endfacet
  facet normal 0.155022 0.77937 0.607083
    outer loop
      vertex 4.14009 4.86197 24.9414
      vertex 4.118 4.69414 25.1625
      vertex 4.76923 4.73683 24.9414
    endloop
  endfacet
  facet normal 0.0272015 0.415017 0.909407
    outer loop
      vertex 3.5 4.15735 25.5722
      vertex 3.5 3.7592 25.7539
      vertex 3.99067 3.72704 25.7539
    endloop
  endfacet
  facet normal -0.18264 0.918208 0.351476
    outer loop
      vertex 2.84877 4.94661 24.7145
      vertex 2.20868 4.81929 24.7145
      vertex 2.23077 4.73683 24.9414
    endloop
  endfacet
  facet normal -0.255425 0.752468 0.607084
    outer loop
      vertex 2.23077 4.73683 24.9414
      vertex 1.68813 4.37425 25.1625
      vertex 2.27458 4.57332 25.1625
    endloop
  endfacet
  facet normal 0.207726 0.611951 0.763129
    outer loop
      vertex 4.72542 4.57332 25.1625
      vertex 4.66064 4.33156 25.374
      vertex 5.31187 4.37425 25.1625
    endloop
  endfacet
  facet normal 0.155022 0.77937 0.607084
    outer loop
      vertex 4.76923 4.73683 24.9414
      vertex 4.118 4.69414 25.1625
      vertex 4.72542 4.57332 25.1625
    endloop
  endfacet
  facet normal 0.288415 0.431644 0.854693
    outer loop
      vertex 5.74218 3.88357 25.374
      vertex 5.57867 3.60037 25.5722
      vertex 6.22991 3.55768 25.374
    endloop
  endfacet
  facet normal 0.617284 0.703875 0.351455
    outer loop
      vertex 7.02796 3.52796 24.7145
      vertex 6.48532 3.89055 24.9414
      vertex 6.9676 3.4676 24.9414
    endloop
  endfacet
  facet normal 0.195088 0.980786 -0
    outer loop
      vertex 4.79132 4.81929 24.6
      vertex 4.15123 4.94661 24.7145
      vertex 4.79132 4.81929 24.7145
    endloop
  endfacet
  facet normal 0.195088 0.980786 0
    outer loop
      vertex 4.15123 4.94661 24.7145
      vertex 4.79132 4.81929 24.6
      vertex 4.15123 4.94661 24.6
    endloop
  endfacet
  facet normal 0.274227 0.312697 0.909406
    outer loop
      vertex 6.03083 3.29825 25.5722
      vertex 5.78846 2.98237 25.7539
      vertex 6.43969 2.93969 25.5722
    endloop
  endfacet
  facet normal 0.231065 0.345815 0.909407
    outer loop
      vertex 6.03083 3.29825 25.5722
      vertex 5.3796 3.25556 25.7539
      vertex 5.78846 2.98237 25.7539
    endloop
  endfacet
  facet normal 0.431648 0.288414 0.854691
    outer loop
      vertex 7.05768 2.72991 25.374
      vertex 6.79825 2.53083 25.5722
      vertex 7.10037 2.07867 25.5722
    endloop
  endfacet
  facet normal 0.390306 0.342289 0.854692
    outer loop
      vertex 7.05768 2.72991 25.374
      vertex 6.43969 2.93969 25.5722
      vertex 6.79825 2.53083 25.5722
    endloop
  endfacet
  facet normal 0.660712 0.441476 0.60709
    outer loop
      vertex 7.39055 2.98532 24.9414
      vertex 7.25625 2.88227 25.1625
      vertex 7.60033 2.36732 25.1625
    endloop
  endfacet
  facet normal 0.660732 0.441475 0.60707
    outer loop
      vertex 7.74692 2.45196 24.9414
      vertex 7.39055 2.98532 24.9414
      vertex 7.60033 2.36732 25.1625
    endloop
  endfacet
  facet normal 0.300929 0.886514 0.351474
    outer loop
      vertex 4.79132 4.81929 24.7145
      vertex 4.76923 4.73683 24.9414
      vertex 5.37665 4.53064 24.9414
    endloop
  endfacet
  facet normal 0.18264 0.918208 0.351476
    outer loop
      vertex 4.79132 4.81929 24.7145
      vertex 4.15123 4.94661 24.7145
      vertex 4.76923 4.73683 24.9414
    endloop
  endfacet
  facet normal -0.4261 0.485871 0.763131
    outer loop
      vertex 0.617727 3.75625 25.1625
      vertex 0.152096 3.3479 25.1625
      vertex 0.770092 3.55768 25.374
    endloop
  endfacet
  facet normal -0.285821 0.579594 0.763136
    outer loop
      vertex 1.68813 4.37425 25.1625
      vertex 1.13267 4.10033 25.1625
      vertex 1.25782 3.88357 25.374
    endloop
  endfacet
  facet normal 0.081139 0.40792 0.909405
    outer loop
      vertex 4.04264 4.12178 25.5722
      vertex 3.99067 3.72704 25.7539
      vertex 4.47295 3.63111 25.7539
    endloop
  endfacet
  facet normal -0.288415 0.431643 0.854693
    outer loop
      vertex 1.25782 3.88357 25.374
      vertex 0.770092 3.55768 25.374
      vertex 1.42133 3.60037 25.5722
    endloop
  endfacet
  facet normal -0.296744 0.146336 0.943678
    outer loop
      vertex 0.244437 1.8796 25.7539
      vertex 0.0269527 1.43858 25.7539
      vertex 0.454219 1.2616 25.9157
    endloop
  endfacet
  facet normal -0.390302 0.342282 0.854697
    outer loop
      vertex 0.56031 2.93969 25.5722
      vertex -0.0576849 2.72991 25.374
      vertex 0.201754 2.53083 25.5722
    endloop
  endfacet
  facet normal -0.164951 0.110217 0.980124
    outer loop
      vertex 1.74554 1.34624 26.1695
      vertex 1.29618 1.69105 26.0551
      vertex 1.58483 1.10572 26.1695
    endloop
  endfacet
  facet normal -0.345819 0.231068 0.909405
    outer loop
      vertex 0.517627 2.28846 25.7539
      vertex 0.201754 2.53083 25.5722
      vertex 0.244437 1.8796 25.7539
    endloop
  endfacet
  facet normal 0.41502 0.0272044 0.909405
    outer loop
      vertex 7.62178 0.542643 25.5722
      vertex 7.22704 0.490673 25.7539
      vertex 7.65735 0 25.5722
    endloop
  endfacet
  facet normal 0.415017 0.0272013 0.909407
    outer loop
      vertex 7.65735 0 25.5722
      vertex 7.22704 0.490673 25.7539
      vertex 7.2592 0 25.7539
    endloop
  endfacet
  facet normal 0.918206 -0.182637 0.351485
    outer loop
      vertex 8.36197 -0.64009 24.9414
      vertex 8.23683 -1.26923 24.9414
      vertex 8.44661 -0.651233 24.7145
    endloop
  endfacet
  facet normal 0.934188 -0.0612391 0.351486
    outer loop
      vertex 8.40393 0 24.9414
      vertex 8.36197 -0.64009 24.9414
      vertex 8.44661 -0.651233 24.7145
    endloop
  endfacet
  facet normal 0.886513 -0.300927 0.351479
    outer loop
      vertex 8.31929 -1.29132 24.7145
      vertex 8.03064 -1.87665 24.9414
      vertex 8.10951 -1.90932 24.7145
    endloop
  endfacet
  facet normal 0.946931 -0.321436 0
    outer loop
      vertex 8.10951 -1.90932 24.7145
      vertex 8.31929 -1.29132 24.6
      vertex 8.31929 -1.29132 24.7145
    endloop
  endfacet
  facet normal 0.946931 -0.321436 0
    outer loop
      vertex 8.31929 -1.29132 24.6
      vertex 8.10951 -1.90932 24.7145
      vertex 8.10951 -1.90932 24.6
    endloop
  endfacet
  facet normal 0.752468 -0.255425 0.607084
    outer loop
      vertex 8.07332 -1.22542 25.1625
      vertex 7.87425 -1.81187 25.1625
      vertex 8.23683 -1.26923 24.9414
    endloop
  endfacet
  facet normal 0.77937 -0.155021 0.607084
    outer loop
      vertex 8.19414 -0.617995 25.1625
      vertex 8.07332 -1.22542 25.1625
      vertex 8.23683 -1.26923 24.9414
    endloop
  endfacet
  facet normal 0.491586 -0.166869 0.854692
    outer loop
      vertex 7.51569 -1.076 25.5722
      vertex 7.34089 -1.59095 25.5722
      vertex 7.64301 -1.71609 25.374
    endloop
  endfacet
  facet normal 0.465599 -0.229609 0.854692
    outer loop
      vertex 7.64301 -1.71609 25.374
      vertex 7.34089 -1.59095 25.5722
      vertex 7.38357 -2.24218 25.374
    endloop
  endfacet
  facet normal 0.918208 0.182641 0.351476
    outer loop
      vertex 8.31929 1.29132 24.7145
      vertex 8.23683 1.26923 24.9414
      vertex 8.44661 0.651233 24.7145
    endloop
  endfacet
  facet normal 0.414073 0.839631 0.351516
    outer loop
      vertex 5.99465 4.32086 24.7145
      vertex 5.37665 4.53064 24.9414
      vertex 5.95196 4.24692 24.9414
    endloop
  endfacet
  facet normal 0.520105 0.778413 0.351517
    outer loop
      vertex 5.99465 4.32086 24.7145
      vertex 5.95196 4.24692 24.9414
      vertex 6.48532 3.89055 24.9414
    endloop
  endfacet
  facet normal -0.839643 -0.414073 0.351487
    outer loop
      vertex -0.746924 -2.45196 24.9414
      vertex -1.03064 -1.87665 24.9414
      vertex -0.820855 -2.49465 24.7145
    endloop
  endfacet
  facet normal -0.778416 -0.520119 0.351489
    outer loop
      vertex -0.746924 -2.45196 24.9414
      vertex -0.820855 -2.49465 24.7145
      vertex -0.390546 -2.98532 24.9414
    endloop
  endfacet
  facet normal -0.509156 -0.101277 0.854695
    outer loop
      vertex -0.621781 -0.542643 25.5722
      vertex -0.945999 -0.585326 25.374
      vertex -0.51569 -1.076 25.5722
    endloop
  endfacet
  facet normal -0.509157 -0.101277 0.854694
    outer loop
      vertex -0.51569 -1.076 25.5722
      vertex -0.945999 -0.585326 25.374
      vertex -0.831562 -1.16064 25.374
    endloop
  endfacet
  facet normal -0.24618 -0.0835661 0.965615
    outer loop
      vertex 0.816801 -0.718961 26.0551
      vertex 0.454219 -1.2616 25.9157
      vertex 0.933599 -1.06304 26.0551
    endloop
  endfacet
  facet normal -0.313306 -0.106354 0.943678
    outer loop
      vertex 0.315604 -0.853256 25.9157
      vertex -0.131107 -0.972952 25.7539
      vertex 0.454219 -1.2616 25.9157
    endloop
  endfacet
  facet normal -0.34229 -0.390307 0.854692
    outer loop
      vertex 0.56031 -2.93969 25.5722
      vertex 0.329076 -3.17092 25.374
      vertex 0.770092 -3.55768 25.374
    endloop
  endfacet
  facet normal -0.248753 -0.218156 0.943679
    outer loop
      vertex 0.884528 -2.00692 25.9157
      vertex 0.517627 -2.28846 25.7539
      vertex 0.841845 -2.65815 25.7539
    endloop
  endfacet
  facet normal -0.48588 -0.426105 0.763122
    outer loop
      vertex -0.0576849 -2.72991 25.374
      vertex -0.25625 -2.88227 25.1625
      vertex 0.152096 -3.3479 25.1625
    endloop
  endfacet
  facet normal -0.171414 -0.195462 0.965615
    outer loop
      vertex 1.53576 -1.96424 26.0551
      vertex 1.16886 -2.33114 25.9157
      vertex 1.49308 -2.61547 25.9157
    endloop
  endfacet
  facet normal -0.233166 -0.114985 0.965615
    outer loop
      vertex 0.933599 -1.06304 26.0551
      vertex 0.454219 -1.2616 25.9157
      vertex 1.09431 -1.38893 26.0551
    endloop
  endfacet
  facet normal -0.177926 -0.0877431 0.980124
    outer loop
      vertex 1.45689 -0.846282 26.1695
      vertex 0.933599 -1.06304 26.0551
      vertex 1.58483 -1.10572 26.1695
    endloop
  endfacet
  facet normal -0.792935 -0.0519774 0.607086
    outer loop
      vertex -1.23465 0 25.1625
      vertex -1.36197 -0.64009 24.9414
      vertex -1.19414 -0.617995 25.1625
    endloop
  endfacet
  facet normal -0.779369 -0.155021 0.607086
    outer loop
      vertex -1.19414 -0.617995 25.1625
      vertex -1.36197 -0.64009 24.9414
      vertex -1.23683 -1.26923 24.9414
    endloop
  endfacet
  facet normal -0.611953 0.20773 0.763126
    outer loop
      vertex -0.874247 1.81187 25.1625
      vertex -1.07332 1.22542 25.1625
      vertex -0.831562 1.16064 25.374
    endloop
  endfacet
  facet normal -0.611951 0.207731 0.763128
    outer loop
      vertex -0.643011 1.71609 25.374
      vertex -0.874247 1.81187 25.1625
      vertex -0.831562 1.16064 25.374
    endloop
  endfacet
  facet normal -0.579605 0.285832 0.763124
    outer loop
      vertex -0.600327 2.36732 25.1625
      vertex -0.874247 1.81187 25.1625
      vertex -0.383573 2.24218 25.374
    endloop
  endfacet
  facet normal -0.579602 0.285827 0.763128
    outer loop
      vertex -0.383573 2.24218 25.374
      vertex -0.874247 1.81187 25.1625
      vertex -0.643011 1.71609 25.374
    endloop
  endfacet
  facet normal -0.55558 0.831463 0
    outer loop
      vertex 1.00535 4.32086 24.6
      vertex 0.462709 3.95827 24.7145
      vertex 1.00535 4.32086 24.7145
    endloop
  endfacet
  facet normal -0.55558 0.831463 0
    outer loop
      vertex 0.462709 3.95827 24.7145
      vertex 1.00535 4.32086 24.6
      vertex 0.462709 3.95827 24.6
    endloop
  endfacet
  facet normal -0.659347 0.751839 0
    outer loop
      vertex 0.462709 3.95827 24.6
      vertex -0.0279636 3.52796 24.7145
      vertex 0.462709 3.95827 24.7145
    endloop
  endfacet
  facet normal -0.659347 0.751839 0
    outer loop
      vertex -0.0279636 3.52796 24.7145
      vertex 0.462709 3.95827 24.6
      vertex -0.0279636 3.52796 24.6
    endloop
  endfacet
  facet normal -0.523942 0.597436 0.607087
    outer loop
      vertex 0.514678 3.89055 24.9414
      vertex 0.0324001 3.4676 24.9414
      vertex 0.152096 3.3479 25.1625
    endloop
  endfacet
  facet normal -0.617283 0.703871 0.351464
    outer loop
      vertex 0.514678 3.89055 24.9414
      vertex -0.0279636 3.52796 24.7145
      vertex 0.0324001 3.4676 24.9414
    endloop
  endfacet
  facet normal 0.0886853 0.0301017 0.995605
    outer loop
      vertex 4.98486 0.615047 26.2571
      vertex 4.4012 0.373289 26.3164
      vertex 5.05243 0.415973 26.2571
    endloop
  endfacet
  facet normal 0.083997 -0.0414201 0.995605
    outer loop
      vertex 4.4012 -0.373289 26.3164
      vertex 4.34477 -0.487725 26.3164
      vertex 4.98486 -0.615047 26.2571
    endloop
  endfacet
  facet normal 0.119543 0.0798776 0.98961
    outer loop
      vertex 5.41517 1.10572 26.1695
      vertex 4.77507 0.978399 26.2571
      vertex 4.89187 0.803598 26.2571
    endloop
  endfacet
  facet normal 0.119544 0.0798764 0.989611
    outer loop
      vertex 5.25446 1.34624 26.1695
      vertex 4.77507 0.978399 26.2571
      vertex 5.41517 1.10572 26.1695
    endloop
  endfacet
  facet normal 0.0811388 0.407919 0.909405
    outer loop
      vertex 4.576 4.01569 25.5722
      vertex 4.04264 4.12178 25.5722
      vertex 4.47295 3.63111 25.7539
    endloop
  endfacet
  facet normal 0.183954 0.373016 0.909407
    outer loop
      vertex 5.09095 3.84089 25.5722
      vertex 4.93858 3.47305 25.7539
      vertex 5.3796 3.25556 25.7539
    endloop
  endfacet
  facet normal 0.0507193 0.254983 0.965614
    outer loop
      vertex 4.35326 3.18439 25.9157
      vertex 3.93031 3.26852 25.9157
      vertex 4.21896 2.6832 26.0551
    endloop
  endfacet
  facet normal -0.171415 0.195462 0.965615
    outer loop
      vertex 1.80895 2.20382 26.0551
      vertex 1.49308 2.61547 25.9157
      vertex 1.53576 1.96424 26.0551
    endloop
  endfacet
  facet normal -0.101281 0.509158 0.854693
    outer loop
      vertex 2.91467 4.446 25.374
      vertex 2.33936 4.33156 25.374
      vertex 2.424 4.01569 25.5722
    endloop
  endfacet
  facet normal 0.0339566 0.518026 0.854691
    outer loop
      vertex 3.5 4.48436 25.374
      vertex 3.5 4.15735 25.5722
      vertex 4.04264 4.12178 25.5722
    endloop
  endfacet
  facet normal -0.485872 0.426104 0.763128
    outer loop
      vertex 0.152096 3.3479 25.1625
      vertex -0.0576849 2.72991 25.374
      vertex 0.329076 3.17092 25.374
    endloop
  endfacet
  facet normal -0.34229 0.390307 0.854692
    outer loop
      vertex 0.770092 3.55768 25.374
      vertex 0.329076 3.17092 25.374
      vertex 0.56031 2.93969 25.5722
    endloop
  endfacet
  facet normal 0.144435 0.216164 0.965615
    outer loop
      vertex 5.50692 2.61547 25.9157
      vertex 5.14836 2.85505 25.9157
      vertex 5.19105 2.20382 26.0551
    endloop
  endfacet
  facet normal 0.183816 0.275103 0.943679
    outer loop
      vertex 5.3796 3.25556 25.7539
      vertex 5.14836 2.85505 25.9157
      vertex 5.50692 2.61547 25.9157
    endloop
  endfacet
  facet normal -0.197959 0.0129755 0.980124
    outer loop
      vertex 0.745914 0.362582 26.0551
      vertex 0.722148 0 26.0551
      vertex 1.30748 0.288651 26.1695
    endloop
  endfacet
  facet normal -0.259419 -0.017004 0.965615
    outer loop
      vertex 0.722148 0 26.0551
      vertex 0.231475 -0.430309 25.9157
      vertex 0.745914 -0.362582 26.0551
    endloop
  endfacet
  facet normal -0.197959 -0.0129755 0.980124
    outer loop
      vertex 1.28856 0 26.1695
      vertex 0.722148 0 26.0551
      vertex 1.30748 -0.288651 26.1695
    endloop
  endfacet
  facet normal -0.197959 -0.0129755 0.980124
    outer loop
      vertex 1.30748 -0.288651 26.1695
      vertex 0.722148 0 26.0551
      vertex 0.745914 -0.362582 26.0551
    endloop
  endfacet
  facet normal -0.330156 0.0216393 0.943678
    outer loop
      vertex -0.227038 0.490673 25.7539
      vertex -0.259198 0 25.7539
      vertex 0.203271 0 25.9157
    endloop
  endfacet
  facet normal -0.415017 0.0272013 0.909407
    outer loop
      vertex -0.227038 0.490673 25.7539
      vertex -0.657348 0 25.5722
      vertex -0.259198 0 25.7539
    endloop
  endfacet
  facet normal -0.324507 0.0645482 0.943678
    outer loop
      vertex 0.315604 0.853256 25.9157
      vertex -0.131107 0.972952 25.7539
      vertex 0.231475 0.430309 25.9157
    endloop
  endfacet
  facet normal -0.254981 0.0507186 0.965615
    outer loop
      vertex 0.315604 0.853256 25.9157
      vertex 0.231475 0.430309 25.9157
      vertex 0.816801 0.718961 26.0551
    endloop
  endfacet
  facet normal -0.110217 0.164951 0.980124
    outer loop
      vertex 2.39428 1.91517 26.1695
      vertex 1.80895 2.20382 26.0551
      vertex 2.15376 1.75446 26.1695
    endloop
  endfacet
  facet normal -0.0452724 0.00901046 0.998934
    outer loop
      vertex 3.18413 0.0846376 26.3463
      vertex 2.55779 0.252465 26.3164
      vertex 3.17578 0.0426836 26.3463
    endloop
  endfacet
  facet normal -0.0182738 0.0918545 0.995605
    outer loop
      vertex 3.29022 1.59345 26.2571
      vertex 3.08403 1.55243 26.2571
      vertex 3.37268 0.967106 26.3164
    endloop
  endfacet
  facet normal 0.110217 0.164951 0.980124
    outer loop
      vertex 5.19105 2.20382 26.0551
      vertex 4.60572 1.91517 26.1695
      vertex 4.84624 1.75446 26.1695
    endloop
  endfacet
  facet normal -0.128949 0.0635901 0.98961
    outer loop
      vertex 1.58483 1.10572 26.1695
      vertex 1.45689 0.846282 26.1695
      vertex 2.01514 0.615047 26.2571
    endloop
  endfacet
  facet normal -0.136146 0.0462139 0.98961
    outer loop
      vertex 1.45689 0.846282 26.1695
      vertex 1.36391 0.572363 26.1695
      vertex 2.01514 0.615047 26.2571
    endloop
  endfacet
  facet normal -0.231064 -0.345817 0.909406
    outer loop
      vertex 1.6204 -3.25556 25.7539
      vertex 0.969167 -3.29825 25.5722
      vertex 1.42133 -3.60037 25.5722
    endloop
  endfacet
  facet normal -0.231064 -0.345814 0.909408
    outer loop
      vertex 1.21154 -2.98237 25.7539
      vertex 0.969167 -3.29825 25.5722
      vertex 1.6204 -3.25556 25.7539
    endloop
  endfacet
  facet normal -0.285821 -0.579594 0.763136
    outer loop
      vertex 1.25782 -3.88357 25.374
      vertex 1.13267 -4.10033 25.1625
      vertex 1.68813 -4.37425 25.1625
    endloop
  endfacet
  facet normal -0.351477 -0.712703 0.607058
    outer loop
      vertex 1.13267 -4.10033 25.1625
      vertex 1.04804 -4.24692 24.9414
      vertex 1.62335 -4.53064 24.9414
    endloop
  endfacet
  facet normal -0.288415 -0.431643 0.854693
    outer loop
      vertex 1.42133 -3.60037 25.5722
      vertex 0.770092 -3.55768 25.374
      vertex 1.25782 -3.88357 25.374
    endloop
  endfacet
  facet normal -0.255427 -0.75247 0.60708
    outer loop
      vertex 1.68813 -4.37425 25.1625
      vertex 1.62335 -4.53064 24.9414
      vertex 2.23077 -4.73683 24.9414
    endloop
  endfacet
  facet normal -0.126075 -0.63384 0.76312
    outer loop
      vertex 2.91467 -4.446 25.374
      vertex 2.27458 -4.57332 25.1625
      vertex 2.882 -4.69414 25.1625
    endloop
  endfacet
  facet normal -0.101281 -0.509158 0.854693
    outer loop
      vertex 2.424 -4.01569 25.5722
      vertex 2.33936 -4.33156 25.374
      vertex 2.91467 -4.446 25.374
    endloop
  endfacet
  facet normal -0.537341 -0.359037 0.763124
    outer loop
      vertex -0.383573 -2.24218 25.374
      vertex -0.600327 -2.36732 25.1625
      vertex -0.0576849 -2.72991 25.374
    endloop
  endfacet
  facet normal -0.660719 -0.441476 0.607083
    outer loop
      vertex -0.25625 -2.88227 25.1625
      vertex -0.600327 -2.36732 25.1625
      vertex -0.390546 -2.98532 24.9414
    endloop
  endfacet
  facet normal -0.659347 -0.751839 0
    outer loop
      vertex -0.0279636 -3.52796 24.6
      vertex 0.462709 -3.95827 24.7145
      vertex -0.0279636 -3.52796 24.7145
    endloop
  endfacet
  facet normal -0.659347 -0.751839 -0
    outer loop
      vertex 0.462709 -3.95827 24.7145
      vertex -0.0279636 -3.52796 24.6
      vertex 0.462709 -3.95827 24.6
    endloop
  endfacet
  facet normal -0.0886853 -0.0301017 0.995605
    outer loop
      vertex 2.5988 -0.373289 26.3164
      vertex 1.94757 -0.415973 26.2571
      vertex 2.01514 -0.615047 26.2571
    endloop
  endfacet
  facet normal -0.0452724 -0.00901046 0.998934
    outer loop
      vertex 3.17578 -0.0426836 26.3463
      vertex 2.55779 -0.252465 26.3164
      vertex 3.18413 -0.0846376 26.3463
    endloop
  endfacet
  facet normal -0.164951 -0.110217 0.980124
    outer loop
      vertex 1.58483 -1.10572 26.1695
      vertex 1.09431 -1.38893 26.0551
      vertex 1.29618 -1.69105 26.0551
    endloop
  endfacet
  facet normal -0.0835672 -0.24618 0.965615
    outer loop
      vertex 2.43696 -2.5664 26.0551
      vertex 2.2384 -3.04578 25.9157
      vertex 2.78104 -2.6832 26.0551
    endloop
  endfacet
  facet normal -0.0301008 -0.0886854 0.995605
    outer loop
      vertex 3.12671 -0.901199 26.3164
      vertex 2.88495 -1.48486 26.2571
      vertex 3.08403 -1.55243 26.2571
    endloop
  endfacet
  facet normal -0.0280475 -0.141013 0.98961
    outer loop
      vertex 3.08403 -1.55243 26.2571
      vertex 2.92764 -2.13609 26.1695
      vertex 3.21135 -2.19252 26.1695
    endloop
  endfacet
  facet normal 0.0387033 -0.19457 0.980125
    outer loop
      vertex 4.21896 -2.6832 26.0551
      vertex 3.78865 -2.19252 26.1695
      vertex 3.86258 -2.75409 26.0551
    endloop
  endfacet
  facet normal 0.0637669 -0.187858 0.980124
    outer loop
      vertex 4.34628 -2.04311 26.1695
      vertex 4.07236 -2.13609 26.1695
      vertex 4.56304 -2.5664 26.0551
    endloop
  endfacet
  facet normal -0.0204136 -0.0414012 0.998934
    outer loop
      vertex 3.33649 -0.283203 26.3463
      vertex 3.12671 -0.901199 26.3164
      vertex 3.37486 -0.302122 26.3463
    endloop
  endfacet
  facet normal -0.0414003 -0.0204151 0.998934
    outer loop
      vertex 3.2168 -0.163507 26.3463
      vertex 2.5988 -0.373289 26.3164
      vertex 2.65523 -0.487725 26.3164
    endloop
  endfacet
  facet normal -0.0347054 -0.0304361 0.998934
    outer loop
      vertex 3.26876 -0.231235 26.3463
      vertex 2.72612 -0.593817 26.3164
      vertex 2.81025 -0.689748 26.3164
    endloop
  endfacet
  facet normal -0.0452732 -0.00900805 0.998934
    outer loop
      vertex 3.17578 -0.0426836 26.3463
      vertex 2.53289 -0.127321 26.3164
      vertex 2.55779 -0.252465 26.3164
    endloop
  endfacet
  facet normal -0.0886853 -0.0301015 0.995605
    outer loop
      vertex 2.55779 -0.252465 26.3164
      vertex 1.94757 -0.415973 26.2571
      vertex 2.5988 -0.373289 26.3164
    endloop
  endfacet
  facet normal 0.0301054 -0.0886851 0.995605
    outer loop
      vertex 3.87329 -0.901199 26.3164
      vertex 3.75247 -0.942213 26.3164
      vertex 3.91597 -1.55243 26.2571
    endloop
  endfacet
  facet normal 0.0886853 -0.0301017 0.995605
    outer loop
      vertex 5.05243 -0.415973 26.2571
      vertex 4.4012 -0.373289 26.3164
      vertex 4.98486 -0.615047 26.2571
    endloop
  endfacet
  facet normal 0.0452732 -0.00900805 0.998934
    outer loop
      vertex 4.46711 -0.127321 26.3164
      vertex 3.82422 -0.0426836 26.3463
      vertex 4.44221 -0.252465 26.3164
    endloop
  endfacet
  facet normal 0.141013 -0.0280473 0.98961
    outer loop
      vertex 5.69252 -0.288651 26.1695
      vertex 5.05243 -0.415973 26.2571
      vertex 5.63609 -0.572363 26.1695
    endloop
  endfacet
  facet normal 0.0886853 -0.0301015 0.995605
    outer loop
      vertex 4.44221 -0.252465 26.3164
      vertex 4.4012 -0.373289 26.3164
      vertex 5.05243 -0.415973 26.2571
    endloop
  endfacet
  facet normal 0.083996 0.0414253 0.995605
    outer loop
      vertex 4.89187 0.803598 26.2571
      vertex 4.34477 0.487725 26.3164
      vertex 4.98486 0.615047 26.2571
    endloop
  endfacet
  facet normal 0.0414003 -0.0204151 0.998934
    outer loop
      vertex 4.4012 -0.373289 26.3164
      vertex 3.7832 -0.163507 26.3463
      vertex 4.34477 -0.487725 26.3164
    endloop
  endfacet
  facet normal 0.0280475 -0.141013 0.98961
    outer loop
      vertex 3.91597 -1.55243 26.2571
      vertex 3.78865 -2.19252 26.1695
      vertex 4.07236 -2.13609 26.1695
    endloop
  endfacet
  facet normal 0.0778716 -0.0520329 0.995605
    outer loop
      vertex 4.89187 -0.803598 26.2571
      vertex 4.34477 -0.487725 26.3164
      vertex 4.77507 -0.978399 26.2571
    endloop
  endfacet
  facet normal -0.229609 -0.465596 0.854693
    outer loop
      vertex 1.42133 -3.60037 25.5722
      vertex 1.25782 -3.88357 25.374
      vertex 1.90905 -3.84089 25.5722
    endloop
  endfacet
  facet normal -0.229609 -0.465599 0.854692
    outer loop
      vertex 1.90905 -3.84089 25.5722
      vertex 1.25782 -3.88357 25.374
      vertex 1.78391 -4.14301 25.374
    endloop
  endfacet
  facet normal 0.0216394 -0.330156 0.943678
    outer loop
      vertex 3.5 -3.29673 25.9157
      vertex 3.5 -3.7592 25.7539
      vertex 3.99067 -3.72704 25.7539
    endloop
  endfacet
  facet normal -0.0798765 -0.119544 0.989611
    outer loop
      vertex 2.5216 -1.27507 26.2571
      vertex 2.15376 -1.75446 26.1695
      vertex 2.39428 -1.91517 26.1695
    endloop
  endfacet
  facet normal 0.537334 -0.359034 0.76313
    outer loop
      vertex 7.38357 -2.24218 25.374
      vertex 7.05768 -2.72991 25.374
      vertex 7.60033 -2.36732 25.1625
    endloop
  endfacet
  facet normal 0.431644 -0.288415 0.854693
    outer loop
      vertex 7.10037 -2.07867 25.5722
      vertex 7.05768 -2.72991 25.374
      vertex 7.38357 -2.24218 25.374
    endloop
  endfacet
  facet normal 0.934188 0.0612391 0.351486
    outer loop
      vertex 8.44661 0.651233 24.7145
      vertex 8.36197 0.64009 24.9414
      vertex 8.40393 0 24.9414
    endloop
  endfacet
  facet normal 0.934203 0.0612251 0.351448
    outer loop
      vertex 8.44661 0.651233 24.7145
      vertex 8.40393 0 24.9414
      vertex 8.48929 0 24.7145
    endloop
  endfacet
  facet normal 0.997859 0.0653969 0
    outer loop
      vertex 8.48929 0 24.7145
      vertex 8.44661 0.651233 24.6
      vertex 8.44661 0.651233 24.7145
    endloop
  endfacet
  facet normal 0.997859 0.0653969 0
    outer loop
      vertex 8.44661 0.651233 24.6
      vertex 8.48929 0 24.7145
      vertex 8.48929 0 24.6
    endloop
  endfacet
  facet normal 0.442285 -0.896874 0
    outer loop
      vertex 5.40932 -4.60951 24.6
      vertex 5.99465 -4.32086 24.7145
      vertex 5.40932 -4.60951 24.7145
    endloop
  endfacet
  facet normal 0.442285 -0.896874 0
    outer loop
      vertex 5.99465 -4.32086 24.7145
      vertex 5.40932 -4.60951 24.6
      vertex 5.99465 -4.32086 24.6
    endloop
  endfacet
  facet normal 0.414065 -0.83965 0.35148
    outer loop
      vertex 5.99465 -4.32086 24.7145
      vertex 5.37665 -4.53064 24.9414
      vertex 5.40932 -4.60951 24.7145
    endloop
  endfacet
  facet normal -0.0612254 -0.934203 0.351448
    outer loop
      vertex 3.5 -4.90393 24.9414
      vertex 2.84877 -4.94661 24.7145
      vertex 3.5 -4.98929 24.7145
    endloop
  endfacet
  facet normal 0.0653972 -0.997859 0
    outer loop
      vertex 3.5 -4.98929 24.6
      vertex 4.15123 -4.94661 24.7145
      vertex 3.5 -4.98929 24.7145
    endloop
  endfacet
  facet normal 0.0653972 -0.997859 0
    outer loop
      vertex 4.15123 -4.94661 24.7145
      vertex 3.5 -4.98929 24.6
      vertex 4.15123 -4.94661 24.6
    endloop
  endfacet
  facet normal 0.414073 -0.839631 0.351516
    outer loop
      vertex 5.95196 -4.24692 24.9414
      vertex 5.37665 -4.53064 24.9414
      vertex 5.99465 -4.32086 24.7145
    endloop
  endfacet
  facet normal 0.520105 -0.778413 0.351517
    outer loop
      vertex 6.48532 -3.89055 24.9414
      vertex 5.95196 -4.24692 24.9414
      vertex 5.99465 -4.32086 24.7145
    endloop
  endfacet
  facet normal 0.207726 -0.611951 0.763129
    outer loop
      vertex 5.31187 -4.37425 25.1625
      vertex 4.66064 -4.33156 25.374
      vertex 4.72542 -4.57332 25.1625
    endloop
  endfacet
  facet normal 0.255425 -0.752468 0.607084
    outer loop
      vertex 5.31187 -4.37425 25.1625
      vertex 4.72542 -4.57332 25.1625
      vertex 4.76923 -4.73683 24.9414
    endloop
  endfacet
  facet normal 0.146338 -0.296742 0.943679
    outer loop
      vertex 5.14836 -2.85505 25.9157
      vertex 4.7616 -3.04578 25.9157
      vertex 5.3796 -3.25556 25.7539
    endloop
  endfacet
  facet normal 0.146338 -0.296741 0.943679
    outer loop
      vertex 5.3796 -3.25556 25.7539
      vertex 4.7616 -3.04578 25.9157
      vertex 4.93858 -3.47305 25.7539
    endloop
  endfacet
  facet normal 0.288414 -0.431648 0.854691
    outer loop
      vertex 6.03083 -3.29825 25.5722
      vertex 5.57867 -3.60037 25.5722
      vertex 6.22991 -3.55768 25.374
    endloop
  endfacet
  facet normal 0.342289 -0.390306 0.854692
    outer loop
      vertex 6.43969 -2.93969 25.5722
      vertex 6.03083 -3.29825 25.5722
      vertex 6.22991 -3.55768 25.374
    endloop
  endfacet
  facet normal 0.75247 -0.255427 0.60708
    outer loop
      vertex 8.23683 -1.26923 24.9414
      vertex 7.87425 -1.81187 25.1625
      vertex 8.03064 -1.87665 24.9414
    endloop
  endfacet
  facet normal 0.71269 -0.351463 0.60708
    outer loop
      vertex 7.87425 -1.81187 25.1625
      vertex 7.60033 -2.36732 25.1625
      vertex 8.03064 -1.87665 24.9414
    endloop
  endfacet
  facet normal -0.0612391 -0.934188 0.351485
    outer loop
      vertex 2.85991 -4.86197 24.9414
      vertex 2.84877 -4.94661 24.7145
      vertex 3.5 -4.90393 24.9414
    endloop
  endfacet
  facet normal 0.0612254 -0.934203 0.351448
    outer loop
      vertex 3.5 -4.90393 24.9414
      vertex 3.5 -4.98929 24.7145
      vertex 4.15123 -4.94661 24.7145
    endloop
  endfacet
  facet normal 0.149154 -0.130804 0.980124
    outer loop
      vertex 5.70382 -1.69105 26.0551
      vertex 5.06373 -1.56373 26.1695
      vertex 5.46424 -1.96424 26.0551
    endloop
  endfacet
  facet normal 0.130803 -0.149155 0.980124
    outer loop
      vertex 5.06373 -1.56373 26.1695
      vertex 4.84624 -1.75446 26.1695
      vertex 5.19105 -2.20382 26.0551
    endloop
  endfacet
  facet normal -0.10635 -0.313302 0.94368
    outer loop
      vertex 2.64674 -3.18439 25.9157
      vertex 2.2384 -3.04578 25.9157
      vertex 2.52705 -3.63111 25.7539
    endloop
  endfacet
  facet normal 0.0272015 -0.415017 0.909407
    outer loop
      vertex 3.5 -3.7592 25.7539
      vertex 3.5 -4.15735 25.5722
      vertex 3.99067 -3.72704 25.7539
    endloop
  endfacet
  facet normal 0.0645476 -0.324502 0.94368
    outer loop
      vertex 4.35326 -3.18439 25.9157
      vertex 3.93031 -3.26852 25.9157
      vertex 4.47295 -3.63111 25.7539
    endloop
  endfacet
  facet normal 0.10635 -0.313302 0.94368
    outer loop
      vertex 4.7616 -3.04578 25.9157
      vertex 4.35326 -3.18439 25.9157
      vertex 4.47295 -3.63111 25.7539
    endloop
  endfacet
  facet normal -0.00940391 -0.143469 0.98961
    outer loop
      vertex 3.5 -1.6072 26.2571
      vertex 3.21135 -2.19252 26.1695
      vertex 3.5 -2.21144 26.1695
    endloop
  endfacet
  facet normal -0.0387033 -0.19457 0.980125
    outer loop
      vertex 3.21135 -2.19252 26.1695
      vertex 2.78104 -2.6832 26.0551
      vertex 3.13742 -2.75409 26.0551
    endloop
  endfacet
  facet normal 0.0422614 -0.644861 0.763131
    outer loop
      vertex 3.5 -4.48436 25.374
      vertex 3.5 -4.73465 25.1625
      vertex 4.08533 -4.446 25.374
    endloop
  endfacet
  facet normal 0.0422715 -0.644873 0.76312
    outer loop
      vertex 4.08533 -4.446 25.374
      vertex 3.5 -4.73465 25.1625
      vertex 4.118 -4.69414 25.1625
    endloop
  endfacet
  facet normal 0.275103 -0.183816 0.943679
    outer loop
      vertex 6.35505 -1.64836 25.9157
      vertex 6.11547 -2.00692 25.9157
      vertex 6.75556 -1.8796 25.7539
    endloop
  endfacet
  facet normal 0.177926 -0.087743 0.980124
    outer loop
      vertex 6.0664 -1.06304 26.0551
      vertex 5.41517 -1.10572 26.1695
      vertex 5.90569 -1.38893 26.0551
    endloop
  endfacet
  facet normal 0.187856 -0.063769 0.980124
    outer loop
      vertex 6.1832 -0.718961 26.0551
      vertex 5.63609 -0.572363 26.1695
      vertex 6.0664 -1.06304 26.0551
    endloop
  endfacet
  facet normal 0.187858 -0.0637671 0.980124
    outer loop
      vertex 5.63609 -0.572363 26.1695
      vertex 5.54311 -0.846282 26.1695
      vertex 6.0664 -1.06304 26.0551
    endloop
  endfacet
  facet normal 0.218157 -0.248752 0.943679
    outer loop
      vertex 6.15815 -2.65815 25.7539
      vertex 5.50692 -2.61547 25.9157
      vertex 5.78846 -2.98237 25.7539
    endloop
  endfacet
  facet normal 0.183817 -0.275103 0.943679
    outer loop
      vertex 5.50692 -2.61547 25.9157
      vertex 5.3796 -3.25556 25.7539
      vertex 5.78846 -2.98237 25.7539
    endloop
  endfacet
  facet normal 0.296742 -0.146338 0.943679
    outer loop
      vertex 6.54578 -1.2616 25.9157
      vertex 6.35505 -1.64836 25.9157
      vertex 6.75556 -1.8796 25.7539
    endloop
  endfacet
  facet normal 0.312697 -0.274227 0.909406
    outer loop
      vertex 6.48237 -2.28846 25.7539
      vertex 6.43969 -2.93969 25.5722
      vertex 6.79825 -2.53083 25.5722
    endloop
  endfacet
  facet normal 0.177926 0.087743 0.980124
    outer loop
      vertex 5.90569 1.38893 26.0551
      vertex 5.41517 1.10572 26.1695
      vertex 6.0664 1.06304 26.0551
    endloop
  endfacet
  facet normal 0.246183 0.0835652 0.965614
    outer loop
      vertex 6.54578 1.2616 25.9157
      vertex 6.1832 0.718961 26.0551
      vertex 6.68439 0.853256 25.9157
    endloop
  endfacet
  facet normal 0.248752 0.218157 0.943679
    outer loop
      vertex 6.15815 2.65815 25.7539
      vertex 6.11547 2.00692 25.9157
      vertex 6.48237 2.28846 25.7539
    endloop
  endfacet
  facet normal 0.296742 0.146338 0.943679
    outer loop
      vertex 6.75556 1.8796 25.7539
      vertex 6.35505 1.64836 25.9157
      vertex 6.54578 1.2616 25.9157
    endloop
  endfacet
  facet normal 0.195462 0.171414 0.965615
    outer loop
      vertex 5.83114 2.33114 25.9157
      vertex 5.46424 1.96424 26.0551
      vertex 6.11547 2.00692 25.9157
    endloop
  endfacet
  facet normal 0.218156 0.248762 0.943677
    outer loop
      vertex 6.15815 2.65815 25.7539
      vertex 5.50692 2.61547 25.9157
      vertex 5.83114 2.33114 25.9157
    endloop
  endfacet
  facet normal 0.136146 0.0462139 0.98961
    outer loop
      vertex 5.54311 0.846282 26.1695
      vertex 4.98486 0.615047 26.2571
      vertex 5.63609 0.572363 26.1695
    endloop
  endfacet
  facet normal 0.0452732 0.00900805 0.998934
    outer loop
      vertex 4.44221 0.252465 26.3164
      vertex 3.82422 0.0426836 26.3463
      vertex 4.46711 0.127321 26.3164
    endloop
  endfacet
  facet normal 0.19457 0.0387034 0.980125
    outer loop
      vertex 6.1832 0.718961 26.0551
      vertex 5.69252 0.288651 26.1695
      vertex 6.25409 0.362582 26.0551
    endloop
  endfacet
  facet normal 0.197958 0.0129722 0.980125
    outer loop
      vertex 6.25409 0.362582 26.0551
      vertex 5.69252 0.288651 26.1695
      vertex 6.27785 0 26.0551
    endloop
  endfacet
  facet normal 0.0182738 0.0918545 0.995605
    outer loop
      vertex 3.70978 1.59345 26.2571
      vertex 3.62732 0.967106 26.3164
      vertex 3.91597 1.55243 26.2571
    endloop
  endfacet
  facet normal 0.0129756 0.197959 0.980124
    outer loop
      vertex 3.5 2.77785 26.0551
      vertex 3.5 2.21144 26.1695
      vertex 3.78865 2.19252 26.1695
    endloop
  endfacet
  facet normal 0.114986 0.233167 0.965615
    outer loop
      vertex 5.14836 2.85505 25.9157
      vertex 4.7616 3.04578 25.9157
      vertex 4.88893 2.40569 26.0551
    endloop
  endfacet
  facet normal 0.130804 0.149154 0.980124
    outer loop
      vertex 5.19105 2.20382 26.0551
      vertex 5.06373 1.56373 26.1695
      vertex 5.46424 1.96424 26.0551
    endloop
  endfacet
  facet normal -0.0170001 0.259423 0.965614
    outer loop
      vertex 3.5 2.77785 26.0551
      vertex 3.06969 3.26852 25.9157
      vertex 3.13742 2.75409 26.0551
    endloop
  endfacet
  facet normal 0.0835658 0.246182 0.965614
    outer loop
      vertex 4.35326 3.18439 25.9157
      vertex 4.21896 2.6832 26.0551
      vertex 4.7616 3.04578 25.9157
    endloop
  endfacet
  facet normal -0.0170068 0.259418 0.965615
    outer loop
      vertex 3.5 3.29673 25.9157
      vertex 3.06969 3.26852 25.9157
      vertex 3.5 2.77785 26.0551
    endloop
  endfacet
  facet normal -0.207728 0.611946 0.763133
    outer loop
      vertex 2.33936 4.33156 25.374
      vertex 1.68813 4.37425 25.1625
      vertex 1.78391 4.14301 25.374
    endloop
  endfacet
  facet normal -0.155022 0.77937 0.607084
    outer loop
      vertex 2.882 4.69414 25.1625
      vertex 2.23077 4.73683 24.9414
      vertex 2.27458 4.57332 25.1625
    endloop
  endfacet
  facet normal -0.155022 0.77937 0.607083
    outer loop
      vertex 2.85991 4.86197 24.9414
      vertex 2.23077 4.73683 24.9414
      vertex 2.882 4.69414 25.1625
    endloop
  endfacet
  facet normal -0.0422614 0.644861 0.763131
    outer loop
      vertex 3.5 4.73465 25.1625
      vertex 2.91467 4.446 25.374
      vertex 3.5 4.48436 25.374
    endloop
  endfacet
  facet normal 0.0422614 0.644861 0.763131
    outer loop
      vertex 3.5 4.73465 25.1625
      vertex 3.5 4.48436 25.374
      vertex 4.08533 4.446 25.374
    endloop
  endfacet
  facet normal 0.133689 0.393838 0.909406
    outer loop
      vertex 4.576 4.01569 25.5722
      vertex 4.47295 3.63111 25.7539
      vertex 5.09095 3.84089 25.5722
    endloop
  endfacet
  facet normal 0.166869 0.491586 0.854692
    outer loop
      vertex 5.21609 4.14301 25.374
      vertex 4.576 4.01569 25.5722
      vertex 5.09095 3.84089 25.5722
    endloop
  endfacet
  facet normal -0.414065 0.83965 0.35148
    outer loop
      vertex 1.59068 4.60951 24.7145
      vertex 1.00535 4.32086 24.7145
      vertex 1.62335 4.53064 24.9414
    endloop
  endfacet
  facet normal -0.182637 0.918206 0.351483
    outer loop
      vertex 2.84877 4.94661 24.7145
      vertex 2.23077 4.73683 24.9414
      vertex 2.85991 4.86197 24.9414
    endloop
  endfacet
  facet normal 0.101281 0.509158 0.854693
    outer loop
      vertex 4.66064 4.33156 25.374
      vertex 4.08533 4.446 25.374
      vertex 4.576 4.01569 25.5722
    endloop
  endfacet
  facet normal 0.16687 0.491583 0.854693
    outer loop
      vertex 4.66064 4.33156 25.374
      vertex 4.576 4.01569 25.5722
      vertex 5.21609 4.14301 25.374
    endloop
  endfacet
  facet normal 0.285828 0.579598 0.763131
    outer loop
      vertex 5.86732 4.10033 25.1625
      vertex 5.31187 4.37425 25.1625
      vertex 5.74218 3.88357 25.374
    endloop
  endfacet
  facet normal 0.359037 0.537335 0.763128
    outer loop
      vertex 6.38227 3.75625 25.1625
      vertex 5.86732 4.10033 25.1625
      vertex 6.22991 3.55768 25.374
    endloop
  endfacet
  facet normal 0.342294 0.390307 0.85469
    outer loop
      vertex 6.67092 3.17092 25.374
      vertex 6.22991 3.55768 25.374
      vertex 6.43969 2.93969 25.5722
    endloop
  endfacet
  facet normal 0.426104 0.485872 0.763128
    outer loop
      vertex 6.8479 3.3479 25.1625
      vertex 6.22991 3.55768 25.374
      vertex 6.67092 3.17092 25.374
    endloop
  endfacet
  facet normal 0.703875 0.617284 0.351455
    outer loop
      vertex 7.02796 3.52796 24.7145
      vertex 6.9676 3.4676 24.9414
      vertex 7.39055 2.98532 24.9414
    endloop
  endfacet
  facet normal 0.597434 0.523938 0.607093
    outer loop
      vertex 6.9676 3.4676 24.9414
      vertex 6.8479 3.3479 25.1625
      vertex 7.39055 2.98532 24.9414
    endloop
  endfacet
  facet normal 0.255425 0.752468 0.607084
    outer loop
      vertex 4.76923 4.73683 24.9414
      vertex 4.72542 4.57332 25.1625
      vertex 5.31187 4.37425 25.1625
    endloop
  endfacet
  facet normal 0.255427 0.75247 0.60708
    outer loop
      vertex 5.37665 4.53064 24.9414
      vertex 4.76923 4.73683 24.9414
      vertex 5.31187 4.37425 25.1625
    endloop
  endfacet
  facet normal -0.520103 0.778414 0.351517
    outer loop
      vertex 1.00535 4.32086 24.7145
      vertex 0.514678 3.89055 24.9414
      vertex 1.04804 4.24692 24.9414
    endloop
  endfacet
  facet normal -0.441479 0.660741 0.607057
    outer loop
      vertex 1.04804 4.24692 24.9414
      vertex 0.514678 3.89055 24.9414
      vertex 1.13267 4.10033 25.1625
    endloop
  endfacet
  facet normal -0.390304 0.342293 0.854692
    outer loop
      vertex 0.329076 3.17092 25.374
      vertex -0.0576849 2.72991 25.374
      vertex 0.56031 2.93969 25.5722
    endloop
  endfacet
  facet normal -0.288415 0.431651 0.854689
    outer loop
      vertex 1.42133 3.60037 25.5722
      vertex 0.770092 3.55768 25.374
      vertex 0.969167 3.29825 25.5722
    endloop
  endfacet
  facet normal -0.216164 0.144436 0.965615
    outer loop
      vertex 1.29618 1.69105 26.0551
      vertex 0.644948 1.64836 25.9157
      vertex 1.09431 1.38893 26.0551
    endloop
  endfacet
  facet normal -0.195461 0.171414 0.965615
    outer loop
      vertex 1.16886 2.33114 25.9157
      vertex 0.884528 2.00692 25.9157
      vertex 1.53576 1.96424 26.0551
    endloop
  endfacet
  facet normal -0.130804 0.149154 0.980124
    outer loop
      vertex 1.80895 2.20382 26.0551
      vertex 1.53576 1.96424 26.0551
      vertex 1.93627 1.56373 26.1695
    endloop
  endfacet
  facet normal -0.119545 0.0798775 0.98961
    outer loop
      vertex 1.74554 1.34624 26.1695
      vertex 1.58483 1.10572 26.1695
      vertex 2.22492 0.978399 26.2571
    endloop
  endfacet
  facet normal 0.518026 0.0339564 0.854691
    outer loop
      vertex 7.98436 0 25.374
      vertex 7.62178 0.542643 25.5722
      vertex 7.65735 0 25.5722
    endloop
  endfacet
  facet normal 0.518026 -0.0339564 0.854691
    outer loop
      vertex 7.65735 0 25.5722
      vertex 7.62178 -0.542643 25.5722
      vertex 7.98436 0 25.374
    endloop
  endfacet
  facet normal 0.509154 0.101276 0.854696
    outer loop
      vertex 7.946 0.585326 25.374
      vertex 7.51569 1.076 25.5722
      vertex 7.62178 0.542643 25.5722
    endloop
  endfacet
  facet normal 0.40792 0.0811393 0.909405
    outer loop
      vertex 7.51569 1.076 25.5722
      vertex 7.13111 0.972952 25.7539
      vertex 7.62178 0.542643 25.5722
    endloop
  endfacet
  facet normal 0.980786 -0.195089 0
    outer loop
      vertex 8.31929 -1.29132 24.7145
      vertex 8.44661 -0.651233 24.6
      vertex 8.44661 -0.651233 24.7145
    endloop
  endfacet
  facet normal 0.980786 -0.195089 0
    outer loop
      vertex 8.44661 -0.651233 24.6
      vertex 8.31929 -1.29132 24.7145
      vertex 8.31929 -1.29132 24.6
    endloop
  endfacet
  facet normal 0.75247 0.255427 0.60708
    outer loop
      vertex 8.03064 1.87665 24.9414
      vertex 7.87425 1.81187 25.1625
      vertex 8.23683 1.26923 24.9414
    endloop
  endfacet
  facet normal 0.441476 0.660712 0.60709
    outer loop
      vertex 6.48532 3.89055 24.9414
      vertex 5.86732 4.10033 25.1625
      vertex 6.38227 3.75625 25.1625
    endloop
  endfacet
  facet normal 0.523941 0.597435 0.60709
    outer loop
      vertex 6.48532 3.89055 24.9414
      vertex 6.38227 3.75625 25.1625
      vertex 6.8479 3.3479 25.1625
    endloop
  endfacet
  facet normal 0.414065 0.83965 0.35148
    outer loop
      vertex 5.40932 4.60951 24.7145
      vertex 5.37665 4.53064 24.9414
      vertex 5.99465 4.32086 24.7145
    endloop
  endfacet
  facet normal -0.465591 -0.229607 0.854696
    outer loop
      vertex -0.340888 -1.59095 25.5722
      vertex -0.383573 -2.24218 25.374
      vertex -0.100368 -2.07867 25.5722
    endloop
  endfacet
  facet normal -0.491581 -0.16687 0.854695
    outer loop
      vertex -0.51569 -1.076 25.5722
      vertex -0.831562 -1.16064 25.374
      vertex -0.643011 -1.71609 25.374
    endloop
  endfacet
  facet normal -0.246179 -0.083567 0.965615
    outer loop
      vertex 0.816801 -0.718961 26.0551
      vertex 0.315604 -0.853256 25.9157
      vertex 0.454219 -1.2616 25.9157
    endloop
  endfacet
  facet normal -0.254981 -0.0507186 0.965615
    outer loop
      vertex 0.816801 -0.718961 26.0551
      vertex 0.231475 -0.430309 25.9157
      vertex 0.315604 -0.853256 25.9157
    endloop
  endfacet
  facet normal -0.248759 -0.218155 0.943677
    outer loop
      vertex 0.884528 -2.00692 25.9157
      vertex 0.841845 -2.65815 25.7539
      vertex 1.16886 -2.33114 25.9157
    endloop
  endfacet
  facet normal -0.218155 -0.24876 0.943677
    outer loop
      vertex 1.16886 -2.33114 25.9157
      vertex 0.841845 -2.65815 25.7539
      vertex 1.49308 -2.61547 25.9157
    endloop
  endfacet
  facet normal -0.216164 -0.144436 0.965615
    outer loop
      vertex 1.09431 -1.38893 26.0551
      vertex 0.644948 -1.64836 25.9157
      vertex 1.29618 -1.69105 26.0551
    endloop
  endfacet
  facet normal -0.233166 -0.114985 0.965615
    outer loop
      vertex 1.09431 -1.38893 26.0551
      vertex 0.454219 -1.2616 25.9157
      vertex 0.644948 -1.64836 25.9157
    endloop
  endfacet
  facet normal -0.275103 -0.183817 0.943679
    outer loop
      vertex 0.884528 -2.00692 25.9157
      vertex 0.244437 -1.8796 25.7539
      vertex 0.517627 -2.28846 25.7539
    endloop
  endfacet
  facet normal -0.345819 -0.231068 0.909405
    outer loop
      vertex 0.244437 -1.8796 25.7539
      vertex 0.201754 -2.53083 25.5722
      vertex 0.517627 -2.28846 25.7539
    endloop
  endfacet
  facet normal -0.831469 0.555572 0
    outer loop
      vertex -0.820855 2.49465 24.6
      vertex -0.458273 3.03729 24.7145
      vertex -0.458273 3.03729 24.6
    endloop
  endfacet
  facet normal -0.831469 0.555572 0
    outer loop
      vertex -0.458273 3.03729 24.7145
      vertex -0.820855 2.49465 24.6
      vertex -0.820855 2.49465 24.7145
    endloop
  endfacet
  facet normal 0.083997 0.0414201 0.995605
    outer loop
      vertex 4.98486 0.615047 26.2571
      vertex 4.34477 0.487725 26.3164
      vertex 4.4012 0.373289 26.3164
    endloop
  endfacet
  facet normal 0.0460615 0.0030108 0.998934
    outer loop
      vertex 4.47545 0 26.3164
      vertex 3.82422 0.0426836 26.3463
      vertex 3.82701 0 26.3463
    endloop
  endfacet
  facet normal 0.0617498 0.0704147 0.995605
    outer loop
      vertex 4.4784 1.27507 26.2571
      vertex 4.18975 0.689748 26.3164
      vertex 4.63646 1.13646 26.2571
    endloop
  endfacet
  facet normal 0.130803 0.149155 0.980124
    outer loop
      vertex 5.19105 2.20382 26.0551
      vertex 4.84624 1.75446 26.1695
      vertex 5.06373 1.56373 26.1695
    endloop
  endfacet
  facet normal 0.0304358 0.0347051 0.998934
    outer loop
      vertex 4.09382 0.773877 26.3164
      vertex 3.73123 0.231235 26.3463
      vertex 4.18975 0.689748 26.3164
    endloop
  endfacet
  facet normal 0.0704138 0.0617518 0.995605
    outer loop
      vertex 4.77507 0.978399 26.2571
      vertex 4.18975 0.689748 26.3164
      vertex 4.27388 0.593817 26.3164
    endloop
  endfacet
  facet normal -0.149154 0.130804 0.980124
    outer loop
      vertex 1.53576 1.96424 26.0551
      vertex 1.29618 1.69105 26.0551
      vertex 1.93627 1.56373 26.1695
    endloop
  endfacet
  facet normal -0.0778703 0.0520325 0.995605
    outer loop
      vertex 2.72612 0.593817 26.3164
      vertex 2.22492 0.978399 26.2571
      vertex 2.65523 0.487725 26.3164
    endloop
  endfacet
  facet normal 0.106352 0.313303 0.943679
    outer loop
      vertex 4.93858 3.47305 25.7539
      vertex 4.47295 3.63111 25.7539
      vertex 4.7616 3.04578 25.9157
    endloop
  endfacet
  facet normal 0.146338 0.296741 0.943679
    outer loop
      vertex 4.93858 3.47305 25.7539
      vertex 4.7616 3.04578 25.9157
      vertex 5.3796 3.25556 25.7539
    endloop
  endfacet
  facet normal -0.12608 0.633828 0.763129
    outer loop
      vertex 2.91467 4.446 25.374
      vertex 2.27458 4.57332 25.1625
      vertex 2.33936 4.33156 25.374
    endloop
  endfacet
  facet normal -0.133689 0.393838 0.909406
    outer loop
      vertex 2.424 4.01569 25.5722
      vertex 1.90905 3.84089 25.5722
      vertex 2.52705 3.63111 25.7539
    endloop
  endfacet
  facet normal -0.0645476 0.324502 0.94368
    outer loop
      vertex 3.06969 3.26852 25.9157
      vertex 2.52705 3.63111 25.7539
      vertex 2.64674 3.18439 25.9157
    endloop
  endfacet
  facet normal 0.0645468 0.324503 0.94368
    outer loop
      vertex 3.99067 3.72704 25.7539
      vertex 3.93031 3.26852 25.9157
      vertex 4.47295 3.63111 25.7539
    endloop
  endfacet
  facet normal -0.194573 -0.0387004 0.980124
    outer loop
      vertex 1.30748 -0.288651 26.1695
      vertex 0.816801 -0.718961 26.0551
      vertex 1.36391 -0.572363 26.1695
    endloop
  endfacet
  facet normal -0.136146 -0.0462109 0.98961
    outer loop
      vertex 1.94757 -0.415973 26.2571
      vertex 1.36391 -0.572363 26.1695
      vertex 2.01514 -0.615047 26.2571
    endloop
  endfacet
  facet normal -0.415017 -0.0272013 0.909407
    outer loop
      vertex -0.259198 0 25.7539
      vertex -0.657348 0 25.5722
      vertex -0.227038 -0.490673 25.7539
    endloop
  endfacet
  facet normal -0.330156 -0.0216393 0.943678
    outer loop
      vertex 0.203271 0 25.9157
      vertex -0.259198 0 25.7539
      vertex -0.227038 -0.490673 25.7539
    endloop
  endfacet
  facet normal -0.246179 0.083567 0.965615
    outer loop
      vertex 0.454219 1.2616 25.9157
      vertex 0.315604 0.853256 25.9157
      vertex 0.816801 0.718961 26.0551
    endloop
  endfacet
  facet normal -0.313306 0.106354 0.943678
    outer loop
      vertex 0.454219 1.2616 25.9157
      vertex -0.131107 0.972952 25.7539
      vertex 0.315604 0.853256 25.9157
    endloop
  endfacet
  facet normal -0.143469 -0.00940387 0.98961
    outer loop
      vertex 1.8928 0 26.2571
      vertex 1.28856 0 26.1695
      vertex 1.30748 -0.288651 26.1695
    endloop
  endfacet
  facet normal -0.143469 -0.00940363 0.98961
    outer loop
      vertex 1.8928 0 26.2571
      vertex 1.30748 -0.288651 26.1695
      vertex 1.90655 -0.209781 26.2571
    endloop
  endfacet
  facet normal -0.0934549 0.00612165 0.995605
    outer loop
      vertex 2.53289 0.127321 26.3164
      vertex 1.90655 0.209781 26.2571
      vertex 2.52455 0 26.3164
    endloop
  endfacet
  facet normal -0.0918551 0.0182737 0.995605
    outer loop
      vertex 1.94757 0.415973 26.2571
      vertex 1.90655 0.209781 26.2571
      vertex 2.53289 0.127321 26.3164
    endloop
  endfacet
  facet normal -0.0256458 0.0383806 0.998934
    outer loop
      vertex 3.01227 0.844766 26.3164
      vertex 2.90618 0.773877 26.3164
      vertex 3.30093 0.259439 26.3463
    endloop
  endfacet
  facet normal -0.00612529 0.0934539 0.995605
    outer loop
      vertex 3.5 0.975451 26.3164
      vertex 3.29022 1.59345 26.2571
      vertex 3.37268 0.967106 26.3164
    endloop
  endfacet
  facet normal -0.0437106 0.014838 0.998934
    outer loop
      vertex 3.19788 0.125143 26.3463
      vertex 2.5988 0.373289 26.3164
      vertex 3.18413 0.0846376 26.3463
    endloop
  endfacet
  facet normal -0.194572 0.0387021 0.980124
    outer loop
      vertex 0.816801 0.718961 26.0551
      vertex 0.745914 0.362582 26.0551
      vertex 1.30748 0.288651 26.1695
    endloop
  endfacet
  facet normal -0.141013 0.0280473 0.98961
    outer loop
      vertex 1.36391 0.572363 26.1695
      vertex 1.30748 0.288651 26.1695
      vertex 1.94757 0.415973 26.2571
    endloop
  endfacet
  facet normal -0.24618 0.0835661 0.965615
    outer loop
      vertex 0.933599 1.06304 26.0551
      vertex 0.454219 1.2616 25.9157
      vertex 0.816801 0.718961 26.0551
    endloop
  endfacet
  facet normal -0.187856 0.0637681 0.980124
    outer loop
      vertex 0.933599 1.06304 26.0551
      vertex 0.816801 0.718961 26.0551
      vertex 1.36391 0.572363 26.1695
    endloop
  endfacet
  facet normal -0.35903 -0.537326 0.763137
    outer loop
      vertex 1.25782 -3.88357 25.374
      vertex 0.770092 -3.55768 25.374
      vertex 1.13267 -4.10033 25.1625
    endloop
  endfacet
  facet normal -0.274227 -0.312695 0.909407
    outer loop
      vertex 1.21154 -2.98237 25.7539
      vertex 0.56031 -2.93969 25.5722
      vertex 0.969167 -3.29825 25.5722
    endloop
  endfacet
  facet normal -0.414073 -0.839631 0.351516
    outer loop
      vertex 1.04804 -4.24692 24.9414
      vertex 1.00535 -4.32086 24.7145
      vertex 1.62335 -4.53064 24.9414
    endloop
  endfacet
  facet normal -0.155022 -0.77937 0.607084
    outer loop
      vertex 2.27458 -4.57332 25.1625
      vertex 2.23077 -4.73683 24.9414
      vertex 2.882 -4.69414 25.1625
    endloop
  endfacet
  facet normal -0.207728 -0.611946 0.763133
    outer loop
      vertex 1.78391 -4.14301 25.374
      vertex 1.68813 -4.37425 25.1625
      vertex 2.33936 -4.33156 25.374
    endloop
  endfacet
  facet normal -0.288415 -0.431651 0.854689
    outer loop
      vertex 0.969167 -3.29825 25.5722
      vertex 0.770092 -3.55768 25.374
      vertex 1.42133 -3.60037 25.5722
    endloop
  endfacet
  facet normal -0.342293 -0.390308 0.85469
    outer loop
      vertex 0.969167 -3.29825 25.5722
      vertex 0.56031 -2.93969 25.5722
      vertex 0.770092 -3.55768 25.374
    endloop
  endfacet
  facet normal -0.0422614 -0.644861 0.763131
    outer loop
      vertex 3.5 -4.48436 25.374
      vertex 2.91467 -4.446 25.374
      vertex 3.5 -4.73465 25.1625
    endloop
  endfacet
  facet normal -0.0339486 -0.518017 0.854696
    outer loop
      vertex 2.95736 -4.12178 25.5722
      vertex 2.91467 -4.446 25.374
      vertex 3.5 -4.48436 25.374
    endloop
  endfacet
  facet normal -0.485872 -0.426104 0.763128
    outer loop
      vertex 0.329076 -3.17092 25.374
      vertex -0.0576849 -2.72991 25.374
      vertex 0.152096 -3.3479 25.1625
    endloop
  endfacet
  facet normal -0.390304 -0.342293 0.854692
    outer loop
      vertex 0.56031 -2.93969 25.5722
      vertex -0.0576849 -2.72991 25.374
      vertex 0.329076 -3.17092 25.374
    endloop
  endfacet
  facet normal -0.831469 -0.555572 0
    outer loop
      vertex -0.458273 -3.03729 24.6
      vertex -0.820855 -2.49465 24.7145
      vertex -0.820855 -2.49465 24.6
    endloop
  endfacet
  facet normal -0.831469 -0.555572 0
    outer loop
      vertex -0.820855 -2.49465 24.7145
      vertex -0.458273 -3.03729 24.6
      vertex -0.458273 -3.03729 24.7145
    endloop
  endfacet
  facet normal -0.896871 -0.442291 0
    outer loop
      vertex -0.820855 -2.49465 24.6
      vertex -1.10951 -1.90932 24.7145
      vertex -1.10951 -1.90932 24.6
    endloop
  endfacet
  facet normal -0.896871 -0.442291 0
    outer loop
      vertex -1.10951 -1.90932 24.7145
      vertex -0.820855 -2.49465 24.6
      vertex -0.820855 -2.49465 24.7145
    endloop
  endfacet
  facet normal -0.0918538 -0.0182762 0.995605
    outer loop
      vertex 2.53289 -0.127321 26.3164
      vertex 1.94757 -0.415973 26.2571
      vertex 2.55779 -0.252465 26.3164
    endloop
  endfacet
  facet normal -0.0918551 -0.0182737 0.995605
    outer loop
      vertex 2.53289 -0.127321 26.3164
      vertex 1.90655 -0.209781 26.2571
      vertex 1.94757 -0.415973 26.2571
    endloop
  endfacet
  facet normal -0.108097 -0.0947969 0.98961
    outer loop
      vertex 2.22492 -0.978399 26.2571
      vertex 1.74554 -1.34624 26.1695
      vertex 1.93627 -1.56373 26.1695
    endloop
  endfacet
  facet normal -0.149154 -0.130804 0.980124
    outer loop
      vertex 1.93627 -1.56373 26.1695
      vertex 1.29618 -1.69105 26.0551
      vertex 1.53576 -1.96424 26.0551
    endloop
  endfacet
  facet normal -0.0778703 -0.0520325 0.995605
    outer loop
      vertex 2.65523 -0.487725 26.3164
      vertex 2.22492 -0.978399 26.2571
      vertex 2.72612 -0.593817 26.3164
    endloop
  endfacet
  facet normal -0.0347075 -0.0304329 0.998934
    outer loop
      vertex 3.24056 -0.199074 26.3463
      vertex 2.72612 -0.593817 26.3164
      vertex 3.26876 -0.231235 26.3463
    endloop
  endfacet
  facet normal -0.128949 -0.0635901 0.98961
    outer loop
      vertex 2.01514 -0.615047 26.2571
      vertex 1.45689 -0.846282 26.1695
      vertex 1.58483 -1.10572 26.1695
    endloop
  endfacet
  facet normal -0.136146 -0.0462139 0.98961
    outer loop
      vertex 2.01514 -0.615047 26.2571
      vertex 1.36391 -0.572363 26.1695
      vertex 1.45689 -0.846282 26.1695
    endloop
  endfacet
  facet normal -0.0204155 -0.0414005 0.998934
    outer loop
      vertex 3.33649 -0.283203 26.3463
      vertex 3.01227 -0.844766 26.3164
      vertex 3.12671 -0.901199 26.3164
    endloop
  endfacet
  facet normal -0.0182738 -0.0918545 0.995605
    outer loop
      vertex 3.37268 -0.967106 26.3164
      vertex 3.08403 -1.55243 26.2571
      vertex 3.29022 -1.59345 26.2571
    endloop
  endfacet
  facet normal -0.00301905 -0.0460618 0.998934
    outer loop
      vertex 3.45732 -0.324218 26.3463
      vertex 3.37268 -0.967106 26.3164
      vertex 3.5 -0.975451 26.3164
    endloop
  endfacet
  facet normal -0.00940368 -0.143469 0.98961
    outer loop
      vertex 3.29022 -1.59345 26.2571
      vertex 3.21135 -2.19252 26.1695
      vertex 3.5 -1.6072 26.2571
    endloop
  endfacet
  facet normal 0.130804 -0.149154 0.980124
    outer loop
      vertex 5.46424 -1.96424 26.0551
      vertex 5.06373 -1.56373 26.1695
      vertex 5.19105 -2.20382 26.0551
    endloop
  endfacet
  facet normal 0.0182707 -0.091856 0.995605
    outer loop
      vertex 3.75247 -0.942213 26.3164
      vertex 3.62732 -0.967106 26.3164
      vertex 3.91597 -1.55243 26.2571
    endloop
  endfacet
  facet normal -0.0170068 -0.259418 0.965615
    outer loop
      vertex 3.5 -2.77785 26.0551
      vertex 3.06969 -3.26852 25.9157
      vertex 3.5 -3.29673 25.9157
    endloop
  endfacet
  facet normal 0.0170001 -0.259423 0.965614
    outer loop
      vertex 3.86258 -2.75409 26.0551
      vertex 3.5 -2.77785 26.0551
      vertex 3.93031 -3.26852 25.9157
    endloop
  endfacet
  facet normal -0.00301862 -0.0460618 0.998934
    outer loop
      vertex 3.5 -0.327015 26.3463
      vertex 3.45732 -0.324218 26.3463
      vertex 3.5 -0.975451 26.3164
    endloop
  endfacet
  facet normal -0.0778735 -0.0520297 0.995605
    outer loop
      vertex 2.65523 -0.487725 26.3164
      vertex 2.10813 -0.803598 26.2571
      vertex 2.22492 -0.978399 26.2571
    endloop
  endfacet
  facet normal -0.0383808 -0.0256458 0.998934
    outer loop
      vertex 3.24056 -0.199074 26.3463
      vertex 2.65523 -0.487725 26.3164
      vertex 2.72612 -0.593817 26.3164
    endloop
  endfacet
  facet normal -0.070413 -0.0617511 0.995605
    outer loop
      vertex 2.72612 -0.593817 26.3164
      vertex 2.22492 -0.978399 26.2571
      vertex 2.81025 -0.689748 26.3164
    endloop
  endfacet
  facet normal -0.0617517 -0.0704138 0.995605
    outer loop
      vertex 2.81025 -0.689748 26.3164
      vertex 2.5216 -1.27507 26.2571
      vertex 2.90618 -0.773877 26.3164
    endloop
  endfacet
  facet normal 0.0256482 -0.0383794 0.998934
    outer loop
      vertex 3.69907 -0.259439 26.3463
      vertex 3.66351 -0.283203 26.3463
      vertex 3.98773 -0.844766 26.3164
    endloop
  endfacet
  facet normal 0.143469 -0.00940387 0.98961
    outer loop
      vertex 5.71144 0 26.1695
      vertex 5.1072 0 26.2571
      vertex 5.69252 -0.288651 26.1695
    endloop
  endfacet
  facet normal 0.197959 -0.0129755 0.980124
    outer loop
      vertex 5.71144 0 26.1695
      vertex 5.69252 -0.288651 26.1695
      vertex 6.27785 0 26.0551
    endloop
  endfacet
  facet normal 0.083996 -0.0414253 0.995605
    outer loop
      vertex 4.98486 -0.615047 26.2571
      vertex 4.34477 -0.487725 26.3164
      vertex 4.89187 -0.803598 26.2571
    endloop
  endfacet
  facet normal 0.0947959 -0.108096 0.989611
    outer loop
      vertex 5.06373 -1.56373 26.1695
      vertex 4.4784 -1.27507 26.2571
      vertex 4.84624 -1.75446 26.1695
    endloop
  endfacet
  facet normal 0.108097 -0.094795 0.98961
    outer loop
      vertex 4.77507 -0.978399 26.2571
      vertex 4.63646 -1.13646 26.2571
      vertex 5.06373 -1.56373 26.1695
    endloop
  endfacet
  facet normal 0.0704138 -0.0617518 0.995605
    outer loop
      vertex 4.27388 -0.593817 26.3164
      vertex 4.18975 -0.689748 26.3164
      vertex 4.77507 -0.978399 26.2571
    endloop
  endfacet
  facet normal 0.164951 -0.110217 0.980124
    outer loop
      vertex 5.90569 -1.38893 26.0551
      vertex 5.41517 -1.10572 26.1695
      vertex 5.70382 -1.69105 26.0551
    endloop
  endfacet
  facet normal 0.119543 -0.0798776 0.98961
    outer loop
      vertex 4.89187 -0.803598 26.2571
      vertex 4.77507 -0.978399 26.2571
      vertex 5.41517 -1.10572 26.1695
    endloop
  endfacet
  facet normal -0.146338 -0.296741 0.943679
    outer loop
      vertex 2.2384 -3.04578 25.9157
      vertex 1.6204 -3.25556 25.7539
      vertex 2.06142 -3.47305 25.7539
    endloop
  endfacet
  facet normal -0.183954 -0.373016 0.909407
    outer loop
      vertex 2.06142 -3.47305 25.7539
      vertex 1.6204 -3.25556 25.7539
      vertex 1.90905 -3.84089 25.5722
    endloop
  endfacet
  facet normal -0.146336 -0.296746 0.943678
    outer loop
      vertex 1.85163 -2.85505 25.9157
      vertex 1.6204 -3.25556 25.7539
      vertex 2.2384 -3.04578 25.9157
    endloop
  endfacet
  facet normal -0.114983 -0.233166 0.965615
    outer loop
      vertex 2.11107 -2.40569 26.0551
      vertex 1.85163 -2.85505 25.9157
      vertex 2.2384 -3.04578 25.9157
    endloop
  endfacet
  facet normal -0.087743 -0.177926 0.980124
    outer loop
      vertex 2.39428 -1.91517 26.1695
      vertex 2.11107 -2.40569 26.0551
      vertex 2.43696 -2.5664 26.0551
    endloop
  endfacet
  facet normal -0.144438 -0.216162 0.965615
    outer loop
      vertex 1.80895 -2.20382 26.0551
      vertex 1.49308 -2.61547 25.9157
      vertex 1.85163 -2.85505 25.9157
    endloop
  endfacet
  facet normal 0.390306 -0.342289 0.854692
    outer loop
      vertex 6.79825 -2.53083 25.5722
      vertex 6.43969 -2.93969 25.5722
      vertex 7.05768 -2.72991 25.374
    endloop
  endfacet
  facet normal 0.431648 -0.288414 0.854691
    outer loop
      vertex 7.10037 -2.07867 25.5722
      vertex 6.79825 -2.53083 25.5722
      vertex 7.05768 -2.72991 25.374
    endloop
  endfacet
  facet normal 0.485872 -0.426104 0.763128
    outer loop
      vertex 7.05768 -2.72991 25.374
      vertex 6.67092 -3.17092 25.374
      vertex 6.8479 -3.3479 25.1625
    endloop
  endfacet
  facet normal 0.390307 -0.342294 0.85469
    outer loop
      vertex 7.05768 -2.72991 25.374
      vertex 6.43969 -2.93969 25.5722
      vertex 6.67092 -3.17092 25.374
    endloop
  endfacet
  facet normal 0.839631 -0.414073 0.351516
    outer loop
      vertex 8.03064 -1.87665 24.9414
      vertex 7.74692 -2.45196 24.9414
      vertex 7.82086 -2.49465 24.7145
    endloop
  endfacet
  facet normal 0.778413 -0.520105 0.351517
    outer loop
      vertex 7.74692 -2.45196 24.9414
      vertex 7.39055 -2.98532 24.9414
      vertex 7.82086 -2.49465 24.7145
    endloop
  endfacet
  facet normal -0.18264 -0.918208 0.351476
    outer loop
      vertex 2.23077 -4.73683 24.9414
      vertex 2.20868 -4.81929 24.7145
      vertex 2.84877 -4.94661 24.7145
    endloop
  endfacet
  facet normal 0.0877425 -0.177926 0.980124
    outer loop
      vertex 4.60572 -1.91517 26.1695
      vertex 4.34628 -2.04311 26.1695
      vertex 4.56304 -2.5664 26.0551
    endloop
  endfacet
  facet normal 0.0835672 -0.24618 0.965615
    outer loop
      vertex 4.56304 -2.5664 26.0551
      vertex 4.21896 -2.6832 26.0551
      vertex 4.7616 -3.04578 25.9157
    endloop
  endfacet
  facet normal -0.0645468 -0.324503 0.94368
    outer loop
      vertex 3.06969 -3.26852 25.9157
      vertex 2.52705 -3.63111 25.7539
      vertex 3.00933 -3.72704 25.7539
    endloop
  endfacet
  facet normal -0.081139 -0.40792 0.909405
    outer loop
      vertex 3.00933 -3.72704 25.7539
      vertex 2.52705 -3.63111 25.7539
      vertex 2.95736 -4.12178 25.5722
    endloop
  endfacet
  facet normal -0.0645476 -0.324502 0.94368
    outer loop
      vertex 2.64674 -3.18439 25.9157
      vertex 2.52705 -3.63111 25.7539
      vertex 3.06969 -3.26852 25.9157
    endloop
  endfacet
  facet normal -0.0507193 -0.254983 0.965614
    outer loop
      vertex 2.78104 -2.6832 26.0551
      vertex 2.64674 -3.18439 25.9157
      vertex 3.06969 -3.26852 25.9157
    endloop
  endfacet
  facet normal 0.0129723 -0.197958 0.980125
    outer loop
      vertex 3.78865 -2.19252 26.1695
      vertex 3.5 -2.77785 26.0551
      vertex 3.86258 -2.75409 26.0551
    endloop
  endfacet
  facet normal 0.0129756 -0.197959 0.980124
    outer loop
      vertex 3.5 -2.21144 26.1695
      vertex 3.5 -2.77785 26.0551
      vertex 3.78865 -2.19252 26.1695
    endloop
  endfacet
  facet normal 0.16687 -0.491583 0.854693
    outer loop
      vertex 5.21609 -4.14301 25.374
      vertex 4.576 -4.01569 25.5722
      vertex 4.66064 -4.33156 25.374
    endloop
  endfacet
  facet normal 0.166869 -0.491586 0.854692
    outer loop
      vertex 5.09095 -3.84089 25.5722
      vertex 4.576 -4.01569 25.5722
      vertex 5.21609 -4.14301 25.374
    endloop
  endfacet
  facet normal 0.248752 -0.218157 0.943679
    outer loop
      vertex 6.48237 -2.28846 25.7539
      vertex 6.11547 -2.00692 25.9157
      vertex 6.15815 -2.65815 25.7539
    endloop
  endfacet
  facet normal 0.149155 -0.130803 0.980124
    outer loop
      vertex 5.25446 -1.34624 26.1695
      vertex 5.06373 -1.56373 26.1695
      vertex 5.70382 -1.69105 26.0551
    endloop
  endfacet
  facet normal 0.233167 -0.114986 0.965615
    outer loop
      vertex 6.54578 -1.2616 25.9157
      vertex 5.90569 -1.38893 26.0551
      vertex 6.35505 -1.64836 25.9157
    endloop
  endfacet
  facet normal 0.195462 -0.171415 0.965615
    outer loop
      vertex 5.70382 -1.69105 26.0551
      vertex 5.46424 -1.96424 26.0551
      vertex 6.11547 -2.00692 25.9157
    endloop
  endfacet
  facet normal 0.231065 -0.345815 0.909407
    outer loop
      vertex 5.78846 -2.98237 25.7539
      vertex 5.3796 -3.25556 25.7539
      vertex 6.03083 -3.29825 25.5722
    endloop
  endfacet
  facet normal 0.274227 -0.312697 0.909406
    outer loop
      vertex 6.43969 -2.93969 25.5722
      vertex 5.78846 -2.98237 25.7539
      vertex 6.03083 -3.29825 25.5722
    endloop
  endfacet
  facet normal 0.24618 0.0835674 0.965615
    outer loop
      vertex 6.54578 1.2616 25.9157
      vertex 6.0664 1.06304 26.0551
      vertex 6.1832 0.718961 26.0551
    endloop
  endfacet
  facet normal 0.233167 0.114984 0.965615
    outer loop
      vertex 6.54578 1.2616 25.9157
      vertex 5.90569 1.38893 26.0551
      vertex 6.0664 1.06304 26.0551
    endloop
  endfacet
  facet normal 0.345815 0.231065 0.909407
    outer loop
      vertex 6.79825 2.53083 25.5722
      vertex 6.48237 2.28846 25.7539
      vertex 6.75556 1.8796 25.7539
    endloop
  endfacet
  facet normal 0.312697 0.274227 0.909406
    outer loop
      vertex 6.79825 2.53083 25.5722
      vertex 6.43969 2.93969 25.5722
      vertex 6.48237 2.28846 25.7539
    endloop
  endfacet
  facet normal 0.164951 0.110217 0.980124
    outer loop
      vertex 5.70382 1.69105 26.0551
      vertex 5.25446 1.34624 26.1695
      vertex 5.41517 1.10572 26.1695
    endloop
  endfacet
  facet normal 0.164951 0.110217 0.980124
    outer loop
      vertex 5.70382 1.69105 26.0551
      vertex 5.41517 1.10572 26.1695
      vertex 5.90569 1.38893 26.0551
    endloop
  endfacet
  facet normal 0.0934537 0.00612538 0.995605
    outer loop
      vertex 5.09345 0.209781 26.2571
      vertex 4.47545 0 26.3164
      vertex 5.1072 0 26.2571
    endloop
  endfacet
  facet normal 0.0934549 0.00612165 0.995605
    outer loop
      vertex 5.09345 0.209781 26.2571
      vertex 4.46711 0.127321 26.3164
      vertex 4.47545 0 26.3164
    endloop
  endfacet
  facet normal 0.0798765 0.119544 0.989611
    outer loop
      vertex 4.60572 1.91517 26.1695
      vertex 4.4784 1.27507 26.2571
      vertex 4.84624 1.75446 26.1695
    endloop
  endfacet
  facet normal 0.0462139 0.136147 0.98961
    outer loop
      vertex 4.34628 2.04311 26.1695
      vertex 4.07236 2.13609 26.1695
      vertex 4.11505 1.48486 26.2571
    endloop
  endfacet
  facet normal 0.0129723 0.197958 0.980125
    outer loop
      vertex 3.86258 2.75409 26.0551
      vertex 3.5 2.77785 26.0551
      vertex 3.78865 2.19252 26.1695
    endloop
  endfacet
  facet normal -0.0129756 0.197959 0.980124
    outer loop
      vertex 3.5 2.77785 26.0551
      vertex 3.21135 2.19252 26.1695
      vertex 3.5 2.21144 26.1695
    endloop
  endfacet
  facet normal 0.0635937 0.128945 0.989611
    outer loop
      vertex 4.60572 1.91517 26.1695
      vertex 4.11505 1.48486 26.2571
      vertex 4.3036 1.39187 26.2571
    endloop
  endfacet
  facet normal 0.079878 0.119544 0.98961
    outer loop
      vertex 4.60572 1.91517 26.1695
      vertex 4.3036 1.39187 26.2571
      vertex 4.4784 1.27507 26.2571
    endloop
  endfacet
  facet normal -0.0811388 0.407919 0.909405
    outer loop
      vertex 2.95736 4.12178 25.5722
      vertex 2.424 4.01569 25.5722
      vertex 2.52705 3.63111 25.7539
    endloop
  endfacet
  facet normal -0.229609 0.465599 0.854692
    outer loop
      vertex 1.78391 4.14301 25.374
      vertex 1.25782 3.88357 25.374
      vertex 1.90905 3.84089 25.5722
    endloop
  endfacet
  facet normal -0.300929 0.886514 0.351474
    outer loop
      vertex 2.20868 4.81929 24.7145
      vertex 1.62335 4.53064 24.9414
      vertex 2.23077 4.73683 24.9414
    endloop
  endfacet
  facet normal -0.255427 0.75247 0.60708
    outer loop
      vertex 2.23077 4.73683 24.9414
      vertex 1.62335 4.53064 24.9414
      vertex 1.68813 4.37425 25.1625
    endloop
  endfacet
  facet normal -0.0216394 0.330156 0.943678
    outer loop
      vertex 3.5 3.7592 25.7539
      vertex 3.00933 3.72704 25.7539
      vertex 3.5 3.29673 25.9157
    endloop
  endfacet
  facet normal 0.0422715 0.644873 0.76312
    outer loop
      vertex 4.118 4.69414 25.1625
      vertex 3.5 4.73465 25.1625
      vertex 4.08533 4.446 25.374
    endloop
  endfacet
  facet normal -0.051977 0.792935 0.607085
    outer loop
      vertex 3.5 4.73465 25.1625
      vertex 2.85991 4.86197 24.9414
      vertex 2.882 4.69414 25.1625
    endloop
  endfacet
  facet normal -0.0422715 0.644873 0.76312
    outer loop
      vertex 3.5 4.73465 25.1625
      vertex 2.882 4.69414 25.1625
      vertex 2.91467 4.446 25.374
    endloop
  endfacet
  facet normal 0.441475 0.660732 0.60707
    outer loop
      vertex 5.95196 4.24692 24.9414
      vertex 5.86732 4.10033 25.1625
      vertex 6.48532 3.89055 24.9414
    endloop
  endfacet
  facet normal 0.351473 0.712696 0.607068
    outer loop
      vertex 5.95196 4.24692 24.9414
      vertex 5.37665 4.53064 24.9414
      vertex 5.86732 4.10033 25.1625
    endloop
  endfacet
  facet normal -0.345819 0.231068 0.909405
    outer loop
      vertex 0.201754 2.53083 25.5722
      vertex -0.100368 2.07867 25.5722
      vertex 0.244437 1.8796 25.7539
    endloop
  endfacet
  facet normal -0.275103 0.183817 0.943679
    outer loop
      vertex 0.517627 2.28846 25.7539
      vertex 0.244437 1.8796 25.7539
      vertex 0.884528 2.00692 25.9157
    endloop
  endfacet
  facet normal -0.233166 0.114985 0.965615
    outer loop
      vertex 0.644948 1.64836 25.9157
      vertex 0.454219 1.2616 25.9157
      vertex 1.09431 1.38893 26.0551
    endloop
  endfacet
  facet normal -0.164951 0.110217 0.980124
    outer loop
      vertex 1.29618 1.69105 26.0551
      vertex 1.09431 1.38893 26.0551
      vertex 1.58483 1.10572 26.1695
    endloop
  endfacet
  facet normal -0.195461 0.171414 0.965615
    outer loop
      vertex 1.53576 1.96424 26.0551
      vertex 0.884528 2.00692 25.9157
      vertex 1.29618 1.69105 26.0551
    endloop
  endfacet
  facet normal -0.216164 0.144435 0.965615
    outer loop
      vertex 0.884528 2.00692 25.9157
      vertex 0.644948 1.64836 25.9157
      vertex 1.29618 1.69105 26.0551
    endloop
  endfacet
  facet normal -0.114984 0.233167 0.965615
    outer loop
      vertex 2.2384 3.04578 25.9157
      vertex 2.11107 2.40569 26.0551
      vertex 2.43696 2.5664 26.0551
    endloop
  endfacet
  facet normal -0.0635937 0.128945 0.989611
    outer loop
      vertex 2.88495 1.48486 26.2571
      vertex 2.39428 1.91517 26.1695
      vertex 2.6964 1.39187 26.2571
    endloop
  endfacet
  facet normal -0.0835658 0.246182 0.965614
    outer loop
      vertex 2.64674 3.18439 25.9157
      vertex 2.2384 3.04578 25.9157
      vertex 2.78104 2.6832 26.0551
    endloop
  endfacet
  facet normal -0.110217 0.164951 0.980124
    outer loop
      vertex 2.11107 2.40569 26.0551
      vertex 1.80895 2.20382 26.0551
      vertex 2.39428 1.91517 26.1695
    endloop
  endfacet
  facet normal 0.83965 0.414065 0.35148
    outer loop
      vertex 8.10951 1.90932 24.7145
      vertex 7.82086 2.49465 24.7145
      vertex 8.03064 1.87665 24.9414
    endloop
  endfacet
  facet normal 0.839631 0.414073 0.351516
    outer loop
      vertex 7.82086 2.49465 24.7145
      vertex 7.74692 2.45196 24.9414
      vertex 8.03064 1.87665 24.9414
    endloop
  endfacet
  facet normal 0.946931 0.321436 0
    outer loop
      vertex 8.31929 1.29132 24.7145
      vertex 8.10951 1.90932 24.6
      vertex 8.10951 1.90932 24.7145
    endloop
  endfacet
  facet normal 0.946931 0.321436 0
    outer loop
      vertex 8.10951 1.90932 24.6
      vertex 8.31929 1.29132 24.7145
      vertex 8.31929 1.29132 24.6
    endloop
  endfacet
  facet normal -0.296744 -0.146336 0.943678
    outer loop
      vertex 0.454219 -1.2616 25.9157
      vertex 0.0269527 -1.43858 25.7539
      vertex 0.244437 -1.8796 25.7539
    endloop
  endfacet
  facet normal -0.491582 -0.16687 0.854694
    outer loop
      vertex -0.51569 -1.076 25.5722
      vertex -0.643011 -1.71609 25.374
      vertex -0.340888 -1.59095 25.5722
    endloop
  endfacet
  facet normal -0.442285 0.896874 0
    outer loop
      vertex 1.59068 4.60951 24.6
      vertex 1.00535 4.32086 24.7145
      vertex 1.59068 4.60951 24.7145
    endloop
  endfacet
  facet normal -0.442285 0.896874 0
    outer loop
      vertex 1.00535 4.32086 24.7145
      vertex 1.59068 4.60951 24.6
      vertex 1.00535 4.32086 24.6
    endloop
  endfacet
  facet normal 0.141014 -0.0280534 0.98961
    outer loop
      vertex 5.09345 -0.209781 26.2571
      vertex 5.05243 -0.415973 26.2571
      vertex 5.69252 -0.288651 26.1695
    endloop
  endfacet
  facet normal 0.0934537 -0.00612538 0.995605
    outer loop
      vertex 5.1072 0 26.2571
      vertex 4.47545 0 26.3164
      vertex 5.09345 -0.209781 26.2571
    endloop
  endfacet
  facet normal 0.0918538 -0.0182762 0.995605
    outer loop
      vertex 4.46711 -0.127321 26.3164
      vertex 4.44221 -0.252465 26.3164
      vertex 5.05243 -0.415973 26.2571
    endloop
  endfacet
  facet normal 0.108096 0.0947958 0.989611
    outer loop
      vertex 5.06373 1.56373 26.1695
      vertex 4.77507 0.978399 26.2571
      vertex 5.25446 1.34624 26.1695
    endloop
  endfacet
  facet normal 0.149155 0.130803 0.980124
    outer loop
      vertex 5.70382 1.69105 26.0551
      vertex 5.06373 1.56373 26.1695
      vertex 5.25446 1.34624 26.1695
    endloop
  endfacet
  facet normal 0.0383831 0.0256412 0.998934
    outer loop
      vertex 4.34477 0.487725 26.3164
      vertex 3.75944 0.199074 26.3463
      vertex 3.7832 0.163507 26.3463
    endloop
  endfacet
  facet normal 0.0347026 0.0304394 0.998934
    outer loop
      vertex 4.27388 0.593817 26.3164
      vertex 3.73123 0.231235 26.3463
      vertex 3.75944 0.199074 26.3463
    endloop
  endfacet
  facet normal 0.034705 0.0304358 0.998934
    outer loop
      vertex 4.18975 0.689748 26.3164
      vertex 3.73123 0.231235 26.3463
      vertex 4.27388 0.593817 26.3164
    endloop
  endfacet
  facet normal 0.0256458 0.0383806 0.998934
    outer loop
      vertex 3.98773 0.844766 26.3164
      vertex 3.69907 0.259439 26.3463
      vertex 4.09382 0.773877 26.3164
    endloop
  endfacet
  facet normal 0.00900512 0.0452737 0.998934
    outer loop
      vertex 3.75247 0.942213 26.3164
      vertex 3.54268 0.324218 26.3463
      vertex 3.58464 0.315872 26.3463
    endloop
  endfacet
  facet normal 0.00900518 0.0452737 0.998934
    outer loop
      vertex 3.62732 0.967106 26.3164
      vertex 3.54268 0.324218 26.3463
      vertex 3.75247 0.942213 26.3164
    endloop
  endfacet
  facet normal -0.00940391 0.143469 0.98961
    outer loop
      vertex 3.5 2.21144 26.1695
      vertex 3.21135 2.19252 26.1695
      vertex 3.5 1.6072 26.2571
    endloop
  endfacet
  facet normal -0.0204136 0.0414012 0.998934
    outer loop
      vertex 3.37486 0.302122 26.3463
      vertex 3.12671 0.901199 26.3164
      vertex 3.33649 0.283203 26.3463
    endloop
  endfacet
  facet normal 0 0 1
    outer loop
      vertex 3.82422 0.0426836 26.3463
      vertex 3.82422 -0.0426836 26.3463
      vertex 3.82701 0 26.3463
    endloop
  endfacet
  facet normal 0 0 1
    outer loop
      vertex 3.81587 0.0846376 26.3463
      vertex 3.82422 -0.0426836 26.3463
      vertex 3.82422 0.0426836 26.3463
    endloop
  endfacet
  facet normal 0 0 1
    outer loop
      vertex 3.81587 0.0846376 26.3463
      vertex 3.81587 -0.0846376 26.3463
      vertex 3.82422 -0.0426836 26.3463
    endloop
  endfacet
  facet normal 0 0 1
    outer loop
      vertex 3.80212 0.125143 26.3463
      vertex 3.81587 -0.0846376 26.3463
      vertex 3.81587 0.0846376 26.3463
    endloop
  endfacet
  facet normal 0 0 1
    outer loop
      vertex 3.80212 0.125143 26.3463
      vertex 3.80212 -0.125143 26.3463
      vertex 3.81587 -0.0846376 26.3463
    endloop
  endfacet
  facet normal 0 0 1
    outer loop
      vertex 3.7832 0.163507 26.3463
      vertex 3.80212 -0.125143 26.3463
      vertex 3.80212 0.125143 26.3463
    endloop
  endfacet
  facet normal 0 0 1
    outer loop
      vertex 3.7832 0.163507 26.3463
      vertex 3.7832 -0.163507 26.3463
      vertex 3.80212 -0.125143 26.3463
    endloop
  endfacet
  facet normal 0 0 1
    outer loop
      vertex 3.75944 0.199074 26.3463
      vertex 3.7832 -0.163507 26.3463
      vertex 3.7832 0.163507 26.3463
    endloop
  endfacet
  facet normal 0 0 1
    outer loop
      vertex 3.75944 0.199074 26.3463
      vertex 3.75944 -0.199074 26.3463
      vertex 3.7832 -0.163507 26.3463
    endloop
  endfacet
  facet normal 0 0 1
    outer loop
      vertex 3.73123 0.231235 26.3463
      vertex 3.75944 -0.199074 26.3463
      vertex 3.75944 0.199074 26.3463
    endloop
  endfacet
  facet normal 0 0 1
    outer loop
      vertex 3.73123 0.231235 26.3463
      vertex 3.73123 -0.231235 26.3463
      vertex 3.75944 -0.199074 26.3463
    endloop
  endfacet
  facet normal 0 0 1
    outer loop
      vertex 3.69907 0.259439 26.3463
      vertex 3.73123 -0.231235 26.3463
      vertex 3.73123 0.231235 26.3463
    endloop
  endfacet
  facet normal 0 0 1
    outer loop
      vertex 3.69907 0.259439 26.3463
      vertex 3.69907 -0.259439 26.3463
      vertex 3.73123 -0.231235 26.3463
    endloop
  endfacet
  facet normal 0 0 1
    outer loop
      vertex 3.66351 0.283203 26.3463
      vertex 3.69907 -0.259439 26.3463
      vertex 3.69907 0.259439 26.3463
    endloop
  endfacet
  facet normal 0 0 1
    outer loop
      vertex 3.66351 0.283203 26.3463
      vertex 3.66351 -0.283203 26.3463
      vertex 3.69907 -0.259439 26.3463
    endloop
  endfacet
  facet normal 0 0 1
    outer loop
      vertex 3.62514 0.302122 26.3463
      vertex 3.66351 -0.283203 26.3463
      vertex 3.66351 0.283203 26.3463
    endloop
  endfacet
  facet normal 0 0 1
    outer loop
      vertex 3.62514 0.302122 26.3463
      vertex 3.62514 -0.302122 26.3463
      vertex 3.66351 -0.283203 26.3463
    endloop
  endfacet
  facet normal 0 0 1
    outer loop
      vertex 3.58464 0.315872 26.3463
      vertex 3.62514 -0.302122 26.3463
      vertex 3.62514 0.302122 26.3463
    endloop
  endfacet
  facet normal 0 0 1
    outer loop
      vertex 3.58464 0.315872 26.3463
      vertex 3.58464 -0.315872 26.3463
      vertex 3.62514 -0.302122 26.3463
    endloop
  endfacet
  facet normal 0 0 1
    outer loop
      vertex 3.54268 0.324218 26.3463
      vertex 3.58464 -0.315872 26.3463
      vertex 3.58464 0.315872 26.3463
    endloop
  endfacet
  facet normal 0 0 1
    outer loop
      vertex 3.54268 0.324218 26.3463
      vertex 3.54268 -0.324218 26.3463
      vertex 3.58464 -0.315872 26.3463
    endloop
  endfacet
  facet normal 0 0 1
    outer loop
      vertex 3.5 0.327015 26.3463
      vertex 3.54268 -0.324218 26.3463
      vertex 3.54268 0.324218 26.3463
    endloop
  endfacet
  facet normal 0 0 1
    outer loop
      vertex 3.5 0.327015 26.3463
      vertex 3.5 -0.327015 26.3463
      vertex 3.54268 -0.324218 26.3463
    endloop
  endfacet
  facet normal -0 0 1
    outer loop
      vertex 3.45732 0.324218 26.3463
      vertex 3.5 -0.327015 26.3463
      vertex 3.5 0.327015 26.3463
    endloop
  endfacet
  facet normal 0 0 1
    outer loop
      vertex 3.45732 0.324218 26.3463
      vertex 3.45732 -0.324218 26.3463
      vertex 3.5 -0.327015 26.3463
    endloop
  endfacet
  facet normal -0 0 1
    outer loop
      vertex 3.41536 0.315872 26.3463
      vertex 3.45732 -0.324218 26.3463
      vertex 3.45732 0.324218 26.3463
    endloop
  endfacet
  facet normal 0 0 1
    outer loop
      vertex 3.41536 0.315872 26.3463
      vertex 3.41536 -0.315872 26.3463
      vertex 3.45732 -0.324218 26.3463
    endloop
  endfacet
  facet normal -0 0 1
    outer loop
      vertex 3.37486 0.302122 26.3463
      vertex 3.41536 -0.315872 26.3463
      vertex 3.41536 0.315872 26.3463
    endloop
  endfacet
  facet normal 0 0 1
    outer loop
      vertex 3.37486 0.302122 26.3463
      vertex 3.37486 -0.302122 26.3463
      vertex 3.41536 -0.315872 26.3463
    endloop
  endfacet
  facet normal -0 0 1
    outer loop
      vertex 3.33649 0.283203 26.3463
      vertex 3.37486 -0.302122 26.3463
      vertex 3.37486 0.302122 26.3463
    endloop
  endfacet
  facet normal 0 0 1
    outer loop
      vertex 3.33649 0.283203 26.3463
      vertex 3.33649 -0.283203 26.3463
      vertex 3.37486 -0.302122 26.3463
    endloop
  endfacet
  facet normal -0 0 1
    outer loop
      vertex 3.30093 0.259439 26.3463
      vertex 3.33649 -0.283203 26.3463
      vertex 3.33649 0.283203 26.3463
    endloop
  endfacet
  facet normal 0 0 1
    outer loop
      vertex 3.30093 0.259439 26.3463
      vertex 3.30093 -0.259439 26.3463
      vertex 3.33649 -0.283203 26.3463
    endloop
  endfacet
  facet normal -0 0 1
    outer loop
      vertex 3.26876 0.231235 26.3463
      vertex 3.30093 -0.259439 26.3463
      vertex 3.30093 0.259439 26.3463
    endloop
  endfacet
  facet normal 0 0 1
    outer loop
      vertex 3.26876 0.231235 26.3463
      vertex 3.26876 -0.231235 26.3463
      vertex 3.30093 -0.259439 26.3463
    endloop
  endfacet
  facet normal -0 0 1
    outer loop
      vertex 3.24056 0.199074 26.3463
      vertex 3.26876 -0.231235 26.3463
      vertex 3.26876 0.231235 26.3463
    endloop
  endfacet
  facet normal 0 0 1
    outer loop
      vertex 3.24056 0.199074 26.3463
      vertex 3.24056 -0.199074 26.3463
      vertex 3.26876 -0.231235 26.3463
    endloop
  endfacet
  facet normal -0 0 1
    outer loop
      vertex 3.2168 0.163507 26.3463
      vertex 3.24056 -0.199074 26.3463
      vertex 3.24056 0.199074 26.3463
    endloop
  endfacet
  facet normal 0 0 1
    outer loop
      vertex 3.2168 0.163507 26.3463
      vertex 3.2168 -0.163507 26.3463
      vertex 3.24056 -0.199074 26.3463
    endloop
  endfacet
  facet normal -0 0 1
    outer loop
      vertex 3.19788 0.125143 26.3463
      vertex 3.2168 -0.163507 26.3463
      vertex 3.2168 0.163507 26.3463
    endloop
  endfacet
  facet normal 0 0 1
    outer loop
      vertex 3.19788 0.125143 26.3463
      vertex 3.19788 -0.125143 26.3463
      vertex 3.2168 -0.163507 26.3463
    endloop
  endfacet
  facet normal -0 0 1
    outer loop
      vertex 3.18413 0.0846376 26.3463
      vertex 3.19788 -0.125143 26.3463
      vertex 3.19788 0.125143 26.3463
    endloop
  endfacet
  facet normal 0 0 1
    outer loop
      vertex 3.18413 0.0846376 26.3463
      vertex 3.18413 -0.0846376 26.3463
      vertex 3.19788 -0.125143 26.3463
    endloop
  endfacet
  facet normal -0 0 1
    outer loop
      vertex 3.17578 0.0426836 26.3463
      vertex 3.18413 -0.0846376 26.3463
      vertex 3.18413 0.0846376 26.3463
    endloop
  endfacet
  facet normal 0 0 1
    outer loop
      vertex 3.17578 0.0426836 26.3463
      vertex 3.17578 -0.0426836 26.3463
      vertex 3.18413 -0.0846376 26.3463
    endloop
  endfacet
  facet normal 0 -0 1
    outer loop
      vertex 3.17578 -0.0426836 26.3463
      vertex 3.17578 0.0426836 26.3463
      vertex 3.17298 0 26.3463
    endloop
  endfacet
  facet normal -0.0460622 0.00302163 0.998934
    outer loop
      vertex 3.17578 0.0426836 26.3463
      vertex 2.52455 0 26.3164
      vertex 3.17298 0 26.3463
    endloop
  endfacet
  facet normal 0.0170068 0.259418 0.965615
    outer loop
      vertex 3.5 3.29673 25.9157
      vertex 3.5 2.77785 26.0551
      vertex 3.93031 3.26852 25.9157
    endloop
  endfacet
  facet normal 0.0170001 0.259423 0.965614
    outer loop
      vertex 3.93031 3.26852 25.9157
      vertex 3.5 2.77785 26.0551
      vertex 3.86258 2.75409 26.0551
    endloop
  endfacet
  facet normal -0.081139 0.40792 0.909405
    outer loop
      vertex 2.95736 4.12178 25.5722
      vertex 2.52705 3.63111 25.7539
      vertex 3.00933 3.72704 25.7539
    endloop
  endfacet
  facet normal -0.0272015 0.415017 0.909407
    outer loop
      vertex 3.5 4.15735 25.5722
      vertex 3.00933 3.72704 25.7539
      vertex 3.5 3.7592 25.7539
    endloop
  endfacet
  facet normal -0.407917 -0.0811395 0.909407
    outer loop
      vertex -0.227038 -0.490673 25.7539
      vertex -0.621781 -0.542643 25.5722
      vertex -0.131107 -0.972952 25.7539
    endloop
  endfacet
  facet normal -0.324507 -0.0645483 0.943678
    outer loop
      vertex 0.231475 -0.430309 25.9157
      vertex -0.227038 -0.490673 25.7539
      vertex -0.131107 -0.972952 25.7539
    endloop
  endfacet
  facet normal -0.0918538 0.0182762 0.995605
    outer loop
      vertex 2.55779 0.252465 26.3164
      vertex 1.94757 0.415973 26.2571
      vertex 2.53289 0.127321 26.3164
    endloop
  endfacet
  facet normal -0.0452732 0.00900805 0.998934
    outer loop
      vertex 2.55779 0.252465 26.3164
      vertex 2.53289 0.127321 26.3164
      vertex 3.17578 0.0426836 26.3463
    endloop
  endfacet
  facet normal -0.194573 0.0387004 0.980124
    outer loop
      vertex 1.36391 0.572363 26.1695
      vertex 0.816801 0.718961 26.0551
      vertex 1.30748 0.288651 26.1695
    endloop
  endfacet
  facet normal -0.0934537 0.00612538 0.995605
    outer loop
      vertex 1.90655 0.209781 26.2571
      vertex 1.8928 0 26.2571
      vertex 2.52455 0 26.3164
    endloop
  endfacet
  facet normal -0.0637687 0.187856 0.980124
    outer loop
      vertex 2.78104 2.6832 26.0551
      vertex 2.43696 2.5664 26.0551
      vertex 2.92764 2.13609 26.1695
    endloop
  endfacet
  facet normal -0.0387006 0.194573 0.980124
    outer loop
      vertex 3.21135 2.19252 26.1695
      vertex 2.78104 2.6832 26.0551
      vertex 2.92764 2.13609 26.1695
    endloop
  endfacet
  facet normal -0.119546 0.0798726 0.989611
    outer loop
      vertex 2.22492 0.978399 26.2571
      vertex 1.58483 1.10572 26.1695
      vertex 2.10813 0.803598 26.2571
    endloop
  endfacet
  facet normal -0.149155 0.130803 0.980124
    outer loop
      vertex 1.93627 1.56373 26.1695
      vertex 1.29618 1.69105 26.0551
      vertex 1.74554 1.34624 26.1695
    endloop
  endfacet
  facet normal -0.0347075 0.0304329 0.998934
    outer loop
      vertex 3.26876 0.231235 26.3463
      vertex 2.72612 0.593817 26.3164
      vertex 3.24056 0.199074 26.3463
    endloop
  endfacet
  facet normal -0.0383831 0.0256412 0.998934
    outer loop
      vertex 3.24056 0.199074 26.3463
      vertex 2.65523 0.487725 26.3164
      vertex 3.2168 0.163507 26.3463
    endloop
  endfacet
  facet normal -0.177926 0.0877431 0.980124
    outer loop
      vertex 1.58483 1.10572 26.1695
      vertex 0.933599 1.06304 26.0551
      vertex 1.45689 0.846282 26.1695
    endloop
  endfacet
  facet normal -0.187858 0.063767 0.980124
    outer loop
      vertex 1.45689 0.846282 26.1695
      vertex 0.933599 1.06304 26.0551
      vertex 1.36391 0.572363 26.1695
    endloop
  endfacet
  facet normal -0.300927 -0.886513 0.351479
    outer loop
      vertex 1.62335 -4.53064 24.9414
      vertex 1.59068 -4.60951 24.7145
      vertex 2.20868 -4.81929 24.7145
    endloop
  endfacet
  facet normal -0.414065 -0.83965 0.35148
    outer loop
      vertex 1.62335 -4.53064 24.9414
      vertex 1.00535 -4.32086 24.7145
      vertex 1.59068 -4.60951 24.7145
    endloop
  endfacet
  facet normal -0.441479 -0.660741 0.607057
    outer loop
      vertex 1.13267 -4.10033 25.1625
      vertex 0.514678 -3.89055 24.9414
      vertex 1.04804 -4.24692 24.9414
    endloop
  endfacet
  facet normal -0.520103 -0.778414 0.351517
    outer loop
      vertex 1.04804 -4.24692 24.9414
      vertex 0.514678 -3.89055 24.9414
      vertex 1.00535 -4.32086 24.7145
    endloop
  endfacet
  facet normal -0.12608 -0.633828 0.763129
    outer loop
      vertex 2.33936 -4.33156 25.374
      vertex 2.27458 -4.57332 25.1625
      vertex 2.91467 -4.446 25.374
    endloop
  endfacet
  facet normal -0.207726 -0.611951 0.763129
    outer loop
      vertex 2.33936 -4.33156 25.374
      vertex 1.68813 -4.37425 25.1625
      vertex 2.27458 -4.57332 25.1625
    endloop
  endfacet
  facet normal -0.44148 -0.66071 0.607089
    outer loop
      vertex 0.617727 -3.75625 25.1625
      vertex 0.514678 -3.89055 24.9414
      vertex 1.13267 -4.10033 25.1625
    endloop
  endfacet
  facet normal -0.359038 -0.537329 0.763131
    outer loop
      vertex 0.770092 -3.55768 25.374
      vertex 0.617727 -3.75625 25.1625
      vertex 1.13267 -4.10033 25.1625
    endloop
  endfacet
  facet normal -0.0617498 -0.0704147 0.995605
    outer loop
      vertex 2.81025 -0.689748 26.3164
      vertex 2.36354 -1.13646 26.2571
      vertex 2.5216 -1.27507 26.2571
    endloop
  endfacet
  facet normal -0.119545 -0.0798775 0.98961
    outer loop
      vertex 2.22492 -0.978399 26.2571
      vertex 1.58483 -1.10572 26.1695
      vertex 1.74554 -1.34624 26.1695
    endloop
  endfacet
  facet normal -0.195461 -0.171414 0.965615
    outer loop
      vertex 1.29618 -1.69105 26.0551
      vertex 0.884528 -2.00692 25.9157
      vertex 1.53576 -1.96424 26.0551
    endloop
  endfacet
  facet normal -0.0947959 -0.108096 0.989611
    outer loop
      vertex 2.5216 -1.27507 26.2571
      vertex 1.93627 -1.56373 26.1695
      vertex 2.15376 -1.75446 26.1695
    endloop
  endfacet
  facet normal -0.0148382 -0.0437107 0.998934
    outer loop
      vertex 3.41536 -0.315872 26.3463
      vertex 3.12671 -0.901199 26.3164
      vertex 3.24753 -0.942213 26.3164
    endloop
  endfacet
  facet normal -0.00900512 -0.0452737 0.998934
    outer loop
      vertex 3.41536 -0.315872 26.3463
      vertex 3.24753 -0.942213 26.3164
      vertex 3.45732 -0.324218 26.3463
    endloop
  endfacet
  facet normal -0.0635937 -0.128945 0.989611
    outer loop
      vertex 2.6964 -1.39187 26.2571
      vertex 2.39428 -1.91517 26.1695
      vertex 2.88495 -1.48486 26.2571
    endloop
  endfacet
  facet normal -0.00612542 -0.0934538 0.995605
    outer loop
      vertex 3.5 -0.975451 26.3164
      vertex 3.29022 -1.59345 26.2571
      vertex 3.5 -1.6072 26.2571
    endloop
  endfacet
  facet normal -0.00612529 -0.0934539 0.995605
    outer loop
      vertex 3.37268 -0.967106 26.3164
      vertex 3.29022 -1.59345 26.2571
      vertex 3.5 -0.975451 26.3164
    endloop
  endfacet
  facet normal 0.00612542 -0.0934538 0.995605
    outer loop
      vertex 3.5 -0.975451 26.3164
      vertex 3.5 -1.6072 26.2571
      vertex 3.70978 -1.59345 26.2571
    endloop
  endfacet
  facet normal 0.0387006 -0.194573 0.980124
    outer loop
      vertex 4.07236 -2.13609 26.1695
      vertex 3.78865 -2.19252 26.1695
      vertex 4.21896 -2.6832 26.0551
    endloop
  endfacet
  facet normal 0.087743 -0.177926 0.980124
    outer loop
      vertex 4.60572 -1.91517 26.1695
      vertex 4.56304 -2.5664 26.0551
      vertex 4.88893 -2.40569 26.0551
    endloop
  endfacet
  facet normal 0.0637687 -0.187856 0.980124
    outer loop
      vertex 4.56304 -2.5664 26.0551
      vertex 4.07236 -2.13609 26.1695
      vertex 4.21896 -2.6832 26.0551
    endloop
  endfacet
  facet normal 0.0304359 -0.034705 0.998934
    outer loop
      vertex 3.73123 -0.231235 26.3463
      vertex 3.69907 -0.259439 26.3463
      vertex 4.09382 -0.773877 26.3164
    endloop
  endfacet
  facet normal 0.0414254 -0.0839956 0.995605
    outer loop
      vertex 4.3036 -1.39187 26.2571
      vertex 3.98773 -0.844766 26.3164
      vertex 4.11505 -1.48486 26.2571
    endloop
  endfacet
  facet normal -0.0437113 -0.0148365 0.998934
    outer loop
      vertex 3.18413 -0.0846376 26.3463
      vertex 2.55779 -0.252465 26.3164
      vertex 2.5988 -0.373289 26.3164
    endloop
  endfacet
  facet normal -0.0437106 -0.014838 0.998934
    outer loop
      vertex 3.18413 -0.0846376 26.3463
      vertex 2.5988 -0.373289 26.3164
      vertex 3.19788 -0.125143 26.3463
    endloop
  endfacet
  facet normal -0.083997 -0.0414201 0.995605
    outer loop
      vertex 2.5988 -0.373289 26.3164
      vertex 2.01514 -0.615047 26.2571
      vertex 2.65523 -0.487725 26.3164
    endloop
  endfacet
  facet normal -0.083996 -0.0414253 0.995605
    outer loop
      vertex 2.65523 -0.487725 26.3164
      vertex 2.01514 -0.615047 26.2571
      vertex 2.10813 -0.803598 26.2571
    endloop
  endfacet
  facet normal -0.0383831 -0.0256412 0.998934
    outer loop
      vertex 3.2168 -0.163507 26.3463
      vertex 2.65523 -0.487725 26.3164
      vertex 3.24056 -0.199074 26.3463
    endloop
  endfacet
  facet normal 0.0204155 -0.0414005 0.998934
    outer loop
      vertex 3.98773 -0.844766 26.3164
      vertex 3.66351 -0.283203 26.3463
      vertex 3.87329 -0.901199 26.3164
    endloop
  endfacet
  facet normal 0.0148398 -0.04371 0.998934
    outer loop
      vertex 3.62514 -0.302122 26.3463
      vertex 3.58464 -0.315872 26.3463
      vertex 3.87329 -0.901199 26.3164
    endloop
  endfacet
  facet normal 0.0304358 -0.0347051 0.998934
    outer loop
      vertex 4.18975 -0.689748 26.3164
      vertex 3.73123 -0.231235 26.3463
      vertex 4.09382 -0.773877 26.3164
    endloop
  endfacet
  facet normal 0.034705 -0.0304358 0.998934
    outer loop
      vertex 4.27388 -0.593817 26.3164
      vertex 3.73123 -0.231235 26.3463
      vertex 4.18975 -0.689748 26.3164
    endloop
  endfacet
  facet normal 0.0383831 -0.0256412 0.998934
    outer loop
      vertex 3.7832 -0.163507 26.3463
      vertex 3.75944 -0.199074 26.3463
      vertex 4.34477 -0.487725 26.3164
    endloop
  endfacet
  facet normal 0.119544 -0.0798764 0.989611
    outer loop
      vertex 5.41517 -1.10572 26.1695
      vertex 4.77507 -0.978399 26.2571
      vertex 5.25446 -1.34624 26.1695
    endloop
  endfacet
  facet normal 0.164951 -0.110217 0.980124
    outer loop
      vertex 5.41517 -1.10572 26.1695
      vertex 5.25446 -1.34624 26.1695
      vertex 5.70382 -1.69105 26.0551
    endloop
  endfacet
  facet normal 0.108096 -0.0947958 0.989611
    outer loop
      vertex 5.25446 -1.34624 26.1695
      vertex 4.77507 -0.978399 26.2571
      vertex 5.06373 -1.56373 26.1695
    endloop
  endfacet
  facet normal 0.0947953 -0.108097 0.98961
    outer loop
      vertex 4.63646 -1.13646 26.2571
      vertex 4.4784 -1.27507 26.2571
      vertex 5.06373 -1.56373 26.1695
    endloop
  endfacet
  facet normal -0.0387006 -0.194573 0.980124
    outer loop
      vertex 2.92764 -2.13609 26.1695
      vertex 2.78104 -2.6832 26.0551
      vertex 3.21135 -2.19252 26.1695
    endloop
  endfacet
  facet normal -0.079878 -0.119544 0.98961
    outer loop
      vertex 2.5216 -1.27507 26.2571
      vertex 2.39428 -1.91517 26.1695
      vertex 2.6964 -1.39187 26.2571
    endloop
  endfacet
  facet normal 0.831463 -0.55558 0
    outer loop
      vertex 7.45827 -3.03729 24.7145
      vertex 7.82086 -2.49465 24.6
      vertex 7.82086 -2.49465 24.7145
    endloop
  endfacet
  facet normal 0.831463 -0.55558 0
    outer loop
      vertex 7.82086 -2.49465 24.6
      vertex 7.45827 -3.03729 24.7145
      vertex 7.45827 -3.03729 24.6
    endloop
  endfacet
  facet normal 0.0216439 -0.330151 0.94368
    outer loop
      vertex 3.93031 -3.26852 25.9157
      vertex 3.5 -3.29673 25.9157
      vertex 3.99067 -3.72704 25.7539
    endloop
  endfacet
  facet normal 0.0170068 -0.259418 0.965615
    outer loop
      vertex 3.5 -2.77785 26.0551
      vertex 3.5 -3.29673 25.9157
      vertex 3.93031 -3.26852 25.9157
    endloop
  endfacet
  facet normal -0.0507206 -0.254984 0.965614
    outer loop
      vertex 3.13742 -2.75409 26.0551
      vertex 2.78104 -2.6832 26.0551
      vertex 3.06969 -3.26852 25.9157
    endloop
  endfacet
  facet normal -0.0170001 -0.259423 0.965614
    outer loop
      vertex 3.13742 -2.75409 26.0551
      vertex 3.06969 -3.26852 25.9157
      vertex 3.5 -2.77785 26.0551
    endloop
  endfacet
  facet normal 0.0339486 -0.518017 0.854696
    outer loop
      vertex 4.04264 -4.12178 25.5722
      vertex 3.5 -4.48436 25.374
      vertex 4.08533 -4.446 25.374
    endloop
  endfacet
  facet normal 0.101275 -0.509153 0.854697
    outer loop
      vertex 4.576 -4.01569 25.5722
      vertex 4.04264 -4.12178 25.5722
      vertex 4.08533 -4.446 25.374
    endloop
  endfacet
  facet normal 0.248762 -0.218156 0.943677
    outer loop
      vertex 6.11547 -2.00692 25.9157
      vertex 5.83114 -2.33114 25.9157
      vertex 6.15815 -2.65815 25.7539
    endloop
  endfacet
  facet normal 0.195462 -0.171414 0.965615
    outer loop
      vertex 6.11547 -2.00692 25.9157
      vertex 5.46424 -1.96424 26.0551
      vertex 5.83114 -2.33114 25.9157
    endloop
  endfacet
  facet normal 0.216164 -0.144436 0.965614
    outer loop
      vertex 5.90569 -1.38893 26.0551
      vertex 5.70382 -1.69105 26.0551
      vertex 6.35505 -1.64836 25.9157
    endloop
  endfacet
  facet normal 0.216164 -0.144435 0.965615
    outer loop
      vertex 6.35505 -1.64836 25.9157
      vertex 5.70382 -1.69105 26.0551
      vertex 6.11547 -2.00692 25.9157
    endloop
  endfacet
  facet normal 0.275103 0.183816 0.943679
    outer loop
      vertex 6.75556 1.8796 25.7539
      vertex 6.11547 2.00692 25.9157
      vertex 6.35505 1.64836 25.9157
    endloop
  endfacet
  facet normal 0.275103 0.183817 0.943679
    outer loop
      vertex 6.48237 2.28846 25.7539
      vertex 6.11547 2.00692 25.9157
      vertex 6.75556 1.8796 25.7539
    endloop
  endfacet
  facet normal 0.141013 0.0280473 0.98961
    outer loop
      vertex 5.63609 0.572363 26.1695
      vertex 5.05243 0.415973 26.2571
      vertex 5.69252 0.288651 26.1695
    endloop
  endfacet
  facet normal 0.136146 0.0462109 0.98961
    outer loop
      vertex 5.63609 0.572363 26.1695
      vertex 4.98486 0.615047 26.2571
      vertex 5.05243 0.415973 26.2571
    endloop
  endfacet
  facet normal 0.0280537 0.141014 0.98961
    outer loop
      vertex 3.78865 2.19252 26.1695
      vertex 3.70978 1.59345 26.2571
      vertex 3.91597 1.55243 26.2571
    endloop
  endfacet
  facet normal 0.0148382 0.0437107 0.998934
    outer loop
      vertex 3.75247 0.942213 26.3164
      vertex 3.58464 0.315872 26.3463
      vertex 3.87329 0.901199 26.3164
    endloop
  endfacet
  facet normal 0.0704149 0.0617497 0.995605
    outer loop
      vertex 4.63646 1.13646 26.2571
      vertex 4.18975 0.689748 26.3164
      vertex 4.77507 0.978399 26.2571
    endloop
  endfacet
  facet normal 0.0414254 0.0839956 0.995605
    outer loop
      vertex 4.11505 1.48486 26.2571
      vertex 3.98773 0.844766 26.3164
      vertex 4.3036 1.39187 26.2571
    endloop
  endfacet
  facet normal 0.110217 0.164951 0.980124
    outer loop
      vertex 4.88893 2.40569 26.0551
      vertex 4.60572 1.91517 26.1695
      vertex 5.19105 2.20382 26.0551
    endloop
  endfacet
  facet normal 0.052033 0.0778713 0.995605
    outer loop
      vertex 4.3036 1.39187 26.2571
      vertex 3.98773 0.844766 26.3164
      vertex 4.4784 1.27507 26.2571
    endloop
  endfacet
  facet normal -0.00612542 0.0934538 0.995605
    outer loop
      vertex 3.5 1.6072 26.2571
      vertex 3.29022 1.59345 26.2571
      vertex 3.5 0.975451 26.3164
    endloop
  endfacet
  facet normal 0.00612542 0.0934538 0.995605
    outer loop
      vertex 3.5 1.6072 26.2571
      vertex 3.5 0.975451 26.3164
      vertex 3.70978 1.59345 26.2571
    endloop
  endfacet
  facet normal 0.0507206 0.254984 0.965614
    outer loop
      vertex 3.93031 3.26852 25.9157
      vertex 3.86258 2.75409 26.0551
      vertex 4.21896 2.6832 26.0551
    endloop
  endfacet
  facet normal 0.0387033 0.19457 0.980125
    outer loop
      vertex 3.86258 2.75409 26.0551
      vertex 3.78865 2.19252 26.1695
      vertex 4.21896 2.6832 26.0551
    endloop
  endfacet
  facet normal 0.087743 0.177926 0.980124
    outer loop
      vertex 4.88893 2.40569 26.0551
      vertex 4.56304 2.5664 26.0551
      vertex 4.60572 1.91517 26.1695
    endloop
  endfacet
  facet normal 0.0635899 0.128949 0.98961
    outer loop
      vertex 4.34628 2.04311 26.1695
      vertex 4.11505 1.48486 26.2571
      vertex 4.60572 1.91517 26.1695
    endloop
  endfacet
  facet normal -0.0835672 0.24618 0.965615
    outer loop
      vertex 2.78104 2.6832 26.0551
      vertex 2.2384 3.04578 25.9157
      vertex 2.43696 2.5664 26.0551
    endloop
  endfacet
  facet normal -0.133689 0.393837 0.909406
    outer loop
      vertex 2.52705 3.63111 25.7539
      vertex 1.90905 3.84089 25.5722
      vertex 2.06142 3.47305 25.7539
    endloop
  endfacet
  facet normal -0.16687 0.491583 0.854693
    outer loop
      vertex 2.33936 4.33156 25.374
      vertex 1.78391 4.14301 25.374
      vertex 2.424 4.01569 25.5722
    endloop
  endfacet
  facet normal -0.166869 0.491586 0.854692
    outer loop
      vertex 2.424 4.01569 25.5722
      vertex 1.78391 4.14301 25.374
      vertex 1.90905 3.84089 25.5722
    endloop
  endfacet
  facet normal -0.231064 0.345814 0.909408
    outer loop
      vertex 1.6204 3.25556 25.7539
      vertex 0.969167 3.29825 25.5722
      vertex 1.21154 2.98237 25.7539
    endloop
  endfacet
  facet normal -0.231064 0.345817 0.909406
    outer loop
      vertex 1.42133 3.60037 25.5722
      vertex 0.969167 3.29825 25.5722
      vertex 1.6204 3.25556 25.7539
    endloop
  endfacet
  facet normal -0.248759 0.218155 0.943677
    outer loop
      vertex 1.16886 2.33114 25.9157
      vertex 0.841845 2.65815 25.7539
      vertex 0.884528 2.00692 25.9157
    endloop
  endfacet
  facet normal -0.248753 0.218156 0.943679
    outer loop
      vertex 0.841845 2.65815 25.7539
      vertex 0.517627 2.28846 25.7539
      vertex 0.884528 2.00692 25.9157
    endloop
  endfacet
  facet normal -0.0216439 0.330151 0.94368
    outer loop
      vertex 3.5 3.29673 25.9157
      vertex 3.00933 3.72704 25.7539
      vertex 3.06969 3.26852 25.9157
    endloop
  endfacet
  facet normal -0.0645468 0.324503 0.94368
    outer loop
      vertex 3.00933 3.72704 25.7539
      vertex 2.52705 3.63111 25.7539
      vertex 3.06969 3.26852 25.9157
    endloop
  endfacet
  facet normal -0.183822 0.275104 0.943678
    outer loop
      vertex 1.6204 3.25556 25.7539
      vertex 1.49308 2.61547 25.9157
      vertex 1.85163 2.85505 25.9157
    endloop
  endfacet
  facet normal -0.183817 0.275103 0.943679
    outer loop
      vertex 1.6204 3.25556 25.7539
      vertex 1.21154 2.98237 25.7539
      vertex 1.49308 2.61547 25.9157
    endloop
  endfacet
  facet normal -0.114983 0.233166 0.965615
    outer loop
      vertex 2.2384 3.04578 25.9157
      vertex 1.85163 2.85505 25.9157
      vertex 2.11107 2.40569 26.0551
    endloop
  endfacet
  facet normal -0.0798765 0.119544 0.989611
    outer loop
      vertex 2.39428 1.91517 26.1695
      vertex 2.15376 1.75446 26.1695
      vertex 2.5216 1.27507 26.2571
    endloop
  endfacet
  facet normal -0.10635 0.313302 0.94368
    outer loop
      vertex 2.52705 3.63111 25.7539
      vertex 2.2384 3.04578 25.9157
      vertex 2.64674 3.18439 25.9157
    endloop
  endfacet
  facet normal -0.106352 0.313303 0.943679
    outer loop
      vertex 2.52705 3.63111 25.7539
      vertex 2.06142 3.47305 25.7539
      vertex 2.2384 3.04578 25.9157
    endloop
  endfacet
  facet normal -0.345819 -0.231068 0.909405
    outer loop
      vertex 0.244437 -1.8796 25.7539
      vertex -0.100368 -2.07867 25.5722
      vertex 0.201754 -2.53083 25.5722
    endloop
  endfacet
  facet normal -0.373019 -0.183955 0.909405
    outer loop
      vertex 0.244437 -1.8796 25.7539
      vertex -0.340888 -1.59095 25.5722
      vertex -0.100368 -2.07867 25.5722
    endloop
  endfacet
  facet normal -0.393836 -0.13369 0.909406
    outer loop
      vertex -0.131107 -0.972952 25.7539
      vertex -0.51569 -1.076 25.5722
      vertex 0.0269527 -1.43858 25.7539
    endloop
  endfacet
  facet normal -0.393836 -0.133689 0.909407
    outer loop
      vertex 0.0269527 -1.43858 25.7539
      vertex -0.51569 -1.076 25.5722
      vertex -0.340888 -1.59095 25.5722
    endloop
  endfacet
  facet normal 0.0918551 -0.0182737 0.995605
    outer loop
      vertex 5.09345 -0.209781 26.2571
      vertex 4.46711 -0.127321 26.3164
      vertex 5.05243 -0.415973 26.2571
    endloop
  endfacet
  facet normal 0.0460615 -0.0030108 0.998934
    outer loop
      vertex 3.82701 0 26.3463
      vertex 3.82422 -0.0426836 26.3463
      vertex 4.47545 0 26.3164
    endloop
  endfacet
  facet normal 0.0437106 -0.014838 0.998934
    outer loop
      vertex 3.81587 -0.0846376 26.3463
      vertex 3.80212 -0.125143 26.3463
      vertex 4.4012 -0.373289 26.3164
    endloop
  endfacet
  facet normal 0.0413997 -0.0204171 0.998934
    outer loop
      vertex 3.80212 -0.125143 26.3463
      vertex 3.7832 -0.163507 26.3463
      vertex 4.4012 -0.373289 26.3164
    endloop
  endfacet
  facet normal 0.0934549 -0.00612165 0.995605
    outer loop
      vertex 4.47545 0 26.3164
      vertex 4.46711 -0.127321 26.3164
      vertex 5.09345 -0.209781 26.2571
    endloop
  endfacet
  facet normal 0.0460619 -0.00301723 0.998934
    outer loop
      vertex 4.47545 0 26.3164
      vertex 3.82422 -0.0426836 26.3463
      vertex 4.46711 -0.127321 26.3164
    endloop
  endfacet
  facet normal 0.0413997 0.0204171 0.998934
    outer loop
      vertex 4.4012 0.373289 26.3164
      vertex 3.7832 0.163507 26.3463
      vertex 3.80212 0.125143 26.3463
    endloop
  endfacet
  facet normal 0.0182707 0.091856 0.995605
    outer loop
      vertex 3.91597 1.55243 26.2571
      vertex 3.62732 0.967106 26.3164
      vertex 3.75247 0.942213 26.3164
    endloop
  endfacet
  facet normal -0.0462096 0.136146 0.98961
    outer loop
      vertex 2.92764 2.13609 26.1695
      vertex 2.88495 1.48486 26.2571
      vertex 3.08403 1.55243 26.2571
    endloop
  endfacet
  facet normal -0.0617517 0.0704138 0.995605
    outer loop
      vertex 2.90618 0.773877 26.3164
      vertex 2.5216 1.27507 26.2571
      vertex 2.81025 0.689748 26.3164
    endloop
  endfacet
  facet normal -0.00900512 0.0452737 0.998934
    outer loop
      vertex 3.45732 0.324218 26.3463
      vertex 3.24753 0.942213 26.3164
      vertex 3.41536 0.315872 26.3463
    endloop
  endfacet
  facet normal -0.0520332 0.0778711 0.995605
    outer loop
      vertex 3.01227 0.844766 26.3164
      vertex 2.5216 1.27507 26.2571
      vertex 2.90618 0.773877 26.3164
    endloop
  endfacet
  facet normal 0.0216394 0.330156 0.943678
    outer loop
      vertex 3.5 3.7592 25.7539
      vertex 3.5 3.29673 25.9157
      vertex 3.99067 3.72704 25.7539
    endloop
  endfacet
  facet normal 0.0216439 0.330151 0.94368
    outer loop
      vertex 3.99067 3.72704 25.7539
      vertex 3.5 3.29673 25.9157
      vertex 3.93031 3.26852 25.9157
    endloop
  endfacet
  facet normal -0.0507193 0.254983 0.965614
    outer loop
      vertex 3.06969 3.26852 25.9157
      vertex 2.64674 3.18439 25.9157
      vertex 2.78104 2.6832 26.0551
    endloop
  endfacet
  facet normal -0.0507206 0.254984 0.965614
    outer loop
      vertex 3.06969 3.26852 25.9157
      vertex 2.78104 2.6832 26.0551
      vertex 3.13742 2.75409 26.0551
    endloop
  endfacet
  facet normal -0.0339566 0.518026 0.854691
    outer loop
      vertex 3.5 4.48436 25.374
      vertex 2.95736 4.12178 25.5722
      vertex 3.5 4.15735 25.5722
    endloop
  endfacet
  facet normal -0.0272045 0.41502 0.909405
    outer loop
      vertex 3.5 4.15735 25.5722
      vertex 2.95736 4.12178 25.5722
      vertex 3.00933 3.72704 25.7539
    endloop
  endfacet
  facet normal -0.0886853 0.0301017 0.995605
    outer loop
      vertex 2.01514 0.615047 26.2571
      vertex 1.94757 0.415973 26.2571
      vertex 2.5988 0.373289 26.3164
    endloop
  endfacet
  facet normal -0.0886853 0.0301015 0.995605
    outer loop
      vertex 2.5988 0.373289 26.3164
      vertex 1.94757 0.415973 26.2571
      vertex 2.55779 0.252465 26.3164
    endloop
  endfacet
  facet normal -0.143469 0.00940387 0.98961
    outer loop
      vertex 1.30748 0.288651 26.1695
      vertex 1.28856 0 26.1695
      vertex 1.8928 0 26.2571
    endloop
  endfacet
  facet normal -0.143469 0.00940363 0.98961
    outer loop
      vertex 1.90655 0.209781 26.2571
      vertex 1.30748 0.288651 26.1695
      vertex 1.8928 0 26.2571
    endloop
  endfacet
  facet normal -0.0637669 0.187858 0.980124
    outer loop
      vertex 2.92764 2.13609 26.1695
      vertex 2.43696 2.5664 26.0551
      vertex 2.65372 2.04311 26.1695
    endloop
  endfacet
  facet normal -0.079878 0.119544 0.98961
    outer loop
      vertex 2.6964 1.39187 26.2571
      vertex 2.39428 1.91517 26.1695
      vertex 2.5216 1.27507 26.2571
    endloop
  endfacet
  facet normal -0.108097 0.0947969 0.98961
    outer loop
      vertex 1.93627 1.56373 26.1695
      vertex 1.74554 1.34624 26.1695
      vertex 2.22492 0.978399 26.2571
    endloop
  endfacet
  facet normal -0.0414254 0.0839956 0.995605
    outer loop
      vertex 2.88495 1.48486 26.2571
      vertex 2.6964 1.39187 26.2571
      vertex 3.01227 0.844766 26.3164
    endloop
  endfacet
  facet normal -0.128945 0.0635934 0.989611
    outer loop
      vertex 2.10813 0.803598 26.2571
      vertex 1.58483 1.10572 26.1695
      vertex 2.01514 0.615047 26.2571
    endloop
  endfacet
  facet normal -0.0778735 0.0520297 0.995605
    outer loop
      vertex 2.22492 0.978399 26.2571
      vertex 2.10813 0.803598 26.2571
      vertex 2.65523 0.487725 26.3164
    endloop
  endfacet
  facet normal -0.321436 -0.946931 0
    outer loop
      vertex 1.59068 -4.60951 24.6
      vertex 2.20868 -4.81929 24.7145
      vertex 1.59068 -4.60951 24.7145
    endloop
  endfacet
  facet normal -0.321436 -0.946931 -0
    outer loop
      vertex 2.20868 -4.81929 24.7145
      vertex 1.59068 -4.60951 24.6
      vertex 2.20868 -4.81929 24.6
    endloop
  endfacet
  facet normal -0.108094 -0.0947987 0.98961
    outer loop
      vertex 2.22492 -0.978399 26.2571
      vertex 1.93627 -1.56373 26.1695
      vertex 2.36354 -1.13646 26.2571
    endloop
  endfacet
  facet normal -0.0947953 -0.108097 0.98961
    outer loop
      vertex 2.36354 -1.13646 26.2571
      vertex 1.93627 -1.56373 26.1695
      vertex 2.5216 -1.27507 26.2571
    endloop
  endfacet
  facet normal -0.164951 -0.110217 0.980124
    outer loop
      vertex 1.58483 -1.10572 26.1695
      vertex 1.29618 -1.69105 26.0551
      vertex 1.74554 -1.34624 26.1695
    endloop
  endfacet
  facet normal -0.149155 -0.130803 0.980124
    outer loop
      vertex 1.74554 -1.34624 26.1695
      vertex 1.29618 -1.69105 26.0551
      vertex 1.93627 -1.56373 26.1695
    endloop
  endfacet
  facet normal -0.110217 -0.164951 0.980124
    outer loop
      vertex 2.15376 -1.75446 26.1695
      vertex 1.80895 -2.20382 26.0551
      vertex 2.39428 -1.91517 26.1695
    endloop
  endfacet
  facet normal -0.130803 -0.149155 0.980124
    outer loop
      vertex 1.93627 -1.56373 26.1695
      vertex 1.80895 -2.20382 26.0551
      vertex 2.15376 -1.75446 26.1695
    endloop
  endfacet
  facet normal -0.0301054 -0.0886851 0.995605
    outer loop
      vertex 3.12671 -0.901199 26.3164
      vertex 3.08403 -1.55243 26.2571
      vertex 3.24753 -0.942213 26.3164
    endloop
  endfacet
  facet normal -0.0182707 -0.091856 0.995605
    outer loop
      vertex 3.24753 -0.942213 26.3164
      vertex 3.08403 -1.55243 26.2571
      vertex 3.37268 -0.967106 26.3164
    endloop
  endfacet
  facet normal -0.0148398 -0.04371 0.998934
    outer loop
      vertex 3.37486 -0.302122 26.3463
      vertex 3.12671 -0.901199 26.3164
      vertex 3.41536 -0.315872 26.3463
    endloop
  endfacet
  facet normal -0.0304303 -0.0347093 0.998934
    outer loop
      vertex 3.26876 -0.231235 26.3463
      vertex 2.90618 -0.773877 26.3164
      vertex 3.30093 -0.259439 26.3463
    endloop
  endfacet
  facet normal -0.0414206 -0.0839966 0.995605
    outer loop
      vertex 3.01227 -0.844766 26.3164
      vertex 2.88495 -1.48486 26.2571
      vertex 3.12671 -0.901199 26.3164
    endloop
  endfacet
  facet normal -0.0256458 -0.0383806 0.998934
    outer loop
      vertex 3.30093 -0.259439 26.3463
      vertex 2.90618 -0.773877 26.3164
      vertex 3.01227 -0.844766 26.3164
    endloop
  endfacet
  facet normal -0.0520332 -0.0778711 0.995605
    outer loop
      vertex 2.90618 -0.773877 26.3164
      vertex 2.5216 -1.27507 26.2571
      vertex 3.01227 -0.844766 26.3164
    endloop
  endfacet
  facet normal 0.0148382 -0.0437107 0.998934
    outer loop
      vertex 3.87329 -0.901199 26.3164
      vertex 3.58464 -0.315872 26.3463
      vertex 3.75247 -0.942213 26.3164
    endloop
  endfacet
  facet normal 0.00900512 -0.0452737 0.998934
    outer loop
      vertex 3.58464 -0.315872 26.3463
      vertex 3.54268 -0.324218 26.3463
      vertex 3.75247 -0.942213 26.3164
    endloop
  endfacet
  facet normal 0.00940368 -0.143469 0.98961
    outer loop
      vertex 3.70978 -1.59345 26.2571
      vertex 3.5 -1.6072 26.2571
      vertex 3.78865 -2.19252 26.1695
    endloop
  endfacet
  facet normal 0.0280537 -0.141014 0.98961
    outer loop
      vertex 3.91597 -1.55243 26.2571
      vertex 3.70978 -1.59345 26.2571
      vertex 3.78865 -2.19252 26.1695
    endloop
  endfacet
  facet normal 0.0462139 -0.136147 0.98961
    outer loop
      vertex 4.11505 -1.48486 26.2571
      vertex 4.07236 -2.13609 26.1695
      vertex 4.34628 -2.04311 26.1695
    endloop
  endfacet
  facet normal 0.0462096 -0.136146 0.98961
    outer loop
      vertex 4.11505 -1.48486 26.2571
      vertex 3.91597 -1.55243 26.2571
      vertex 4.07236 -2.13609 26.1695
    endloop
  endfacet
  facet normal 0.114984 -0.233167 0.965615
    outer loop
      vertex 4.88893 -2.40569 26.0551
      vertex 4.56304 -2.5664 26.0551
      vertex 4.7616 -3.04578 25.9157
    endloop
  endfacet
  facet normal 0.110217 -0.164951 0.980124
    outer loop
      vertex 5.19105 -2.20382 26.0551
      vertex 4.60572 -1.91517 26.1695
      vertex 4.88893 -2.40569 26.0551
    endloop
  endfacet
  facet normal 0.052033 -0.0778713 0.995605
    outer loop
      vertex 4.4784 -1.27507 26.2571
      vertex 3.98773 -0.844766 26.3164
      vertex 4.3036 -1.39187 26.2571
    endloop
  endfacet
  facet normal 0.0635899 -0.128949 0.98961
    outer loop
      vertex 4.60572 -1.91517 26.1695
      vertex 4.11505 -1.48486 26.2571
      vertex 4.34628 -2.04311 26.1695
    endloop
  endfacet
  facet normal -0.0413997 -0.0204171 0.998934
    outer loop
      vertex 3.19788 -0.125143 26.3463
      vertex 2.5988 -0.373289 26.3164
      vertex 3.2168 -0.163507 26.3463
    endloop
  endfacet
  facet normal 0.0256458 -0.0383806 0.998934
    outer loop
      vertex 4.09382 -0.773877 26.3164
      vertex 3.69907 -0.259439 26.3463
      vertex 3.98773 -0.844766 26.3164
    endloop
  endfacet
  facet normal 0.0520332 -0.0778711 0.995605
    outer loop
      vertex 4.09382 -0.773877 26.3164
      vertex 3.98773 -0.844766 26.3164
      vertex 4.4784 -1.27507 26.2571
    endloop
  endfacet
  facet normal 0.0778714 -0.0520331 0.995605
    outer loop
      vertex 4.34477 -0.487725 26.3164
      vertex 4.27388 -0.593817 26.3164
      vertex 4.77507 -0.978399 26.2571
    endloop
  endfacet
  facet normal 0.0383808 -0.0256458 0.998934
    outer loop
      vertex 4.34477 -0.487725 26.3164
      vertex 3.75944 -0.199074 26.3463
      vertex 4.27388 -0.593817 26.3164
    endloop
  endfacet
  facet normal 0.128949 -0.0635901 0.98961
    outer loop
      vertex 5.54311 -0.846282 26.1695
      vertex 4.98486 -0.615047 26.2571
      vertex 5.41517 -1.10572 26.1695
    endloop
  endfacet
  facet normal 0.128945 -0.0635934 0.989611
    outer loop
      vertex 4.98486 -0.615047 26.2571
      vertex 4.89187 -0.803598 26.2571
      vertex 5.41517 -1.10572 26.1695
    endloop
  endfacet
  facet normal 0.0704149 -0.0617497 0.995605
    outer loop
      vertex 4.77507 -0.978399 26.2571
      vertex 4.18975 -0.689748 26.3164
      vertex 4.63646 -1.13646 26.2571
    endloop
  endfacet
  facet normal 0.0617498 -0.0704147 0.995605
    outer loop
      vertex 4.63646 -1.13646 26.2571
      vertex 4.18975 -0.689748 26.3164
      vertex 4.4784 -1.27507 26.2571
    endloop
  endfacet
  facet normal -0.0462096 -0.136146 0.98961
    outer loop
      vertex 3.08403 -1.55243 26.2571
      vertex 2.88495 -1.48486 26.2571
      vertex 2.92764 -2.13609 26.1695
    endloop
  endfacet
  facet normal -0.0637669 -0.187858 0.980124
    outer loop
      vertex 2.65372 -2.04311 26.1695
      vertex 2.43696 -2.5664 26.0551
      vertex 2.92764 -2.13609 26.1695
    endloop
  endfacet
  facet normal -0.0414254 -0.0839956 0.995605
    outer loop
      vertex 3.01227 -0.844766 26.3164
      vertex 2.6964 -1.39187 26.2571
      vertex 2.88495 -1.48486 26.2571
    endloop
  endfacet
  facet normal -0.052033 -0.0778713 0.995605
    outer loop
      vertex 3.01227 -0.844766 26.3164
      vertex 2.5216 -1.27507 26.2571
      vertex 2.6964 -1.39187 26.2571
    endloop
  endfacet
  facet normal -0.0216439 -0.330151 0.94368
    outer loop
      vertex 3.06969 -3.26852 25.9157
      vertex 3.00933 -3.72704 25.7539
      vertex 3.5 -3.29673 25.9157
    endloop
  endfacet
  facet normal -0.0216394 -0.330156 0.943678
    outer loop
      vertex 3.5 -3.29673 25.9157
      vertex 3.00933 -3.72704 25.7539
      vertex 3.5 -3.7592 25.7539
    endloop
  endfacet
  facet normal 0.0437106 0.014838 0.998934
    outer loop
      vertex 4.4012 0.373289 26.3164
      vertex 3.80212 0.125143 26.3463
      vertex 3.81587 0.0846376 26.3463
    endloop
  endfacet
  facet normal 0.0918551 0.0182737 0.995605
    outer loop
      vertex 5.05243 0.415973 26.2571
      vertex 4.46711 0.127321 26.3164
      vertex 5.09345 0.209781 26.2571
    endloop
  endfacet
  facet normal 0.143469 0.00940363 0.98961
    outer loop
      vertex 5.69252 0.288651 26.1695
      vertex 5.09345 0.209781 26.2571
      vertex 5.1072 0 26.2571
    endloop
  endfacet
  facet normal 0.141014 0.0280534 0.98961
    outer loop
      vertex 5.69252 0.288651 26.1695
      vertex 5.05243 0.415973 26.2571
      vertex 5.09345 0.209781 26.2571
    endloop
  endfacet
  facet normal 0.0462096 0.136146 0.98961
    outer loop
      vertex 4.07236 2.13609 26.1695
      vertex 3.91597 1.55243 26.2571
      vertex 4.11505 1.48486 26.2571
    endloop
  endfacet
  facet normal 0.0280475 0.141013 0.98961
    outer loop
      vertex 4.07236 2.13609 26.1695
      vertex 3.78865 2.19252 26.1695
      vertex 3.91597 1.55243 26.2571
    endloop
  endfacet
  facet normal 0.0414206 0.0839966 0.995605
    outer loop
      vertex 4.11505 1.48486 26.2571
      vertex 3.87329 0.901199 26.3164
      vertex 3.98773 0.844766 26.3164
    endloop
  endfacet
  facet normal 0.0256482 0.0383794 0.998934
    outer loop
      vertex 3.98773 0.844766 26.3164
      vertex 3.66351 0.283203 26.3463
      vertex 3.69907 0.259439 26.3463
    endloop
  endfacet
  facet normal 0.0617517 0.0704138 0.995605
    outer loop
      vertex 4.4784 1.27507 26.2571
      vertex 4.09382 0.773877 26.3164
      vertex 4.18975 0.689748 26.3164
    endloop
  endfacet
  facet normal 0.0520332 0.0778711 0.995605
    outer loop
      vertex 4.4784 1.27507 26.2571
      vertex 3.98773 0.844766 26.3164
      vertex 4.09382 0.773877 26.3164
    endloop
  endfacet
  facet normal 0.108097 0.094795 0.98961
    outer loop
      vertex 5.06373 1.56373 26.1695
      vertex 4.63646 1.13646 26.2571
      vertex 4.77507 0.978399 26.2571
    endloop
  endfacet
  facet normal 0.0947953 0.108097 0.98961
    outer loop
      vertex 5.06373 1.56373 26.1695
      vertex 4.4784 1.27507 26.2571
      vertex 4.63646 1.13646 26.2571
    endloop
  endfacet
  facet normal 0.114984 0.233167 0.965615
    outer loop
      vertex 4.7616 3.04578 25.9157
      vertex 4.56304 2.5664 26.0551
      vertex 4.88893 2.40569 26.0551
    endloop
  endfacet
  facet normal 0.0835672 0.24618 0.965615
    outer loop
      vertex 4.7616 3.04578 25.9157
      vertex 4.21896 2.6832 26.0551
      vertex 4.56304 2.5664 26.0551
    endloop
  endfacet
  facet normal -0.0339486 0.518017 0.854696
    outer loop
      vertex 3.5 4.48436 25.374
      vertex 2.91467 4.446 25.374
      vertex 2.95736 4.12178 25.5722
    endloop
  endfacet
  facet normal -0.101275 0.509153 0.854697
    outer loop
      vertex 2.91467 4.446 25.374
      vertex 2.424 4.01569 25.5722
      vertex 2.95736 4.12178 25.5722
    endloop
  endfacet
  facet normal -0.218155 0.24876 0.943677
    outer loop
      vertex 1.49308 2.61547 25.9157
      vertex 0.841845 2.65815 25.7539
      vertex 1.16886 2.33114 25.9157
    endloop
  endfacet
  facet normal -0.218155 0.248754 0.943679
    outer loop
      vertex 1.21154 2.98237 25.7539
      vertex 0.841845 2.65815 25.7539
      vertex 1.49308 2.61547 25.9157
    endloop
  endfacet
  facet normal -0.342293 0.390308 0.85469
    outer loop
      vertex 0.770092 3.55768 25.374
      vertex 0.56031 2.93969 25.5722
      vertex 0.969167 3.29825 25.5722
    endloop
  endfacet
  facet normal -0.274227 0.312695 0.909407
    outer loop
      vertex 0.969167 3.29825 25.5722
      vertex 0.56031 2.93969 25.5722
      vertex 1.21154 2.98237 25.7539
    endloop
  endfacet
  facet normal -0.144435 0.216162 0.965615
    outer loop
      vertex 1.85163 2.85505 25.9157
      vertex 1.80895 2.20382 26.0551
      vertex 2.11107 2.40569 26.0551
    endloop
  endfacet
  facet normal -0.144438 0.216162 0.965615
    outer loop
      vertex 1.85163 2.85505 25.9157
      vertex 1.49308 2.61547 25.9157
      vertex 1.80895 2.20382 26.0551
    endloop
  endfacet
  facet normal -0.300927 0.886513 0.351479
    outer loop
      vertex 2.20868 4.81929 24.7145
      vertex 1.59068 4.60951 24.7145
      vertex 1.62335 4.53064 24.9414
    endloop
  endfacet
  facet normal -0.321436 0.946931 0
    outer loop
      vertex 2.20868 4.81929 24.6
      vertex 1.59068 4.60951 24.7145
      vertex 2.20868 4.81929 24.7145
    endloop
  endfacet
  facet normal -0.321436 0.946931 0
    outer loop
      vertex 1.59068 4.60951 24.7145
      vertex 2.20868 4.81929 24.6
      vertex 1.59068 4.60951 24.6
    endloop
  endfacet
  facet normal 0.0437113 -0.0148365 0.998934
    outer loop
      vertex 4.44221 -0.252465 26.3164
      vertex 3.81587 -0.0846376 26.3463
      vertex 4.4012 -0.373289 26.3164
    endloop
  endfacet
  facet normal 0.0452724 -0.00901046 0.998934
    outer loop
      vertex 3.82422 -0.0426836 26.3463
      vertex 3.81587 -0.0846376 26.3463
      vertex 4.44221 -0.252465 26.3164
    endloop
  endfacet
  facet normal -0.00301905 0.0460618 0.998934
    outer loop
      vertex 3.5 0.975451 26.3164
      vertex 3.37268 0.967106 26.3164
      vertex 3.45732 0.324218 26.3463
    endloop
  endfacet
  facet normal 0.00301862 0.0460618 0.998934
    outer loop
      vertex 3.5 0.975451 26.3164
      vertex 3.5 0.327015 26.3463
      vertex 3.54268 0.324218 26.3463
    endloop
  endfacet
  facet normal -0.052033 0.0778713 0.995605
    outer loop
      vertex 2.6964 1.39187 26.2571
      vertex 2.5216 1.27507 26.2571
      vertex 3.01227 0.844766 26.3164
    endloop
  endfacet
  facet normal -0.0301008 0.0886854 0.995605
    outer loop
      vertex 3.08403 1.55243 26.2571
      vertex 2.88495 1.48486 26.2571
      vertex 3.12671 0.901199 26.3164
    endloop
  endfacet
  facet normal -0.0301054 0.0886851 0.995605
    outer loop
      vertex 3.24753 0.942213 26.3164
      vertex 3.08403 1.55243 26.2571
      vertex 3.12671 0.901199 26.3164
    endloop
  endfacet
  facet normal -0.0148382 0.0437107 0.998934
    outer loop
      vertex 3.24753 0.942213 26.3164
      vertex 3.12671 0.901199 26.3164
      vertex 3.41536 0.315872 26.3463
    endloop
  endfacet
  facet normal -0.0413997 0.0204171 0.998934
    outer loop
      vertex 3.2168 0.163507 26.3463
      vertex 2.5988 0.373289 26.3164
      vertex 3.19788 0.125143 26.3463
    endloop
  endfacet
  facet normal -0.083996 0.0414253 0.995605
    outer loop
      vertex 2.10813 0.803598 26.2571
      vertex 2.01514 0.615047 26.2571
      vertex 2.65523 0.487725 26.3164
    endloop
  endfacet
  facet normal -0.083997 0.0414201 0.995605
    outer loop
      vertex 2.65523 0.487725 26.3164
      vertex 2.01514 0.615047 26.2571
      vertex 2.5988 0.373289 26.3164
    endloop
  endfacet
  facet normal -0.0256482 0.0383794 0.998934
    outer loop
      vertex 3.33649 0.283203 26.3463
      vertex 3.01227 0.844766 26.3164
      vertex 3.30093 0.259439 26.3463
    endloop
  endfacet
  facet normal -0.0204155 0.0414005 0.998934
    outer loop
      vertex 3.12671 0.901199 26.3164
      vertex 3.01227 0.844766 26.3164
      vertex 3.33649 0.283203 26.3463
    endloop
  endfacet
  facet normal -0.0704125 0.061752 0.995605
    outer loop
      vertex 2.36354 1.13646 26.2571
      vertex 2.22492 0.978399 26.2571
      vertex 2.81025 0.689748 26.3164
    endloop
  endfacet
  facet normal -0.0617498 0.0704147 0.995605
    outer loop
      vertex 2.5216 1.27507 26.2571
      vertex 2.36354 1.13646 26.2571
      vertex 2.81025 0.689748 26.3164
    endloop
  endfacet
  facet normal -0.171415 -0.195462 0.965615
    outer loop
      vertex 1.53576 -1.96424 26.0551
      vertex 1.49308 -2.61547 25.9157
      vertex 1.80895 -2.20382 26.0551
    endloop
  endfacet
  facet normal -0.130804 -0.149154 0.980124
    outer loop
      vertex 1.93627 -1.56373 26.1695
      vertex 1.53576 -1.96424 26.0551
      vertex 1.80895 -2.20382 26.0551
    endloop
  endfacet
  facet normal 0.0204136 -0.0414012 0.998934
    outer loop
      vertex 3.66351 -0.283203 26.3463
      vertex 3.62514 -0.302122 26.3463
      vertex 3.87329 -0.901199 26.3164
    endloop
  endfacet
  facet normal 0.00900518 -0.0452737 0.998934
    outer loop
      vertex 3.75247 -0.942213 26.3164
      vertex 3.54268 -0.324218 26.3463
      vertex 3.62732 -0.967106 26.3164
    endloop
  endfacet
  facet normal 0.00301905 -0.0460618 0.998934
    outer loop
      vertex 3.54268 -0.324218 26.3463
      vertex 3.5 -0.975451 26.3164
      vertex 3.62732 -0.967106 26.3164
    endloop
  endfacet
  facet normal 0.0635937 -0.128945 0.989611
    outer loop
      vertex 4.3036 -1.39187 26.2571
      vertex 4.11505 -1.48486 26.2571
      vertex 4.60572 -1.91517 26.1695
    endloop
  endfacet
  facet normal 0.079878 -0.119544 0.98961
    outer loop
      vertex 4.4784 -1.27507 26.2571
      vertex 4.3036 -1.39187 26.2571
      vertex 4.60572 -1.91517 26.1695
    endloop
  endfacet
  facet normal -0.0462139 -0.136147 0.98961
    outer loop
      vertex 2.88495 -1.48486 26.2571
      vertex 2.65372 -2.04311 26.1695
      vertex 2.92764 -2.13609 26.1695
    endloop
  endfacet
  facet normal -0.0635899 -0.128949 0.98961
    outer loop
      vertex 2.88495 -1.48486 26.2571
      vertex 2.39428 -1.91517 26.1695
      vertex 2.65372 -2.04311 26.1695
    endloop
  endfacet
  facet normal 0.0918538 0.0182762 0.995605
    outer loop
      vertex 5.05243 0.415973 26.2571
      vertex 4.44221 0.252465 26.3164
      vertex 4.46711 0.127321 26.3164
    endloop
  endfacet
  facet normal 0.0886853 0.0301015 0.995605
    outer loop
      vertex 5.05243 0.415973 26.2571
      vertex 4.4012 0.373289 26.3164
      vertex 4.44221 0.252465 26.3164
    endloop
  endfacet
  facet normal 0.0301054 0.0886851 0.995605
    outer loop
      vertex 3.91597 1.55243 26.2571
      vertex 3.75247 0.942213 26.3164
      vertex 3.87329 0.901199 26.3164
    endloop
  endfacet
  facet normal 0.0301008 0.0886854 0.995605
    outer loop
      vertex 3.91597 1.55243 26.2571
      vertex 3.87329 0.901199 26.3164
      vertex 4.11505 1.48486 26.2571
    endloop
  endfacet
  facet normal 0.0204136 0.0414012 0.998934
    outer loop
      vertex 3.87329 0.901199 26.3164
      vertex 3.62514 0.302122 26.3463
      vertex 3.66351 0.283203 26.3463
    endloop
  endfacet
  facet normal 0.0148398 0.04371 0.998934
    outer loop
      vertex 3.87329 0.901199 26.3164
      vertex 3.58464 0.315872 26.3463
      vertex 3.62514 0.302122 26.3463
    endloop
  endfacet
  facet normal -0.31269 0.274229 0.909408
    outer loop
      vertex 0.56031 2.93969 25.5722
      vertex 0.517627 2.28846 25.7539
      vertex 0.841845 2.65815 25.7539
    endloop
  endfacet
  facet normal -0.312702 0.274229 0.909404
    outer loop
      vertex 0.56031 2.93969 25.5722
      vertex 0.201754 2.53083 25.5722
      vertex 0.517627 2.28846 25.7539
    endloop
  endfacet
  facet normal -0.108094 0.0947987 0.98961
    outer loop
      vertex 2.36354 1.13646 26.2571
      vertex 1.93627 1.56373 26.1695
      vertex 2.22492 0.978399 26.2571
    endloop
  endfacet
  facet normal -0.0947953 0.108097 0.98961
    outer loop
      vertex 2.5216 1.27507 26.2571
      vertex 1.93627 1.56373 26.1695
      vertex 2.36354 1.13646 26.2571
    endloop
  endfacet
  facet normal 0.00612529 0.0934539 0.995605
    outer loop
      vertex 3.70978 1.59345 26.2571
      vertex 3.5 0.975451 26.3164
      vertex 3.62732 0.967106 26.3164
    endloop
  endfacet
  facet normal 0.00301905 0.0460618 0.998934
    outer loop
      vertex 3.62732 0.967106 26.3164
      vertex 3.5 0.975451 26.3164
      vertex 3.54268 0.324218 26.3463
    endloop
  endfacet
  facet normal 0.00940368 0.143469 0.98961
    outer loop
      vertex 3.78865 2.19252 26.1695
      vertex 3.5 1.6072 26.2571
      vertex 3.70978 1.59345 26.2571
    endloop
  endfacet
  facet normal 0.00940391 0.143469 0.98961
    outer loop
      vertex 3.5 2.21144 26.1695
      vertex 3.5 1.6072 26.2571
      vertex 3.78865 2.19252 26.1695
    endloop
  endfacet
  facet normal -0.00301862 0.0460618 0.998934
    outer loop
      vertex 3.5 0.975451 26.3164
      vertex 3.45732 0.324218 26.3463
      vertex 3.5 0.327015 26.3463
    endloop
  endfacet
  facet normal -0.0148398 0.04371 0.998934
    outer loop
      vertex 3.41536 0.315872 26.3463
      vertex 3.12671 0.901199 26.3164
      vertex 3.37486 0.302122 26.3463
    endloop
  endfacet
  facet normal -0.00900518 0.0452737 0.998934
    outer loop
      vertex 3.37268 0.967106 26.3164
      vertex 3.24753 0.942213 26.3164
      vertex 3.45732 0.324218 26.3463
    endloop
  endfacet
  facet normal -0.0182707 0.091856 0.995605
    outer loop
      vertex 3.37268 0.967106 26.3164
      vertex 3.08403 1.55243 26.2571
      vertex 3.24753 0.942213 26.3164
    endloop
  endfacet
  facet normal -0.0347054 0.0304361 0.998934
    outer loop
      vertex 2.81025 0.689748 26.3164
      vertex 2.72612 0.593817 26.3164
      vertex 3.26876 0.231235 26.3463
    endloop
  endfacet
  facet normal -0.070413 0.0617511 0.995605
    outer loop
      vertex 2.81025 0.689748 26.3164
      vertex 2.22492 0.978399 26.2571
      vertex 2.72612 0.593817 26.3164
    endloop
  endfacet
  facet normal -0.0304361 0.0347054 0.998934
    outer loop
      vertex 2.90618 0.773877 26.3164
      vertex 2.81025 0.689748 26.3164
      vertex 3.26876 0.231235 26.3463
    endloop
  endfacet
  facet normal -0.0304303 0.0347093 0.998934
    outer loop
      vertex 3.30093 0.259439 26.3463
      vertex 2.90618 0.773877 26.3164
      vertex 3.26876 0.231235 26.3463
    endloop
  endfacet
  facet normal 0.00612529 -0.0934539 0.995605
    outer loop
      vertex 3.62732 -0.967106 26.3164
      vertex 3.5 -0.975451 26.3164
      vertex 3.70978 -1.59345 26.2571
    endloop
  endfacet
  facet normal 0.0182738 -0.0918545 0.995605
    outer loop
      vertex 3.91597 -1.55243 26.2571
      vertex 3.62732 -0.967106 26.3164
      vertex 3.70978 -1.59345 26.2571
    endloop
  endfacet
  facet normal 0.0437113 0.0148365 0.998934
    outer loop
      vertex 4.4012 0.373289 26.3164
      vertex 3.81587 0.0846376 26.3463
      vertex 4.44221 0.252465 26.3164
    endloop
  endfacet
  facet normal 0.0452724 0.00901046 0.998934
    outer loop
      vertex 4.44221 0.252465 26.3164
      vertex 3.81587 0.0846376 26.3463
      vertex 3.82422 0.0426836 26.3463
    endloop
  endfacet
  facet normal -0.0877425 0.177926 0.980124
    outer loop
      vertex 2.43696 2.5664 26.0551
      vertex 2.39428 1.91517 26.1695
      vertex 2.65372 2.04311 26.1695
    endloop
  endfacet
  facet normal -0.087743 0.177926 0.980124
    outer loop
      vertex 2.43696 2.5664 26.0551
      vertex 2.11107 2.40569 26.0551
      vertex 2.39428 1.91517 26.1695
    endloop
  endfacet
  facet normal -0.00940368 0.143469 0.98961
    outer loop
      vertex 3.5 1.6072 26.2571
      vertex 3.21135 2.19252 26.1695
      vertex 3.29022 1.59345 26.2571
    endloop
  endfacet
  facet normal -0.0280537 0.141014 0.98961
    outer loop
      vertex 3.21135 2.19252 26.1695
      vertex 3.08403 1.55243 26.2571
      vertex 3.29022 1.59345 26.2571
    endloop
  endfacet
  facet normal -0.130803 0.149155 0.980124
    outer loop
      vertex 2.15376 1.75446 26.1695
      vertex 1.80895 2.20382 26.0551
      vertex 1.93627 1.56373 26.1695
    endloop
  endfacet
  facet normal -0.0947959 0.108096 0.989611
    outer loop
      vertex 2.15376 1.75446 26.1695
      vertex 1.93627 1.56373 26.1695
      vertex 2.5216 1.27507 26.2571
    endloop
  endfacet
  facet normal -1 0 0
    outer loop
      vertex -15.75 -4.47 1
      vertex -15.75 -3.82 3
      vertex -15.75 -3.82 1
    endloop
  endfacet
  facet normal -1 -0 0
    outer loop
      vertex -15.75 -3.82 3
      vertex -15.75 -4.47 1
      vertex -15.75 -4.47 3
    endloop
  endfacet
  facet normal -1 0 0
    outer loop
      vertex -15.75 -4.47 7.1
      vertex -15.75 -3.82 9
      vertex -15.75 -3.82 7.1
    endloop
  endfacet
  facet normal -1 -0 0
    outer loop
      vertex -15.75 -3.82 9
      vertex -15.75 -4.47 7.1
      vertex -15.75 -4.47 9
    endloop
  endfacet
  facet normal -0 0 1
    outer loop
      vertex -15.75 -3.82 9
      vertex -15.1 -4.47 9
      vertex -15.1 -3.82 9
    endloop
  endfacet
  facet normal 0 0 1
    outer loop
      vertex -15.1 -4.47 9
      vertex -15.75 -3.82 9
      vertex -15.75 -4.47 9
    endloop
  endfacet
  facet normal 1 -0 0
    outer loop
      vertex -15.1 -4.47 9
      vertex -15.1 -3.82 7.1
      vertex -15.1 -3.82 9
    endloop
  endfacet
  facet normal 1 0 0
    outer loop
      vertex -15.1 -3.82 7.1
      vertex -15.1 -4.47 9
      vertex -15.1 -4.47 7.1
    endloop
  endfacet
  facet normal 1 -0 0
    outer loop
      vertex -15.1 -4.47 3
      vertex -15.1 -3.82 1
      vertex -15.1 -3.82 3
    endloop
  endfacet
  facet normal 1 0 0
    outer loop
      vertex -15.1 -3.82 1
      vertex -15.1 -4.47 3
      vertex -15.1 -4.47 1
    endloop
  endfacet
  facet normal 0 1 -0
    outer loop
      vertex -15.1 -3.82 1
      vertex -15.75 -3.82 3
      vertex -15.1 -3.82 3
    endloop
  endfacet
  facet normal 0 1 0
    outer loop
      vertex -15.75 -3.82 3
      vertex -15.1 -3.82 1
      vertex -15.75 -3.82 1
    endloop
  endfacet
  facet normal 0 1 -0
    outer loop
      vertex -15.1 -3.82 7.1
      vertex -15.75 -3.82 9
      vertex -15.1 -3.82 9
    endloop
  endfacet
  facet normal 0 1 0
    outer loop
      vertex -15.75 -3.82 9
      vertex -15.1 -3.82 7.1
      vertex -15.75 -3.82 7.1
    endloop
  endfacet
  facet normal 0 0 -1
    outer loop
      vertex -15.75 -4.47 1
      vertex -15.1 -3.82 1
      vertex -15.1 -4.47 1
    endloop
  endfacet
  facet normal -0 0 -1
    outer loop
      vertex -15.1 -3.82 1
      vertex -15.75 -4.47 1
      vertex -15.75 -3.82 1
    endloop
  endfacet
  facet normal 0 -1 0
    outer loop
      vertex -15.75 -4.47 7.1
      vertex -15.1 -4.47 9
      vertex -15.75 -4.47 9
    endloop
  endfacet
  facet normal 0 -1 -0
    outer loop
      vertex -15.1 -4.47 9
      vertex -15.75 -4.47 7.1
      vertex -15.1 -4.47 7.1
    endloop
  endfacet
  facet normal 0 -1 0
    outer loop
      vertex -15.75 -4.47 1
      vertex -15.1 -4.47 3
      vertex -15.75 -4.47 3
    endloop
  endfacet
  facet normal 0 -1 -0
    outer loop
      vertex -15.1 -4.47 3
      vertex -15.75 -4.47 1
      vertex -15.1 -4.47 1
    endloop
  endfacet
  facet normal -1 0 0
    outer loop
      vertex -15.75 -1.93 1
      vertex -15.75 -1.28 3
      vertex -15.75 -1.28 1
    endloop
  endfacet
  facet normal -1 -0 0
    outer loop
      vertex -15.75 -1.28 3
      vertex -15.75 -1.93 1
      vertex -15.75 -1.93 3
    endloop
  endfacet
  facet normal -1 0 0
    outer loop
      vertex -15.75 -1.93 7.1
      vertex -15.75 -1.28 9
      vertex -15.75 -1.28 7.1
    endloop
  endfacet
  facet normal -1 -0 0
    outer loop
      vertex -15.75 -1.28 9
      vertex -15.75 -1.93 7.1
      vertex -15.75 -1.93 9
    endloop
  endfacet
  facet normal -0 0 1
    outer loop
      vertex -15.75 -1.28 9
      vertex -15.1 -1.93 9
      vertex -15.1 -1.28 9
    endloop
  endfacet
  facet normal 0 0 1
    outer loop
      vertex -15.1 -1.93 9
      vertex -15.75 -1.28 9
      vertex -15.75 -1.93 9
    endloop
  endfacet
  facet normal 1 -0 0
    outer loop
      vertex -15.1 -1.93 9
      vertex -15.1 -1.28 7.1
      vertex -15.1 -1.28 9
    endloop
  endfacet
  facet normal 1 0 0
    outer loop
      vertex -15.1 -1.28 7.1
      vertex -15.1 -1.93 9
      vertex -15.1 -1.93 7.1
    endloop
  endfacet
  facet normal 1 -0 0
    outer loop
      vertex -15.1 -1.93 3
      vertex -15.1 -1.28 1
      vertex -15.1 -1.28 3
    endloop
  endfacet
  facet normal 1 0 0
    outer loop
      vertex -15.1 -1.28 1
      vertex -15.1 -1.93 3
      vertex -15.1 -1.93 1
    endloop
  endfacet
  facet normal 0 0 -1
    outer loop
      vertex -15.75 -1.93 1
      vertex -15.1 -1.28 1
      vertex -15.1 -1.93 1
    endloop
  endfacet
  facet normal -0 0 -1
    outer loop
      vertex -15.1 -1.28 1
      vertex -15.75 -1.93 1
      vertex -15.75 -1.28 1
    endloop
  endfacet
  facet normal 0 -1 0
    outer loop
      vertex -15.75 -1.93 7.1
      vertex -15.1 -1.93 9
      vertex -15.75 -1.93 9
    endloop
  endfacet
  facet normal 0 -1 -0
    outer loop
      vertex -15.1 -1.93 9
      vertex -15.75 -1.93 7.1
      vertex -15.1 -1.93 7.1
    endloop
  endfacet
  facet normal 0 -1 0
    outer loop
      vertex -15.75 -1.93 1
      vertex -15.1 -1.93 3
      vertex -15.75 -1.93 3
    endloop
  endfacet
  facet normal 0 -1 -0
    outer loop
      vertex -15.1 -1.93 3
      vertex -15.75 -1.93 1
      vertex -15.1 -1.93 1
    endloop
  endfacet
  facet normal 0 1 -0
    outer loop
      vertex -15.1 -1.28 1
      vertex -15.75 -1.28 3
      vertex -15.1 -1.28 3
    endloop
  endfacet
  facet normal 0 1 0
    outer loop
      vertex -15.75 -1.28 3
      vertex -15.1 -1.28 1
      vertex -15.75 -1.28 1
    endloop
  endfacet
  facet normal 0 1 -0
    outer loop
      vertex -15.1 -1.28 7.1
      vertex -15.75 -1.28 9
      vertex -15.1 -1.28 9
    endloop
  endfacet
  facet normal 0 1 0
    outer loop
      vertex -15.75 -1.28 9
      vertex -15.1 -1.28 7.1
      vertex -15.75 -1.28 7.1
    endloop
  endfacet
  facet normal -1 0 0
    outer loop
      vertex -15.75 0.61 1
      vertex -15.75 1.26 3
      vertex -15.75 1.26 1
    endloop
  endfacet
  facet normal -1 -0 0
    outer loop
      vertex -15.75 1.26 3
      vertex -15.75 0.61 1
      vertex -15.75 0.61 3
    endloop
  endfacet
  facet normal -1 0 0
    outer loop
      vertex -15.75 0.61 7.1
      vertex -15.75 1.26 9
      vertex -15.75 1.26 7.1
    endloop
  endfacet
  facet normal -1 -0 0
    outer loop
      vertex -15.75 1.26 9
      vertex -15.75 0.61 7.1
      vertex -15.75 0.61 9
    endloop
  endfacet
  facet normal -0 0 1
    outer loop
      vertex -15.75 1.26 9
      vertex -15.1 0.61 9
      vertex -15.1 1.26 9
    endloop
  endfacet
  facet normal 0 0 1
    outer loop
      vertex -15.1 0.61 9
      vertex -15.75 1.26 9
      vertex -15.75 0.61 9
    endloop
  endfacet
  facet normal 1 -0 0
    outer loop
      vertex -15.1 0.61 9
      vertex -15.1 1.26 7.1
      vertex -15.1 1.26 9
    endloop
  endfacet
  facet normal 1 0 0
    outer loop
      vertex -15.1 1.26 7.1
      vertex -15.1 0.61 9
      vertex -15.1 0.61 7.1
    endloop
  endfacet
  facet normal 1 -0 0
    outer loop
      vertex -15.1 0.61 3
      vertex -15.1 1.26 1
      vertex -15.1 1.26 3
    endloop
  endfacet
  facet normal 1 0 0
    outer loop
      vertex -15.1 1.26 1
      vertex -15.1 0.61 3
      vertex -15.1 0.61 1
    endloop
  endfacet
  facet normal 0 0 -1
    outer loop
      vertex -15.75 0.61 1
      vertex -15.1 1.26 1
      vertex -15.1 0.61 1
    endloop
  endfacet
  facet normal -0 0 -1
    outer loop
      vertex -15.1 1.26 1
      vertex -15.75 0.61 1
      vertex -15.75 1.26 1
    endloop
  endfacet
  facet normal 0 -1 0
    outer loop
      vertex -15.75 0.61 7.1
      vertex -15.1 0.61 9
      vertex -15.75 0.61 9
    endloop
  endfacet
  facet normal 0 -1 -0
    outer loop
      vertex -15.1 0.61 9
      vertex -15.75 0.61 7.1
      vertex -15.1 0.61 7.1
    endloop
  endfacet
  facet normal 0 -1 0
    outer loop
      vertex -15.75 0.61 1
      vertex -15.1 0.61 3
      vertex -15.75 0.61 3
    endloop
  endfacet
  facet normal 0 -1 -0
    outer loop
      vertex -15.1 0.61 3
      vertex -15.75 0.61 1
      vertex -15.1 0.61 1
    endloop
  endfacet
  facet normal 0 1 -0
    outer loop
      vertex -15.1 1.26 1
      vertex -15.75 1.26 3
      vertex -15.1 1.26 3
    endloop
  endfacet
  facet normal 0 1 0
    outer loop
      vertex -15.75 1.26 3
      vertex -15.1 1.26 1
      vertex -15.75 1.26 1
    endloop
  endfacet
  facet normal 0 1 -0
    outer loop
      vertex -15.1 1.26 7.1
      vertex -15.75 1.26 9
      vertex -15.1 1.26 9
    endloop
  endfacet
  facet normal 0 1 0
    outer loop
      vertex -15.75 1.26 9
      vertex -15.1 1.26 7.1
      vertex -15.75 1.26 7.1
    endloop
  endfacet
  facet normal -1 0 0
    outer loop
      vertex -15.75 3.15 1
      vertex -15.75 3.8 3
      vertex -15.75 3.8 1
    endloop
  endfacet
  facet normal -1 -0 0
    outer loop
      vertex -15.75 3.8 3
      vertex -15.75 3.15 1
      vertex -15.75 3.15 3
    endloop
  endfacet
  facet normal -1 0 0
    outer loop
      vertex -15.75 3.15 7.1
      vertex -15.75 3.8 9
      vertex -15.75 3.8 7.1
    endloop
  endfacet
  facet normal -1 -0 0
    outer loop
      vertex -15.75 3.8 9
      vertex -15.75 3.15 7.1
      vertex -15.75 3.15 9
    endloop
  endfacet
  facet normal -0 0 1
    outer loop
      vertex -15.75 3.8 9
      vertex -15.1 3.15 9
      vertex -15.1 3.8 9
    endloop
  endfacet
  facet normal 0 0 1
    outer loop
      vertex -15.1 3.15 9
      vertex -15.75 3.8 9
      vertex -15.75 3.15 9
    endloop
  endfacet
  facet normal 1 -0 0
    outer loop
      vertex -15.1 3.15 9
      vertex -15.1 3.8 7.1
      vertex -15.1 3.8 9
    endloop
  endfacet
  facet normal 1 0 0
    outer loop
      vertex -15.1 3.8 7.1
      vertex -15.1 3.15 9
      vertex -15.1 3.15 7.1
    endloop
  endfacet
  facet normal 1 -0 0
    outer loop
      vertex -15.1 3.15 3
      vertex -15.1 3.8 1
      vertex -15.1 3.8 3
    endloop
  endfacet
  facet normal 1 0 0
    outer loop
      vertex -15.1 3.8 1
      vertex -15.1 3.15 3
      vertex -15.1 3.15 1
    endloop
  endfacet
  facet normal 0 0 -1
    outer loop
      vertex -15.75 3.15 1
      vertex -15.1 3.8 1
      vertex -15.1 3.15 1
    endloop
  endfacet
  facet normal -0 0 -1
    outer loop
      vertex -15.1 3.8 1
      vertex -15.75 3.15 1
      vertex -15.75 3.8 1
    endloop
  endfacet
  facet normal 0 -1 0
    outer loop
      vertex -15.75 3.15 7.1
      vertex -15.1 3.15 9
      vertex -15.75 3.15 9
    endloop
  endfacet
  facet normal 0 -1 -0
    outer loop
      vertex -15.1 3.15 9
      vertex -15.75 3.15 7.1
      vertex -15.1 3.15 7.1
    endloop
  endfacet
  facet normal 0 -1 0
    outer loop
      vertex -15.75 3.15 1
      vertex -15.1 3.15 3
      vertex -15.75 3.15 3
    endloop
  endfacet
  facet normal 0 -1 -0
    outer loop
      vertex -15.1 3.15 3
      vertex -15.75 3.15 1
      vertex -15.1 3.15 1
    endloop
  endfacet
  facet normal 0 1 -0
    outer loop
      vertex -15.1 3.8 1
      vertex -15.75 3.8 3
      vertex -15.1 3.8 3
    endloop
  endfacet
  facet normal 0 1 0
    outer loop
      vertex -15.75 3.8 3
      vertex -15.1 3.8 1
      vertex -15.75 3.8 1
    endloop
  endfacet
  facet normal 0 1 -0
    outer loop
      vertex -15.1 3.8 7.1
      vertex -15.75 3.8 9
      vertex -15.1 3.8 9
    endloop
  endfacet
  facet normal 0 1 0
    outer loop
      vertex -15.75 3.8 9
      vertex -15.1 3.8 7.1
      vertex -15.75 3.8 7.1
    endloop
  endfacet
  facet normal -1 0 0
    outer loop
      vertex -15.75 5.69 1
      vertex -15.75 6.34 3
      vertex -15.75 6.34 1
    endloop
  endfacet
  facet normal -1 -0 0
    outer loop
      vertex -15.75 6.34 3
      vertex -15.75 5.69 1
      vertex -15.75 5.69 3
    endloop
  endfacet
  facet normal -1 0 0
    outer loop
      vertex -15.75 5.69 7.1
      vertex -15.75 6.34 9
      vertex -15.75 6.34 7.1
    endloop
  endfacet
  facet normal -1 -0 0
    outer loop
      vertex -15.75 6.34 9
      vertex -15.75 5.69 7.1
      vertex -15.75 5.69 9
    endloop
  endfacet
  facet normal -0 0 1
    outer loop
      vertex -15.75 6.34 9
      vertex -15.1 5.69 9
      vertex -15.1 6.34 9
    endloop
  endfacet
  facet normal 0 0 1
    outer loop
      vertex -15.1 5.69 9
      vertex -15.75 6.34 9
      vertex -15.75 5.69 9
    endloop
  endfacet
  facet normal 1 -0 0
    outer loop
      vertex -15.1 5.69 9
      vertex -15.1 6.34 7.1
      vertex -15.1 6.34 9
    endloop
  endfacet
  facet normal 1 0 0
    outer loop
      vertex -15.1 6.34 7.1
      vertex -15.1 5.69 9
      vertex -15.1 5.69 7.1
    endloop
  endfacet
  facet normal 1 -0 0
    outer loop
      vertex -15.1 5.69 3
      vertex -15.1 6.34 1
      vertex -15.1 6.34 3
    endloop
  endfacet
  facet normal 1 0 0
    outer loop
      vertex -15.1 6.34 1
      vertex -15.1 5.69 3
      vertex -15.1 5.69 1
    endloop
  endfacet
  facet normal 0 1 -0
    outer loop
      vertex -15.1 6.34 1
      vertex -15.75 6.34 3
      vertex -15.1 6.34 3
    endloop
  endfacet
  facet normal 0 1 0
    outer loop
      vertex -15.75 6.34 3
      vertex -15.1 6.34 1
      vertex -15.75 6.34 1
    endloop
  endfacet
  facet normal 0 1 -0
    outer loop
      vertex -15.1 6.34 7.1
      vertex -15.75 6.34 9
      vertex -15.1 6.34 9
    endloop
  endfacet
  facet normal 0 1 0
    outer loop
      vertex -15.75 6.34 9
      vertex -15.1 6.34 7.1
      vertex -15.75 6.34 7.1
    endloop
  endfacet
  facet normal 0 0 -1
    outer loop
      vertex -15.75 5.69 1
      vertex -15.1 6.34 1
      vertex -15.1 5.69 1
    endloop
  endfacet
  facet normal -0 0 -1
    outer loop
      vertex -15.1 6.34 1
      vertex -15.75 5.69 1
      vertex -15.75 6.34 1
    endloop
  endfacet
  facet normal 0 -1 0
    outer loop
      vertex -15.75 5.69 7.1
      vertex -15.1 5.69 9
      vertex -15.75 5.69 9
    endloop
  endfacet
  facet normal 0 -1 -0
    outer loop
      vertex -15.1 5.69 9
      vertex -15.75 5.69 7.1
      vertex -15.1 5.69 7.1
    endloop
  endfacet
  facet normal 0 -1 0
    outer loop
      vertex -15.75 5.69 1
      vertex -15.1 5.69 3
      vertex -15.75 5.69 3
    endloop
  endfacet
  facet normal 0 -1 -0
    outer loop
      vertex -15.1 5.69 3
      vertex -15.75 5.69 1
      vertex -15.1 5.69 1
    endloop
  endfacet
  facet normal -0 0 1
    outer loop
      vertex -15.75 -1.93 7.1
      vertex -15.1 -3.82 7.1
      vertex -15.1 -1.93 7.1
    endloop
  endfacet
  facet normal 0 0 1
    outer loop
      vertex -15.1 -3.82 7.1
      vertex -15.75 -1.93 7.1
      vertex -15.75 -3.82 7.1
    endloop
  endfacet
  facet normal -0 0 1
    outer loop
      vertex -15.75 0.61 7.1
      vertex -15.1 -1.28 7.1
      vertex -15.1 0.61 7.1
    endloop
  endfacet
  facet normal 0 0 1
    outer loop
      vertex -15.1 -1.28 7.1
      vertex -15.75 0.61 7.1
      vertex -15.75 -1.28 7.1
    endloop
  endfacet
  facet normal -0 0 1
    outer loop
      vertex -15.75 3.15 7.1
      vertex -15.1 1.26 7.1
      vertex -15.1 3.15 7.1
    endloop
  endfacet
  facet normal 0 0 1
    outer loop
      vertex -15.1 1.26 7.1
      vertex -15.75 3.15 7.1
      vertex -15.75 1.26 7.1
    endloop
  endfacet
  facet normal -0 0 1
    outer loop
      vertex -15.75 5.69 7.1
      vertex -15.1 3.8 7.1
      vertex -15.1 5.69 7.1
    endloop
  endfacet
  facet normal 0 0 1
    outer loop
      vertex -15.1 3.8 7.1
      vertex -15.75 5.69 7.1
      vertex -15.75 3.8 7.1
    endloop
  endfacet
  facet normal 0 0 1
    outer loop
      vertex -15.1 5.69 7.1
      vertex -14.5 6.75 7.1
      vertex -15.1 6.34 7.1
    endloop
  endfacet
  facet normal 0 0 1
    outer loop
      vertex -14.5 6.75 7.1
      vertex -15.75 6.34 7.1
      vertex -15.1 6.34 7.1
    endloop
  endfacet
  facet normal 0 0 1
    outer loop
      vertex -17 6.75 7.1
      vertex -15.75 5.69 7.1
      vertex -15.75 6.34 7.1
    endloop
  endfacet
  facet normal 0 0 1
    outer loop
      vertex -15.75 5.69 7.1
      vertex -17 6.75 7.1
      vertex -15.75 3.8 7.1
    endloop
  endfacet
  facet normal 0 0 1
    outer loop
      vertex -15.75 3.8 7.1
      vertex -17 6.75 7.1
      vertex -15.75 3.15 7.1
    endloop
  endfacet
  facet normal 0 0 1
    outer loop
      vertex -15.75 3.15 7.1
      vertex -17 6.75 7.1
      vertex -15.75 1.26 7.1
    endloop
  endfacet
  facet normal 0 0 1
    outer loop
      vertex -15.75 1.26 7.1
      vertex -17 6.75 7.1
      vertex -15.75 0.61 7.1
    endloop
  endfacet
  facet normal 0 0 1
    outer loop
      vertex -17 -5.75 7.1
      vertex -15.75 0.61 7.1
      vertex -17 6.75 7.1
    endloop
  endfacet
  facet normal 0 0 1
    outer loop
      vertex -15.75 0.61 7.1
      vertex -17 -5.75 7.1
      vertex -15.75 -1.28 7.1
    endloop
  endfacet
  facet normal 0 0 1
    outer loop
      vertex -15.75 -1.28 7.1
      vertex -17 -5.75 7.1
      vertex -15.75 -1.93 7.1
    endloop
  endfacet
  facet normal 0 0 1
    outer loop
      vertex -15.75 -1.93 7.1
      vertex -17 -5.75 7.1
      vertex -15.75 -3.82 7.1
    endloop
  endfacet
  facet normal -0 0 1
    outer loop
      vertex -17 6.75 7.1
      vertex -15.75 6.34 7.1
      vertex -14.5 6.75 7.1
    endloop
  endfacet
  facet normal 0 0 1
    outer loop
      vertex -15.1 3.8 7.1
      vertex -14.5 6.75 7.1
      vertex -15.1 5.69 7.1
    endloop
  endfacet
  facet normal 0 0 1
    outer loop
      vertex -15.1 3.15 7.1
      vertex -14.5 6.75 7.1
      vertex -15.1 3.8 7.1
    endloop
  endfacet
  facet normal 0 0 1
    outer loop
      vertex -15.1 1.26 7.1
      vertex -14.5 6.75 7.1
      vertex -15.1 3.15 7.1
    endloop
  endfacet
  facet normal 0 0 1
    outer loop
      vertex -15.1 0.61 7.1
      vertex -14.5 6.75 7.1
      vertex -15.1 1.26 7.1
    endloop
  endfacet
  facet normal 0 0 1
    outer loop
      vertex -14.5 6.75 7.1
      vertex -15.1 0.61 7.1
      vertex -14.5 -5.75 7.1
    endloop
  endfacet
  facet normal -0 0 1
    outer loop
      vertex -15.1 -1.28 7.1
      vertex -14.5 -5.75 7.1
      vertex -15.1 0.61 7.1
    endloop
  endfacet
  facet normal -0 0 1
    outer loop
      vertex -15.1 -1.93 7.1
      vertex -14.5 -5.75 7.1
      vertex -15.1 -1.28 7.1
    endloop
  endfacet
  facet normal -0 0 1
    outer loop
      vertex -15.1 -3.82 7.1
      vertex -14.5 -5.75 7.1
      vertex -15.1 -1.93 7.1
    endloop
  endfacet
  facet normal -0 0 1
    outer loop
      vertex -15.1 -4.47 7.1
      vertex -14.5 -5.75 7.1
      vertex -15.1 -3.82 7.1
    endloop
  endfacet
  facet normal -0 0 1
    outer loop
      vertex -15.75 -4.47 7.1
      vertex -14.5 -5.75 7.1
      vertex -15.1 -4.47 7.1
    endloop
  endfacet
  facet normal 0 0 1
    outer loop
      vertex -15.75 -4.47 7.1
      vertex -17 -5.75 7.1
      vertex -14.5 -5.75 7.1
    endloop
  endfacet
  facet normal 0 0 1
    outer loop
      vertex -15.75 -3.82 7.1
      vertex -17 -5.75 7.1
      vertex -15.75 -4.47 7.1
    endloop
  endfacet
  facet normal 1 -0 0
    outer loop
      vertex -14.5 -5.75 7.1
      vertex -14.5 6.75 4.6
      vertex -14.5 6.75 7.1
    endloop
  endfacet
  facet normal 1 0 0
    outer loop
      vertex -14.5 6.75 4.6
      vertex -14.5 -5.75 7.1
      vertex -14.5 -5.75 4.6
    endloop
  endfacet
  facet normal 0 1 -0
    outer loop
      vertex -14.5 6.75 4.6
      vertex -17 6.75 7.1
      vertex -14.5 6.75 7.1
    endloop
  endfacet
  facet normal 0 1 0
    outer loop
      vertex -17 6.75 7.1
      vertex -14.5 6.75 4.6
      vertex -17 6.75 4.6
    endloop
  endfacet
  facet normal 0 -1 0
    outer loop
      vertex -17 -5.75 4.6
      vertex -14.5 -5.75 7.1
      vertex -17 -5.75 7.1
    endloop
  endfacet
  facet normal 0 -1 -0
    outer loop
      vertex -14.5 -5.75 7.1
      vertex -17 -5.75 4.6
      vertex -14.5 -5.75 4.6
    endloop
  endfacet
endsolid OpenSCAD_Model
